20,98,236,4003,2,-7,1,0,0,0,226
40,97,235,4003,2,-6,5,0,0,0,227
60,92,234,4002,-2,-6,4,0,0,0,226
80,94,233,3998,-2,-9,3,0,0,0,226
100,96,234,3997,-4,-9,1,0,0,0,226
120,94,234,4002,-1,-7,4,0,0,0,227
140,92,237,4003,0,-8,2,0,0,0,226
160,94,236,4003,-1,-7,3,0,0,0,227
180,96,232,4003,-2,-6,2,0,0,0,226
200,97,233,3999,-2,-6,3,0,0,0,227
220,99,234,4005,-4,-10,3,0,0,0,227
240,93,235,4001,-3,-6,3,0,0,0,227
260,99,234,4000,-2,-8,3,0,0,0,226
280,96,238,3997,-2,-9,3,0,0,0,227
300,96,234,3996,-5,-7,3,0,0,0,227
320,96,233,3997,-1,-7,2,0,0,0,226
340,95,235,4000,-3,-6,1,0,0,0,226
360,100,232,3999,0,-8,3,0,0,0,226
380,97,237,4004,-2,-6,3,0,0,0,226
400,97,234,4000,-1,-9,3,0,0,0,226
420,95,234,4001,-2,-5,1,0,0,0,227
440,97,232,3998,0,-7,4,0,0,0,227
460,99,236,3998,-4,-7,1,0,0,0,226
480,96,235,4003,-1,-7,2,0,0,0,227
500,96,233,4004,-1,-10,2,0,0,0,227
520,94,233,3999,-3,-7,4,0,0,0,227
540,95,234,4002,-2,-7,5,0,0,0,227
560,98,233,3997,-2,-7,1,0,0,0,227
580,102,236,4005,0,-7,4,0,0,0,227
600,98,234,3996,-2,-7,2,0,0,0,227
620,98,235,3998,0,-5,4,0,0,0,227
640,97,236,4001,-2,-10,1,0,0,0,226
660,98,233,4004,-3,-7,3,0,0,0,227
680,94,235,4000,-4,-8,1,0,0,0,227
700,94,235,4000,-3,-5,1,0,0,0,227
720,98,234,4003,1,-7,1,0,0,0,226
740,97,236,4004,-2,-9,1,0,0,0,226
760,100,232,4000,-4,-6,0,0,0,0,226
780,97,233,4005,-1,-5,2,0,0,0,226
800,97,240,3999,-6,-6,2,0,0,0,227
820,97,237,4001,-1,-7,2,0,0,0,226
840,93,235,4003,-1,-7,3,0,0,0,227
860,95,231,4003,-4,-8,3,0,0,0,227
880,97,233,4007,-3,-6,2,0,0,0,227
900,95,233,4002,0,-7,3,0,0,0,227
920,95,235,4003,-2,-7,2,0,0,0,226
940,93,236,4000,0,-8,1,0,0,0,226
960,93,238,4001,-4,-8,6,0,0,0,226
980,94,235,4000,1,-6,0,0,0,0,227
1000,93,234,4004,1,-8,2,0,0,0,226
1020,96,231,4001,-2,-8,3,0,0,0,227
1040,97,238,4000,-1,-9,2,0,0,0,227
1060,96,233,3998,-1,-6,1,0,0,0,226
1080,96,233,3998,-3,-6,1,0,0,0,227
1100,97,234,4000,-1,-6,-1,0,0,0,227
1120,92,233,3995,-5,-3,4,0,0,0,227
1140,99,236,4000,-3,-7,2,0,0,0,226
1160,95,235,4001,-4,-5,1,0,0,0,226
1180,98,236,4003,-1,-5,2,0,0,0,227
1200,97,233,4001,-2,-8,2,0,0,0,226
1220,102,229,4000,-2,-8,3,0,0,0,227
1240,83,239,3989,1,-5,2,0,0,0,226
1260,100,236,4001,-1,-7,2,0,0,0,227
1280,96,235,3997,-4,-8,1,0,0,0,227
1300,95,231,4002,-2,-9,2,0,0,0,226
1320,95,233,4000,0,-8,3,0,0,0,227
1340,100,233,4001,-3,-10,2,0,0,0,226
1360,99,233,4000,-1,-6,3,0,0,0,226
1380,98,231,3998,0,-6,5,0,0,0,226
1400,96,235,4000,0,-9,1,0,0,0,227
1420,92,237,4004,3,-7,2,0,0,0,227
1440,99,234,4004,0,-7,3,0,0,0,227
1460,95,235,3997,-3,-3,1,0,0,0,226
1480,97,234,3998,0,-6,1,0,0,0,227
1500,98,233,4001,0,-7,2,0,0,0,226
1520,97,234,4002,-2,-8,0,0,0,0,227
1540,96,234,4002,0,-7,3,0,0,0,227
1560,98,235,4007,-2,-8,0,0,0,0,227
1580,96,235,4002,-3,-4,1,0,0,0,227
1600,98,236,3995,-3,-9,5,0,0,0,226
1620,100,235,4003,-3,-7,3,0,0,0,227
1640,96,230,4003,1,-5,3,0,0,0,227
1660,99,230,4001,-3,-7,2,0,0,0,227
1680,93,236,4000,-1,-8,4,0,0,0,227
1700,102,233,4004,0,-5,1,0,0,0,227
1720,97,234,3999,1,-6,3,0,0,0,226
1740,97,232,3999,1,-6,2,0,0,0,226
1760,94,232,3998,-2,-9,5,0,0,0,227
1780,96,232,3998,-1,-7,4,0,0,0,226
1800,97,235,4000,-1,-7,2,0,0,0,227
1820,95,235,3999,-2,-7,3,0,0,0,227
1840,93,238,4003,0,-6,4,0,0,0,226
1860,99,238,3997,-2,-7,3,0,0,0,227
1880,98,237,3998,-2,-5,2,0,0,0,227
1900,93,235,4004,-2,-8,3,0,0,0,227
1920,94,233,4002,-2,-9,1,0,0,0,227
1940,98,233,4003,-6,-7,6,0,0,0,226
1960,94,237,4006,-2,-7,2,0,0,0,227
1980,97,235,4004,-4,-5,2,0,0,0,227
2000,96,231,3996,-1,-9,2,0,0,0,226
2020,97,236,4004,-1,-7,2,0,0,0,227
2040,96,236,4001,-2,-7,3,0,0,0,227
2060,99,232,3998,-2,-6,2,0,0,0,227
2080,97,238,3999,-1,-9,0,0,0,0,226
2100,98,231,3998,2,-6,3,0,0,0,227
2120,100,233,3998,-3,-10,2,0,0,0,227
2140,95,235,4006,1,-5,5,0,0,0,227
2160,94,234,3999,-3,-7,3,0,0,0,227
2180,96,234,4001,-2,-10,3,0,0,0,227
2200,98,232,3998,-3,-7,0,0,0,0,227
2220,97,232,4000,-1,-7,0,0,0,0,227
2240,93,233,4006,-3,-5,3,0,0,0,227
2260,98,234,3998,-1,-9,1,0,0,0,227
2280,96,229,4004,-1,-8,2,0,0,0,227
2300,94,235,3999,-3,-6,0,0,0,0,227
2320,95,233,4001,-1,-9,3,0,0,0,227
2340,99,235,4003,-2,-7,2,0,0,0,227
2360,98,232,3999,-2,-10,3,0,0,0,227
2380,99,233,4005,-3,-6,1,0,0,0,227
2400,92,236,3999,0,-5,3,0,0,0,227
2420,94,231,3998,-1,-8,4,0,0,0,227
2440,96,236,4000,-4,-5,2,0,0,0,226
2460,95,235,4001,0,-4,3,0,0,0,227
2480,93,234,3998,-1,-11,2,0,0,0,227
2500,96,236,4000,-4,-5,1,0,0,0,227
2520,95,233,4002,-1,-8,0,0,0,0,227
2540,96,233,4004,1,-6,2,0,0,0,227
2560,97,238,4001,-4,-8,5,0,0,0,227
2580,96,236,4000,-2,-6,3,0,0,0,227
2600,98,231,4000,0,-7,2,0,0,0,227
2620,101,234,4001,-4,-5,4,0,0,0,227
2640,94,236,4000,-1,-10,2,0,0,0,227
2660,99,233,4001,-3,-9,2,0,0,0,227
2680,99,233,4003,0,-7,3,0,0,0,227
2700,100,233,4003,-2,-8,1,0,0,0,227
2720,95,235,4001,0,-6,3,0,0,0,227
2740,99,237,3996,-3,-6,5,0,0,0,227
2760,100,235,3998,-2,-6,1,0,0,0,227
2780,98,234,4003,-1,-9,4,0,0,0,227
2800,94,234,4005,1,-8,4,0,0,0,227
2820,96,236,4003,0,-8,3,0,0,0,227
2840,96,235,4001,-4,-7,3,0,0,0,227
2860,98,235,3998,-2,-6,1,0,0,0,227
2880,97,238,3997,-1,-5,2,0,0,0,226
2900,100,233,3998,-3,-12,1,0,0,0,226
2920,97,234,4004,-2,-8,4,0,0,0,227
2940,101,238,4003,0,-7,1,0,0,0,227
2960,97,233,3999,0,-8,2,0,0,0,227
2980,95,232,4004,0,-9,3,0,0,0,227
3000,94,231,4007,-2,-6,2,0,0,0,227
3020,96,234,4001,-1,-8,3,0,0,0,227
3040,93,233,4001,-4,-6,4,0,0,0,227
3060,96,229,3999,0,-7,2,0,0,0,227
3080,96,235,3997,-2,-8,3,0,0,0,226
3100,96,230,3997,-1,-6,1,0,0,0,226
3120,96,233,4006,0,-8,4,0,0,0,227
3140,98,234,3998,-1,-6,2,0,0,0,227
3160,102,233,4000,-1,-7,3,0,0,0,227
3180,93,236,4000,1,-7,2,0,0,0,227
3200,97,231,3998,-4,-9,3,0,0,0,227
3220,98,231,4002,-3,-8,3,0,0,0,227
3240,98,233,4003,0,-8,3,0,0,0,227
3260,98,233,3999,1,-6,2,0,0,0,227
3280,98,234,4000,0,-7,3,0,0,0,227
3300,97,235,4005,-2,-7,3,0,0,0,227
3320,97,236,4000,-5,-10,2,0,0,0,227
3340,102,227,4003,-2,-6,5,0,0,0,227
3360,115,212,4011,9,0,1,0,0,0,227
3380,90,221,4010,30,26,0,0,0,0,227
3400,139,179,4034,43,31,-1,0,0,0,227
3420,39,289,3972,83,67,-4,0,1,1,227
3440,58,278,3984,0,-6,1,0,2,2,227
3460,53,279,3983,-31,-31,7,0,2,2,227
3480,69,266,3985,-66,-62,9,0,1,1,227
3500,68,260,3992,-85,-79,8,0,0,0,226
3520,23,302,3957,3,0,2,0,0,0,227
3540,27,328,3969,-40,-41,4,0,0,0,227
3560,89,252,4000,8,-3,4,0,0,0,227
3580,97,230,3999,2,-6,2,0,0,0,227
3600,96,232,4001,0,-7,4,0,0,0,227
3620,99,231,4002,-3,-6,0,0,0,0,227
3640,102,232,4001,-5,-5,3,0,0,0,227
3660,95,234,4004,-2,-8,2,0,0,0,227
3680,92,235,3997,2,-10,3,0,0,0,226
3700,98,234,4005,-3,-6,4,0,0,0,227
3720,96,237,4000,0,-5,2,0,0,0,227
3740,96,236,4000,1,-8,3,0,0,0,227
3760,98,231,4003,-3,-8,0,0,0,0,227
3780,98,232,4002,1,-8,2,0,0,0,227
3800,97,236,3999,-2,-8,3,0,0,0,227
3820,96,236,4001,-2,-7,0,0,0,0,227
3840,97,231,3998,-1,-8,5,0,0,0,227
3860,96,233,4002,-1,-9,5,0,0,0,227
3880,94,237,4006,1,-6,0,0,0,0,227
3900,94,236,3999,0,-6,2,0,0,0,227
3920,96,233,4002,1,-8,2,0,0,0,227
3940,76,246,4003,-4,-8,2,0,0,0,227
3960,91,244,4003,-4,-5,2,0,0,0,227
3980,95,237,4003,2,-8,4,0,0,0,227
4000,99,237,3999,-2,-5,1,0,0,0,227
4020,100,231,4004,-2,-6,5,0,0,0,227
4040,96,235,4004,-2,-6,0,0,0,0,227
4060,95,236,4001,1,-9,3,0,0,0,227
4080,95,232,4001,-1,-7,3,0,0,0,227
4100,91,235,4000,-2,-8,3,0,0,0,227
4120,97,237,3996,-1,-7,2,0,0,0,227
4140,97,229,3997,1,-6,2,0,0,0,227
4160,101,237,4003,-1,-8,2,0,0,0,227
4180,96,239,4000,1,-8,-1,0,0,0,227
4200,95,236,4000,-4,-7,-1,0,0,0,227
4220,95,232,4002,-2,-5,4,0,0,0,227
4240,96,234,4003,1,-5,-1,0,0,0,227
4260,93,238,4000,-2,-9,5,0,0,0,227
4280,96,236,4002,-1,-7,3,0,0,0,227
4300,106,217,4007,3,-8,3,0,0,0,226
4320,95,236,3997,-3,-8,3,0,0,0,227
4340,90,240,4006,0,-6,2,0,0,0,226
4360,95,239,3999,-3,-8,3,0,0,0,227
4380,96,223,4007,1,-8,2,0,0,0,227
4400,103,216,4002,6,-2,2,0,0,0,227
4420,94,234,4003,1,-4,1,0,0,0,227
4440,96,222,4008,6,-4,4,0,0,0,227
4460,113,229,4007,5,-5,1,0,0,0,227
4480,117,224,4003,1,-7,2,0,0,0,227
4500,140,220,4002,-3,-7,2,0,0,0,227
4520,129,190,4010,1,5,94,0,0,0,227
4540,-339,315,4044,-23,50,844,9,0,0,227
4560,84,354,4035,-49,-13,521,18,0,0,227
4580,15,381,3926,-39,-38,4,20,0,0,227
4600,125,205,4026,76,58,-4,20,1,0,227
4620,117,213,4018,43,25,0,20,1,1,227
4640,-129,386,3887,-189,-165,14,20,0,0,227
4660,-122,76,4043,11,-1,-32,19,1,0,227
4680,58,287,4160,0,-66,38,19,0,0,227
4700,-138,388,4540,-39,-656,147,20,-4,0,227
4720,5,-36,3875,-15,-708,287,22,-14,0,226
4740,-244,604,3758,3,-555,524,28,-22,0,227
4760,190,398,4261,-37,-1094,786,38,-35,-1,227
4780,1476,360,4205,678,-714,444,45,-48,3,227
4800,758,365,3380,29,-648,195,49,-58,7,227
4820,485,275,3691,-677,-631,-20,49,-67,2,227
4840,621,-38,3956,-1441,-742,23,48,-77,-14,227
4860,939,-160,4186,-1671,-894,44,48,-89,-36,227
4880,1054,-708,4076,-2498,-936,58,49,-101,-68,227
4900,1137,-85,4226,-2551,-936,114,51,-115,-102,227
4920,702,-496,4298,-3173,-1329,422,56,-130,-145,227
4940,641,-1002,4025,-2859,-1441,782,69,-147,-190,227
4960,1408,-1331,3826,-2582,-1461,1137,90,-161,-234,227
4980,1689,-1555,3400,-2514,-1655,675,109,-178,-275,227
5000,2082,-1766,3167,-2472,-1730,311,126,-198,-316,227
5020,1077,-1831,2935,-1852,-1645,-27,138,-219,-349,227
5040,618,-1715,2116,-1939,-1472,555,154,-234,-382,227
5060,532,-2190,2286,-2135,-1414,1329,179,-242,-422,227
5080,1830,-2639,2250,-2093,-1447,1504,211,-243,-465,227
5100,2677,-2902,2840,-1717,-1707,488,237,-250,-503,227
5120,2614,-2881,2769,-1317,-1980,167,261,-266,-535,227
5140,1943,-2905,2006,-1147,-1843,40,285,-282,-561,227
5160,1466,-3456,1867,-1560,-1593,49,306,-296,-592,227
5180,1343,-3206,1900,-1636,-1300,455,328,-304,-625,227
5200,1972,-3142,1983,-1546,-1197,983,351,-302,-660,228
5220,3340,-3433,1559,-1341,-1490,811,376,-299,-691,227
5240,3218,-3304,1341,-1485,-1719,174,403,-303,-725,227
5260,1465,-2607,872,-1342,-1564,417,429,-308,-758,227
5280,1485,-2911,562,-1332,-1261,974,454,-303,-790,227
5300,2109,-3374,723,-1227,-1396,1252,479,-291,-820,227
5320,2163,-3824,397,-1112,-1431,1035,504,-279,-849,227
5340,1785,-3837,57,-1237,-1120,756,526,-270,-876,227
5360,1618,-3395,-49,-1276,-802,841,541,-260,-901,227
5380,1696,-3282,206,-623,-571,670,551,-251,-918,227
5400,2079,-3874,-55,-352,-752,456,561,-244,-928,227
5420,2016,-4724,-210,-845,-936,-60,574,-242,-942,227
5440,1153,-3378,-62,-858,-798,-186,588,-245,-960,227
5460,1494,-3447,271,5,-497,71,597,-244,-969,227
5480,1892,-4175,-562,-502,-464,51,605,-243,-977,227
5500,1665,-4093,-128,-550,-519,-46,612,-243,-987,226
5520,1706,-3615,-90,-523,-720,41,622,-242,-999,227
5540,1676,-3296,-864,-437,-549,-49,632,-242,-1009,227
5560,1311,-3180,-1574,-691,-237,100,637,-241,-1019,227
5580,1279,-3116,-904,-764,-87,214,638,-238,-1031,227
5600,1806,-3897,333,-679,-148,221,640,-235,-1042,227
5620,2190,-3723,-305,-567,-637,-8,646,-234,-1051,227
5640,2132,-2946,-1149,622,-843,-10,658,-231,-1054,227
5660,968,-3058,-1632,644,-184,72,665,-229,-1047,227
5680,1435,-4050,-1869,177,354,187,662,-227,-1040,227
5700,1536,-4102,-850,-380,287,126,656,-226,-1041,227
5720,2165,-3863,-74,-155,-416,92,657,-224,-1046,227
5740,1766,-4179,-624,-31,-156,-294,662,-226,-1048,227
5760,1042,-3922,-1316,-226,-42,-358,664,-231,-1051,227
5780,1357,-2825,-1367,-481,-223,-157,667,-234,-1057,227
5800,2266,-3484,-1199,-696,-456,94,673,-233,-1068,227
5820,2004,-3945,-1278,-1128,-562,-79,682,-232,-1085,227
5840,1550,-4084,-896,-1161,-371,-66,689,-232,-1103,227
5860,1316,-3831,-1476,-1340,-381,100,694,-230,-1122,227
5880,1609,-3578,-1865,-1609,-642,214,701,-226,-1147,227
5900,1596,-3076,-1826,-1467,-777,346,709,-219,-1173,227
5920,1184,-2998,-1956,-1385,-969,67,721,-211,-1196,227
5940,1069,-2824,-2256,-1975,-1192,218,735,-202,-1226,227
5960,1540,-3158,-2742,-2640,-1160,152,749,-192,-1265,227
5980,2008,-4252,-2336,-2783,-1025,-120,762,-184,-1309,227
6000,1516,-4123,-1969,-2000,-814,-214,776,-180,-1346,227
6020,1275,-3314,-2519,-1077,-995,225,786,-169,-1367,227
6040,1422,-2368,-3260,-1638,-646,-82,794,-162,-1389,227
6060,1253,-2347,-3140,-2100,-507,-138,801,-158,-1418,227
6080,1055,-2603,-2685,-2138,-597,-325,810,-155,-1450,227
6100,1100,-2932,-2783,-1556,-709,-185,819,-150,-1478,227
6120,864,-2366,-3050,-1216,-828,24,826,-142,-1497,227
6140,925,-2362,-3633,-1152,-719,123,831,-132,-1514,227
6160,1047,-2157,-4021,-1621,-508,-73,836,-125,-1536,227
6180,635,-2096,-3526,-1937,-689,-199,842,-120,-1563,227
6200,1051,-1862,-3206,-1469,-1319,-18,851,-106,-1588,227
6220,754,-1610,-3708,-1115,-1089,-35,858,-92,-1606,227
6240,674,-1337,-3842,-1227,-929,-139,865,-80,-1623,227
6260,479,-1542,-3772,-1375,-936,-311,873,-69,-1643,227
6280,429,-1454,-4103,-1231,-1003,-284,882,-58,-1662,227
6300,291,-938,-4164,-880,-716,-177,889,-47,-1676,227
6320,147,-856,-3981,-815,-235,-280,894,-43,-1688,227
6340,163,-954,-3888,-987,-130,-321,899,-42,-1702,227
6360,533,-922,-3671,-778,-109,-510,905,-42,-1715,227
6380,-99,-468,-4022,-418,-140,-382,912,-41,-1723,227
6400,68,-433,-4532,-537,-98,-173,916,-40,-1730,227
6420,130,-749,-4247,-710,27,-255,919,-40,-1740,227
6440,258,-765,-3923,-662,-149,-378,924,-40,-1749,227
6460,90,-532,-3967,-597,-305,-372,931,-37,-1758,227
6480,401,-1178,-3889,384,-195,-33,933,-34,-1759,227
6500,204,-507,-4288,165,118,-151,935,-35,-1755,227
6520,26,-733,-4008,99,72,-51,936,-36,-1754,227
6540,474,-402,-5273,-50,-130,-78,936,-34,-1751,227
6560,225,-781,-4178,13,-137,31,936,-32,-1751,227
6580,115,-896,-4243,-201,-56,-151,938,-31,-1752,227
6600,139,-547,-4114,-164,10,-144,940,-31,-1755,227
6620,29,-498,-3856,-101,-54,-91,942,-31,-1757,227
6640,-214,-556,-3593,67,-313,53,942,-28,-1757,227
6660,-154,-686,-3501,221,-385,203,941,-22,-1754,227
6680,142,-510,-4136,181,-444,242,938,-16,-1750,227
6700,-168,-472,-4120,-57,-753,368,935,-7,-1751,227
6720,127,-545,-4297,-160,-779,170,933,4,-1752,227
6740,-119,-829,-4180,-225,-568,22,934,13,-1755,227
6760,-63,-651,-4282,-206,-545,52,934,20,-1758,227
6780,-449,-376,-4163,-253,-591,122,934,27,-1761,227
6800,-251,-687,-4366,-193,-509,220,932,36,-1764,227
6820,-97,-584,-4197,-201,-297,138,931,41,-1767,227
6840,-476,-428,-3965,38,-37,182,929,43,-1768,227
6860,-372,-446,-4215,45,77,60,927,42,-1767,227
6880,-369,-449,-4286,-33,274,-41,927,39,-1767,227
6900,-422,-531,-4093,-14,383,-49,927,34,-1768,227
6920,-371,-533,-4049,-2,342,20,927,29,-1768,227
6940,-308,-545,-3921,102,352,92,925,24,-1767,227
6960,-348,-409,-4292,7,128,175,923,22,-1766,227
6980,-301,-370,-4296,-137,451,149,921,17,-1769,227
7000,-46,-534,-4337,-184,430,-22,919,11,-1771,227
7020,-116,-472,-4129,-121,390,-63,919,5,-1772,227
7040,-68,-418,-4127,-102,233,-35,920,1,-1774,227
7060,17,-471,-4113,-121,89,-6,920,-1,-1775,227
7080,-20,-443,-4201,-160,126,21,919,-2,-1777,227
7100,-78,-400,-4123,-119,45,52,919,-3,-1779,227
7120,-280,-501,-3980,9,-29,134,918,-3,-1780,227
7140,-59,-359,-4194,-21,-83,146,916,-2,-1780,227
7160,-98,-390,-4152,-184,-146,162,914,0,-1782,227
7180,-161,-271,-4116,-216,-114,158,912,0,-1785,227
7200,139,-406,-4201,-189,-42,59,910,1,-1788,227
7220,-32,-373,-4160,-125,-46,-10,911,2,-1790,227
7240,-58,-166,-4220,-281,-44,-49,911,2,-1793,227
7260,-137,-314,-3927,-210,-44,3,912,3,-1797,227
7280,-192,-382,-4078,-35,-85,20,911,3,-1798,227
7300,-196,-502,-4202,11,-47,47,911,4,-1798,227
7320,-128,-287,-4177,18,-26,16,911,4,-1797,227
7340,-72,-292,-4171,6,-20,9,911,5,-1797,227
7360,-102,-286,-4148,27,-12,-40,911,5,-1797,227
7380,-125,-271,-4188,20,-10,-47,912,5,-1796,227
7400,-109,-308,-4153,50,-1,-25,912,4,-1796,227
7420,-149,-287,-4164,37,16,-33,913,4,-1795,227
7440,-121,-259,-4145,7,-31,-5,913,4,-1795,227
7460,-99,-318,-4091,44,-116,17,913,5,-1794,227
7480,-124,-331,-4211,31,-123,2,913,7,-1793,227
7500,-226,-299,-4201,12,-89,-4,913,8,-1793,227
7520,-171,-297,-4160,27,-66,30,913,9,-1793,227
7540,-176,-286,-4168,38,-60,58,912,10,-1792,227
7560,-154,-225,-4169,40,-99,10,912,11,-1792,227
7580,-170,-433,-4151,22,-55,36,912,12,-1792,227
7600,-140,-402,-4164,48,-7,-9,911,12,-1791,227
7620,-198,-305,-4159,75,21,-12,911,12,-1790,227
7640,-199,-295,-4116,74,-26,6,912,12,-1789,227
7660,-179,-349,-4139,68,-55,17,911,13,-1788,227
7680,-120,-429,-4192,69,-41,5,911,13,-1787,227
7700,-162,-383,-4154,30,-27,2,911,14,-1786,228
7720,-160,-385,-4165,33,-8,-8,911,14,-1786,227
7740,-179,-352,-4139,61,-34,3,911,14,-1785,227
7760,-220,-355,-4171,38,-45,25,911,14,-1784,227
7780,-178,-412,-4158,1,-16,27,911,15,-1784,227
7800,-197,-382,-4160,-6,-25,15,911,15,-1784,227
7820,-202,-380,-4160,-11,-20,14,910,15,-1784,227
7840,-201,-379,-4183,-22,1,1,910,15,-1784,227
7860,-212,-358,-4148,-11,10,7,910,15,-1784,227
7880,-185,-379,-4148,-9,-23,1,910,15,-1784,227
7900,-198,-374,-4152,-26,-19,-6,910,15,-1785,227
7920,-198,-379,-4159,-37,-38,-7,911,15,-1785,227
7940,-197,-372,-4162,-59,-36,-8,911,16,-1786,227
7960,-258,-332,-4180,-62,-27,-3,911,16,-1787,227
7980,-193,-357,-4154,-64,-25,1,911,16,-1787,226
8000,-216,-342,-4159,-52,-40,6,911,16,-1788,227
8020,-224,-338,-4154,-41,-20,-3,911,17,-1789,227
8040,-240,-318,-4094,-2,-81,15,911,17,-1789,227
8060,-211,-336,-4155,18,-28,6,911,18,-1789,227
8080,-212,-333,-4143,39,-34,-1,911,18,-1788,227
8100,-238,-346,-4164,40,-31,-2,911,18,-1788,227
8120,-240,-354,-4167,20,-12,2,911,19,-1787,227
8140,-227,-344,-4150,16,-14,18,911,19,-1787,227
8160,-235,-358,-4158,10,-22,16,911,19,-1787,227
8180,-234,-358,-4161,11,8,3,911,19,-1787,227
8200,-222,-368,-4158,-3,11,-7,911,18,-1786,227
8220,-254,-354,-4182,-23,47,-9,911,18,-1787,227
8240,-220,-347,-4142,-23,66,-9,911,17,-1787,227
8260,-211,-336,-4147,-5,53,3,911,16,-1787,227
8280,-211,-351,-4151,7,34,3,911,15,-1787,226
8300,-198,-350,-4149,11,26,-1,911,15,-1787,227
8320,-194,-351,-4146,9,18,-7,911,14,-1787,227
8340,-207,-338,-4152,27,22,7,911,14,-1786,227
8360,-187,-337,-4146,36,-1,15,911,14,-1786,227
8380,-186,-392,-4165,14,-3,0,911,14,-1785,227
8400,-191,-378,-4155,-2,14,-13,911,13,-1785,227
8420,-194,-366,-4156,-16,12,-15,911,13,-1785,227
8440,-194,-347,-4146,1,8,-11,911,13,-1785,227
8460,-192,-355,-4158,8,18,-13,911,12,-1785,227
8480,-188,-364,-4161,-3,25,-11,911,12,-1785,227
8500,-176,-356,-4152,-10,19,-4,912,12,-1785,227
8520,-182,-354,-4147,1,10,7,912,11,-1785,227
8540,-176,-357,-4158,5,20,2,911,11,-1785,227
8560,-186,-363,-4165,-4,31,0,912,11,-1785,227
8580,-158,-359,-4138,0,18,0,912,10,-1785,227
8600,-180,-352,-4152,13,13,5,912,10,-1785,227
8620,-158,-357,-4144,39,10,-4,912,10,-1785,227
8640,-177,-368,-4171,24,19,-14,912,9,-1784,227
8660,-136,-296,-4172,-9,0,-9,912,9,-1784,227
8680,-160,-398,-4144,8,-12,21,912,9,-1784,227
8700,-173,-405,-4161,0,-9,19,911,9,-1784,227
8720,-168,-376,-4160,-9,-2,0,911,9,-1784,227
8740,-172,-364,-4156,-12,17,4,911,9,-1784,227
8760,-151,-363,-4146,-28,4,12,911,9,-1784,227
8780,-165,-365,-4161,-44,-12,12,911,9,-1785,227
8800,-161,-364,-4153,-52,-6,1,911,9,-1786,227
8820,-158,-349,-4151,-47,-11,-6,911,9,-1786,227
8840,-162,-341,-4153,-25,-8,-9,911,9,-1787,227
8860,-157,-336,-4144,3,4,2,912,8,-1787,227
8880,-149,-346,-4154,11,4,0,912,8,-1786,227
8900,-155,-347,-4154,23,-14,-8,912,8,-1786,226
8920,-166,-343,-4153,25,-9,0,912,8,-1786,227
8940,-174,-327,-4168,9,-13,5,912,8,-1786,227
8960,-155,-378,-4156,6,-7,3,912,8,-1785,227
8980,-159,-358,-4150,2,2,5,912,8,-1785,227
9000,-162,-342,-4146,6,3,21,911,8,-1785,227
9020,-147,-366,-4153,13,-9,17,911,8,-1785,227
9040,-161,-357,-4158,13,-11,14,911,8,-1785,227
9060,-159,-365,-4157,4,-1,10,911,8,-1785,227
9080,-154,-359,-4152,11,-9,8,911,8,-1785,226
9100,-155,-361,-4154,16,-14,8,911,8,-1784,227
9120,-154,-367,-4154,7,-18,18,911,8,-1784,227
9140,-166,-367,-4160,18,-11,9,910,8,-1784,227
9160,-173,-372,-4181,14,11,5,910,8,-1784,227
9180,-160,-377,-4163,-1,31,-3,910,8,-1784,227
9200,-150,-369,-4162,-8,22,-6,910,7,-1784,227
9220,-143,-368,-4159,-9,26,-19,911,7,-1784,227
9240,-135,-379,-4160,-17,38,-38,911,6,-1784,227
9260,-144,-368,-4149,-6,32,-30,911,5,-1784,227
9280,-122,-343,-4114,-59,11,-8,912,5,-1784,226
9300,-32,-604,-4630,-74,223,-166,912,4,-1785,227
9320,83,-314,-3945,-33,52,-13,913,1,-1786,227
9340,-152,-397,-4249,-9,29,2,913,1,-1786,227
9360,-78,-307,-4096,-5,4,26,913,1,-1786,227
9380,-112,-366,-4189,10,11,24,912,1,-1786,227
9400,-107,-354,-4144,15,11,1,912,0,-1786,227
9420,-93,-354,-4148,11,-3,-1,912,0,-1786,227
9440,-100,-359,-4164,4,-10,0,912,0,-1785,227
9460,-102,-352,-4166,2,-1,-6,912,0,-1785,227
9480,-115,-369,-4175,-13,14,-24,913,0,-1785,227
9500,-92,-352,-4156,-20,26,-18,913,0,-1786,227
9520,-88,-350,-4154,-37,12,-8,913,0,-1786,226
9540,-81,-349,-4141,-36,3,-10,913,0,-1787,227
9560,-70,-334,-4135,-23,-9,-20,913,0,-1787,227
9580,-96,-328,-4151,-15,-3,-9,914,-1,-1787,227
9600,-95,-336,-4163,-1,-1,-5,914,-1,-1787,227
9620,-102,-333,-4163,9,18,1,914,-1,-1787,227
9640,-81,-346,-4149,5,22,-5,914,-1,-1787,227
9660,-88,-352,-4174,-4,13,-6,914,-2,-1787,227
9680,-69,-336,-4143,-7,8,3,914,-2,-1787,227
9700,-79,-341,-4159,-4,1,5,914,-2,-1787,227
9720,-78,-342,-4157,-5,-6,5,914,-2,-1787,227
9740,-88,-345,-4170,-6,6,8,914,-2,-1787,227
9760,-70,-343,-4151,-4,-1,5,914,-2,-1787,227
9780,-83,-330,-4161,3,3,1,914,-2,-1787,227
9800,-83,-339,-4166,5,15,2,914,-3,-1787,227
9820,-75,-336,-4150,8,6,0,914,-3,-1787,227
9840,-76,-339,-4157,10,0,7,914,-3,-1787,227
9860,-71,-344,-4153,10,-3,9,914,-3,-1787,227
9880,-72,-352,-4154,1,-17,12,913,-3,-1787,227
9900,-68,-354,-4155,-4,-22,3,913,-3,-1787,227
9920,-73,-345,-4145,-12,-33,1,913,-3,-1787,227
9940,-92,-335,-4153,-12,-30,5,913,-2,-1787,227
9960,-92,-335,-4170,-5,-8,-1,913,-2,-1787,226
9980,-77,-346,-4161,-1,3,-11,914,-2,-1787,227
10000,-86,-339,-4162,-2,9,-15,914,-2,-1787,227
10020,-67,-335,-4145,-1,13,-11,914,-3,-1787,227
10040,-68,-344,-4152,-5,3,-9,914,-3,-1787,227
10060,-71,-350,-4156,-10,0,-13,914,-3,-1787,227
10080,-75,-338,-4151,-18,-2,-9,914,-3,-1787,227
10100,-72,-344,-4151,-7,-13,-7,915,-3,-1787,227
10120,-62,-330,-4139,2,-20,2,915,-3,-1787,227
10140,-78,-343,-4170,5,-20,4,915,-3,-1787,227
10160,-72,-339,-4160,6,-15,1,915,-3,-1787,227
10180,-77,-330,-4153,4,-25,-6,915,-3,-1787,227
10200,-78,-332,-4152,13,-16,7,915,-2,-1787,227
10220,-81,-346,-4156,15,-19,11,915,-2,-1787,227
10240,-80,-351,-4162,1,-23,10,914,-2,-1786,227
10260,-89,-334,-4155,-2,-19,13,914,-2,-1786,227
10280,-80,-340,-4160,5,-12,16,914,-2,-1786,227
10300,-73,-354,-4158,-5,-21,7,914,-2,-1786,227
10320,-86,-352,-4160,-7,-27,-7,914,-1,-1786,227
10340,-118,-330,-4164,9,3,-2,914,-1,-1786,227
10360,-91,-341,-4160,1,-8,-6,914,-1,-1786,227
10380,-103,-345,-4176,-5,8,-1,914,-1,-1786,227
10400,-83,-332,-4141,-5,4,11,914,-2,-1786,227
10420,-76,-344,-4150,-7,-19,12,914,-2,-1786,227
10440,-84,-330,-4130,-6,-44,16,914,-1,-1787,227
10460,-91,-351,-4178,-5,-47,20,914,-1,-1787,227
10480,-102,-340,-4160,-3,-36,13,914,0,-1787,227
10500,-103,-344,-4166,-2,-17,12,914,0,-1787,227
10520,-99,-340,-4159,0,-2,6,914,0,-1787,227
10540,-94,-336,-4161,1,-3,6,913,0,-1787,227
10560,-94,-344,-4158,1,7,0,913,0,-1786,227
10580,-104,-343,-4168,1,18,-2,914,0,-1786,227
10600,-86,-336,-4147,5,-5,8,913,-1,-1786,227
10620,-94,-325,-4155,4,-11,13,913,-1,-1786,227
10640,-96,-348,-4160,3,-17,19,913,0,-1786,227
10660,-87,-336,-4156,17,-14,14,913,0,-1786,227
10680,-88,-362,-4160,18,-18,4,913,0,-1786,227
10700,-107,-352,-4170,10,-2,-4,913,0,-1786,227
10720,-99,-356,-4168,-7,15,-9,913,0,-1786,227
10740,-93,-346,-4159,-7,8,-5,913,-1,-1786,227
10760,-78,-346,-4140,-4,-4,-6,913,-1,-1786,227
10780,-86,-343,-4150,2,-18,2,913,-1,-1786,227
10800,-98,-348,-4158,1,-19,9,913,-1,-1786,226
10820,-91,-353,-4163,2,-13,5,913,-1,-1785,227
10840,-95,-344,-4160,4,-11,4,913,0,-1785,227
10860,-92,-348,-4147,15,-26,11,913,0,-1785,227
10880,-87,-352,-4154,8,-12,11,913,0,-1785,227
10900,-100,-356,-4164,7,-7,5,913,0,-1785,227
10920,-104,-363,-4175,-3,6,-2,913,0,-1785,227
10940,-92,-346,-4149,-4,16,-4,913,-1,-1785,227
10960,-104,-340,-4159,-1,13,3,913,-1,-1785,227
10980,-82,-354,-4158,0,2,6,913,-1,-1785,227
11000,-89,-350,-4158,-5,0,1,913,-1,-1785,227
11020,-86,-349,-4154,0,-7,2,913,-1,-1785,226
11040,-84,-348,-4150,-3,-6,-3,913,-1,-1785,227
11060,-94,-345,-4159,-1,-5,0,913,-1,-1785,227
11080,-84,-347,-4159,2,1,-2,913,-1,-1785,227
11100,-83,-349,-4156,1,-2,-2,913,-1,-1785,227
11120,-91,-347,-4160,-2,10,3,913,-2,-1785,227
11140,-79,-351,-4156,0,-8,8,913,-2,-1785,227
11160,-87,-358,-4161,-2,-10,4,913,-2,-1785,226
11180,-82,-354,-4153,2,-14,0,913,-1,-1785,227
11200,-83,-358,-4157,-7,-15,0,913,-1,-1785,227
11220,-96,-346,-4160,-14,-4,-1,913,-1,-1785,227
11240,-95,-345,-4156,2,5,5,913,-2,-1785,226
11260,-84,-352,-4161,7,17,1,913,-2,-1785,227
11280,-76,-353,-4162,5,16,-6,913,-2,-1785,227
11300,-72,-377,-4175,-3,17,-13,913,-2,-1785,227
11320,-88,-340,-4144,-10,25,-20,914,-3,-1785,227
11340,-78,-335,-4140,3,-13,6,914,-3,-1785,227
11360,-73,-349,-4150,4,-7,11,914,-3,-1785,227
11380,-72,-358,-4173,2,-9,10,913,-3,-1785,227
11400,-72,-359,-4168,-2,3,-10,914,-3,-1785,227
11420,-76,-340,-4138,-2,-7,-2,914,-3,-1785,227
11440,-74,-346,-4155,-2,-20,9,914,-3,-1785,227
11460,-75,-355,-4169,-1,-19,7,913,-3,-1785,227
11480,-61,-370,-4174,-6,-12,-4,914,-3,-1785,227
11500,-81,-340,-4150,-6,-15,1,914,-3,-1785,227
11520,-85,-352,-4158,-9,-7,-1,914,-3,-1785,227
11540,-73,-360,-4160,-11,-1,-5,914,-3,-1785,227
11560,-67,-352,-4151,-18,0,-10,914,-3,-1785,227
11580,-73,-350,-4158,-29,-5,-11,914,-3,-1785,227
11600,-66,-336,-4142,-26,-19,-10,914,-3,-1786,227
11620,-77,-329,-4152,-10,-28,4,914,-3,-1786,227
11640,-89,-350,-4170,-8,-34,-1,914,-2,-1786,227
11660,-81,-340,-4164,-23,-16,-1,914,-2,-1786,227
11680,-85,-346,-4151,-24,-12,0,914,-2,-1786,227
11700,-83,-336,-4142,-10,-26,7,914,-2,-1787,227
11720,-91,-337,-4155,-7,-22,11,914,-2,-1787,226
11740,-98,-335,-4165,-12,-10,14,914,-1,-1787,227
11760,-92,-327,-4153,-7,-10,15,914,-1,-1787,227
11780,-92,-346,-4166,-2,-2,13,914,-1,-1787,227
11800,-80,-345,-4166,-7,9,3,914,-2,-1787,227
11820,-86,-333,-4160,-15,11,-5,914,-2,-1787,227
11840,-74,-332,-4154,-24,8,-9,914,-2,-1787,227
11860,-82,-327,-4160,-29,4,-7,914,-2,-1788,227
11880,-78,-322,-4151,-25,-17,3,914,-2,-1788,227
11900,-86,-324,-4164,-35,-20,6,914,-2,-1788,227
11920,-89,-320,-4165,-32,-13,6,914,-2,-1789,227
11940,-86,-318,-4161,-23,-5,0,914,-2,-1789,227
11960,-81,-298,-4170,-6,12,-4,914,-2,-1789,227
11980,-86,-308,-4159,8,24,6,914,-2,-1789,227
12000,-79,-311,-4157,12,15,20,914,-3,-1789,227
12020,-70,-325,-4156,8,8,20,914,-3,-1789,227
12040,-71,-328,-4165,-4,1,9,914,-3,-1789,227
12060,-68,-310,-4177,-21,-11,20,913,-3,-1789,227
12080,-95,-347,-4175,-34,16,23,913,-3,-1790,227
12100,-66,-321,-4154,-25,13,5,913,-3,-1790,227
12120,-70,-302,-4168,-26,11,-1,913,-4,-1790,227
12140,-72,-302,-4155,-14,8,-9,913,-4,-1791,227
12160,-71,-300,-4161,-7,6,-6,913,-4,-1791,227
12180,-63,-310,-4153,-6,-3,-4,913,-4,-1791,227
12200,-67,-296,-4154,0,-7,4,913,-4,-1791,227
12220,-66,-299,-4157,9,-7,8,913,-4,-1791,227
12240,-74,-298,-4167,25,-6,22,913,-4,-1790,227
12260,-64,-306,-4152,46,-1,25,913,-4,-1790,227
12280,-65,-312,-4158,55,4,29,913,-5,-1789,227
12300,-52,-324,-4148,64,-16,21,912,-4,-1788,227
12320,-61,-316,-4155,83,-17,24,912,-4,-1787,227
12340,-68,-355,-4175,81,-12,26,912,-4,-1786,227
12360,-65,-364,-4165,65,-6,-3,911,-4,-1785,227
12380,-71,-384,-4141,67,-9,-15,912,-4,-1784,227
12400,-51,-470,-4113,134,-24,-3,912,-4,-1783,227
12420,-66,-487,-4080,245,-32,89,911,-4,-1779,227
12440,-86,-448,-4203,318,-10,95,909,-3,-1775,227
12460,-55,-526,-3911,444,-54,139,908,-3,-1770,227
12480,-51,-410,-4320,459,-25,137,906,-2,-1763,227
12500,-106,-642,-4140,509,115,143,904,-2,-1757,227
12520,-87,-721,-4100,639,112,90,902,-4,-1748,227
12540,-17,-737,-4061,780,127,70,900,-6,-1738,227
12560,109,-670,-4358,878,116,32,899,-8,-1725,227
12580,94,-914,-4087,944,-50,-4,898,-8,-1713,227
12600,-18,-1047,-4149,1048,-66,42,898,-7,-1699,227
12620,-129,-944,-4194,1069,-28,28,897,-6,-1684,227
12640,-198,-1013,-4162,998,44,59,896,-6,-1670,227
12660,24,-1130,-4015,939,8,34,895,-6,-1657,227
12680,-214,-1328,-3768,1079,-149,160,894,-4,-1643,227
12700,-71,-1400,-4116,1011,42,196,891,-3,-1628,227
12720,-59,-1417,-3787,947,-111,207,888,-2,-1615,227
12740,-159,-1406,-4105,825,-153,265,886,1,-1603,227
12760,-82,-1751,-3751,840,-108,207,883,3,-1591,227
12780,-177,-1964,-3702,1040,81,247,880,4,-1577,227
12800,-3,-1923,-3646,985,132,238,875,4,-1563,227
12820,-118,-2030,-3660,1216,123,198,871,4,-1547,227
12840,-237,-2082,-3883,1314,105,180,868,4,-1529,227
12860,35,-2220,-3724,1440,317,193,863,3,-1510,227
12880,-10,-2516,-3307,1771,316,-59,860,0,-1488,227
12900,-152,-2441,-3456,2198,168,-109,858,-3,-1458,227
12920,35,-2313,-3658,1881,174,-145,857,-6,-1431,227
12940,87,-2655,-2900,1592,327,-244,857,-10,-1407,227
12960,-109,-2786,-2474,1786,680,-108,853,-17,-1383,227
12980,-261,-2970,-2144,1772,83,115,848,-20,-1358,227
13000,-97,-2939,-2483,2078,-453,189,849,-15,-1329,227
13020,558,-3348,-3145,1838,-172,95,851,-10,-1303,227
13040,353,-3825,-3572,1134,514,29,847,-12,-1284,227
13060,-155,-3593,-2454,919,595,-52,839,-17,-1271,227
13080,-259,-3099,-2213,1229,219,136,835,-19,-1255,227
13100,100,-3071,-2042,1242,137,240,831,-17,-1238,227
13120,437,-3770,-2744,802,54,174,829,-15,-1224,227
13140,-62,-3814,-1925,674,134,199,826,-13,-1215,227
13160,35,-3738,-2009,737,255,173,822,-12,-1205,227
13180,152,-3699,-2138,684,448,138,817,-13,-1195,227
13200,82,-3661,-1855,638,404,192,810,-13,-1186,227
13220,0,-3830,-1665,610,465,194,803,-13,-1177,227
13240,-76,-3821,-1541,606,526,287,795,-13,-1168,227
13260,-47,-3828,-1925,436,741,315,784,-12,-1161,227
13280,-183,-3847,-1468,442,572,397,774,-10,-1155,227
13300,-264,-3920,-1186,555,460,508,764,-7,-1148,227
13320,120,-4048,-1622,719,482,534,756,-1,-1138,227
13340,-25,-3915,-1467,712,638,293,746,0,-1129,227
13360,733,-3718,-2248,518,-264,79,740,0,-1120,227
13380,-477,-3658,-1583,407,-40,220,741,2,-1113,227
13400,123,-3665,-1628,101,-166,238,743,6,-1110,227
13420,-69,-3983,-1620,-65,-6,-6,743,8,-1112,227
13440,-161,-3982,-1386,-57,-86,-70,744,7,-1113,227
13460,49,-4016,-1294,-105,37,64,744,7,-1113,227
13480,41,-3628,-1536,-219,22,175,743,9,-1116,227
13500,176,-3594,-1937,-651,167,300,740,11,-1124,227
13520,731,-3782,-467,-222,-7,-301,739,10,-1130,227
13540,-139,-3922,-911,515,-305,-435,744,6,-1126,227
13560,53,-4026,-1869,455,-152,-383,749,1,-1118,227
13580,-358,-4300,-1548,168,-21,-172,750,0,-1115,227
13600,-373,-4143,-1490,-35,21,-40,750,-1,-1115,227
13620,-36,-4160,-1181,-19,-115,-75,751,-1,-1115,227
13640,-384,-4037,-1296,81,-186,-79,754,-2,-1114,227
13660,-186,-3770,-1315,295,-244,49,757,0,-1111,227
13680,169,-3686,-1449,320,-148,-24,759,0,-1107,227
13700,-215,-3772,-1115,387,-141,58,761,1,-1102,227
13720,-53,-3822,-1128,570,-93,43,762,2,-1095,227
13740,343,-4024,-1172,522,-39,-163,763,1,-1087,227
13760,207,-4091,-1021,523,-106,-311,765,-2,-1080,227
13780,-225,-3994,-715,761,-215,-281,768,-5,-1071,227
13800,66,-3958,-1120,889,-160,-264,771,-8,-1058,227
13820,46,-4204,-1301,716,-45,-249,773,-11,-1048,227
13840,146,-4286,-1179,470,43,-135,773,-13,-1041,227
13860,92,-4196,-851,378,46,-11,773,-14,-1035,227
13880,15,-3986,-560,569,17,18,772,-14,-1029,227
13900,68,-3949,-608,912,-115,53,773,-13,-1017,227
13920,112,-4128,-767,801,-59,43,774,-12,-1005,227
13940,220,-4151,-627,680,-20,1,774,-11,-996,227
13960,-285,-4418,-397,554,-33,250,775,-9,-987,227
13980,379,-4113,-805,530,-129,260,776,-5,-977,227
14000,59,-4138,-372,420,-89,236,777,-2,-971,227
14020,127,-4317,-177,588,-114,65,778,-1,-963,227
14040,153,-4145,-417,385,-40,82,779,0,-957,227
14060,12,-4154,-278,242,-8,39,779,0,-954,227
14080,-6,-4150,-222,214,-20,0,779,0,-951,227
14100,-4,-4149,-196,196,-47,1,780,0,-948,227
14120,27,-4151,-191,215,-17,2,780,0,-945,227
14140,4,-4164,-170,226,-15,1,780,0,-942,227
14160,12,-4148,-135,243,-6,3,780,0,-939,227
14180,0,-4156,-113,230,-6,2,780,0,-936,227
14200,2,-4149,-90,246,-9,3,780,0,-932,227
14220,8,-4141,-53,208,-8,2,780,0,-929,227
14240,7,-4136,-24,150,-9,6,780,0,-927,227
14260,4,-4149,-40,108,-7,5,780,0,-925,228
14280,6,-4158,-28,135,-6,3,780,0,-924,227
14300,5,-4162,-15,160,-9,4,780,0,-922,227
14320,4,-4139,19,126,-4,1,780,0,-920,227
14340,2,-4143,27,63,-5,3,780,0,-919,227
14360,6,-4164,12,96,-4,1,780,0,-918,227
14380,2,-4161,28,133,-5,3,780,0,-916,227
14400,2,-4141,59,130,-9,2,780,0,-914,227
14420,14,-4090,124,88,-8,4,780,0,-913,227
14440,5,-4129,77,-48,-7,5,780,0,-913,228
14460,3,-4149,59,-79,-7,4,780,0,-914,227
14480,6,-4169,37,-11,-6,2,780,0,-915,227
14500,7,-4145,54,0,-4,5,780,0,-915,227
14520,6,-4144,62,-25,-8,4,780,0,-915,227
14540,4,-4161,42,-22,-8,3,780,0,-916,227
14560,5,-4168,32,21,-7,4,780,0,-916,227
14580,5,-4158,50,80,-6,1,780,0,-915,227
14600,-1,-4151,60,85,-7,3,780,0,-914,227
14620,3,-4150,70,97,-7,2,780,0,-913,227
14640,9,-4153,75,88,-6,2,780,0,-911,227
14660,3,-4170,73,143,-7,3,780,0,-910,227
14680,6,-4160,95,195,-8,2,780,0,-908,227
14700,4,-4130,141,177,-8,1,780,0,-905,227
14720,4,-4136,138,109,-14,-2,780,0,-903,227
14740,-2,-4121,169,-5,-7,2,780,0,-903,227
14760,7,-4150,152,10,-7,4,780,0,-903,227
14780,3,-4112,180,-36,-7,2,780,0,-903,227
14800,3,-4120,169,-130,-8,2,780,0,-904,227
14820,7,-4147,131,-197,-3,3,780,0,-907,227
14840,4,-4161,97,-173,-5,2,780,0,-909,227
14860,5,-4157,85,-131,-8,3,780,0,-911,227
14880,8,-4176,55,-52,-6,2,780,0,-913,227
14900,4,-4154,79,-42,-5,2,780,0,-913,227
14920,3,-4176,53,5,-8,3,780,0,-914,227
14940,6,-4173,55,103,-10,3,780,0,-913,227
14960,4,-4159,80,184,-11,3,780,0,-911,227
14980,8,-4136,115,133,-8,1,780,0,-909,227
15000,4,-4146,121,150,-8,1,780,0,-907,227
15020,2,-4187,105,220,-8,2,780,0,-904,227
15040,5,-4162,149,272,0,-1,780,0,-901,227
15060,5,-4015,290,-140,-4,3,780,0,-900,227
15080,9,-4208,113,60,-7,0,780,0,-901,227
15100,6,-4137,183,35,-8,3,780,0,-900,227
15120,7,-4108,214,4,-5,3,780,0,-900,227
15140,3,-4120,189,-130,-9,4,780,0,-901,227
15160,8,-4176,133,-96,-9,4,780,0,-903,227
15180,6,-4144,155,-62,-8,2,780,0,-904,227
15200,6,-4159,132,-25,-7,1,780,0,-905,227
15220,6,-4159,136,27,-7,3,780,0,-905,227
15240,11,-4151,148,42,-8,2,780,0,-904,227
15260,6,-4161,145,84,-9,2,780,0,-903,227
15280,8,-4155,159,106,-5,1,780,0,-902,227
15300,10,-4157,166,130,-6,0,780,0,-900,227
15320,3,-4135,195,129,-10,0,780,0,-898,227
15340,4,-4167,185,151,-8,1,780,0,-897,227
15360,2,-4138,223,150,-5,2,780,0,-895,228
15380,10,-4132,244,160,-5,0,780,0,-893,227
15400,6,-4184,214,124,-10,-2,780,0,-891,227
15420,9,-4110,292,-12,-4,2,780,0,-890,227
15440,11,-4050,340,74,-7,0,780,0,-888,227
15460,6,-4150,266,84,-7,1,780,0,-888,227
15480,12,-4124,293,8,-7,2,780,0,-887,227
15500,7,-4149,269,-7,-7,5,780,0,-888,227
15520,9,-4134,284,-9,-8,2,780,0,-888,227
15540,5,-4127,282,-3,-9,2,780,0,-888,227
15560,8,-4143,274,-1,-7,2,780,0,-888,227
15580,10,-4146,268,25,-5,-1,780,0,-888,227
15600,10,-4131,276,39,-6,2,780,0,-887,227
15620,7,-4127,294,13,-9,0,780,0,-887,227
15640,9,-4127,289,-22,-9,4,780,0,-887,227
15660,3,-4147,274,-5,-7,4,780,0,-887,228
15680,9,-4137,280,14,-7,1,780,0,-887,228
15700,10,-4137,285,20,-7,4,780,0,-887,227
15720,9,-4134,285,14,-6,2,780,0,-887,227
15740,9,-4146,283,22,-8,1,780,0,-887,227
15760,10,-4141,288,42,-9,1,780,0,-886,227
15780,12,-4140,292,70,-8,-1,780,0,-886,227
15800,6,-4137,308,74,-9,2,780,0,-885,227
15820,9,-4123,318,47,-5,2,780,0,-884,228
15840,8,-4134,317,34,-5,1,780,0,-883,227
15860,7,-4131,321,10,-9,-1,780,0,-883,227
15880,11,-4137,317,11,-9,4,780,0,-883,227
15900,7,-4133,323,8,-9,3,780,0,-883,227
15920,6,-4135,314,18,-7,2,780,0,-883,227
15940,9,-4124,326,-1,-8,3,780,0,-883,227
15960,7,-4130,328,1,-6,2,780,0,-883,227
15980,5,-4130,326,-2,-5,1,780,0,-883,227
16000,10,-4130,320,-15,-8,2,780,0,-883,227
16020,7,-4128,323,-32,-6,5,780,0,-883,228
16040,8,-4132,311,-44,-8,2,780,0,-884,227
16060,13,-4133,316,-54,-6,4,780,0,-885,227
16080,6,-4140,301,-43,-7,4,780,0,-885,227
16100,10,-4132,305,-60,-7,4,780,0,-886,227
16120,11,-4142,291,-50,-7,3,780,0,-887,227
16140,9,-4151,281,-21,-7,1,780,0,-887,227
16160,10,-4148,285,25,-7,2,780,0,-887,227
16180,9,-4142,292,52,-6,2,780,0,-887,227
16200,6,-4135,303,45,-8,2,780,0,-886,227
16220,8,-4131,306,34,-9,3,780,0,-886,227
16240,8,-4134,311,27,-6,2,780,0,-885,228
16260,8,-4142,311,38,-11,3,780,0,-885,228
16280,8,-4130,323,31,-6,2,780,0,-884,227
16300,6,-4124,328,-1,-6,2,780,0,-884,227
16320,7,-4131,321,-35,-6,2,780,0,-884,227
16340,6,-4135,312,-23,-8,4,780,0,-885,227
16360,9,-4136,308,-23,-9,4,780,0,-885,228
16380,8,-4138,308,-16,-7,3,780,0,-886,227
16400,3,-4138,304,-3,-7,4,780,0,-886,227
16420,7,-4136,309,3,-7,0,780,0,-886,228
16440,12,-4131,308,-3,-4,1,780,0,-886,227
16460,5,-4133,312,-13,-4,2,780,0,-886,227
16480,4,-4144,304,-1,-5,2,780,0,-886,227
16500,12,-4142,305,17,-9,3,780,0,-886,228
16520,6,-4136,314,11,-6,3,780,0,-886,227
16540,8,-4131,313,-2,-7,2,780,0,-886,227
16560,9,-4142,313,8,-6,2,780,0,-886,228
16580,7,-4138,306,23,-7,4,780,0,-885,227
16600,11,-4135,316,34,-9,3,780,0,-885,228
16620,6,-4132,320,27,-6,2,780,0,-885,227
16640,5,-4132,325,5,-8,2,780,0,-884,228
16660,6,-4135,322,12,-11,0,780,0,-884,227
16680,15,-4128,330,-5,-9,3,780,0,-884,227
16700,8,-4128,326,-25,-8,2,780,0,-885,227
16720,2,-4133,321,-43,-8,2,780,0,-885,227
16740,10,-4141,304,-30,-9,2,780,0,-886,227
16760,8,-4138,314,-26,-10,4,780,0,-886,228
16780,6,-4134,309,-25,-6,3,780,0,-886,228
16800,7,-4142,301,-31,-9,3,780,0,-887,227
16820,5,-4140,300,-27,-6,1,780,0,-887,228
16840,10,-4135,304,-16,-4,2,780,0,-888,227
16860,7,-4134,297,-19,-6,1,780,0,-888,227
16880,10,-4137,302,-21,-9,4,780,0,-888,227
16900,8,-4139,297,-15,-6,3,780,0,-888,227
16920,7,-4136,291,-12,-10,0,780,0,-889,228
16940,9,-4142,289,-7,-5,3,780,0,-889,227
16960,8,-4142,294,8,-6,4,780,0,-889,227
16980,8,-4138,296,6,-10,3,780,0,-889,227
17000,6,-4133,299,5,-5,3,780,0,-889,228
17020,7,-4141,295,7,-8,1,780,0,-889,228
17040,5,-4141,295,15,-6,2,780,0,-888,228
17060,4,-4133,300,16,-7,2,780,0,-888,227
17080,7,-4131,308,-4,-7,4,780,0,-888,228
17100,10,-4130,306,-11,-5,2,780,0,-888,228
17120,5,-4137,302,-20,-5,2,780,0,-888,227
17140,7,-4140,295,-10,-8,3,780,0,-889,227
17160,7,-4137,297,-20,-6,3,780,0,-889,227
17180,8,-4138,294,-15,-11,3,780,0,-889,227
17200,9,-4143,287,7,-4,2,780,0,-889,227
17220,8,-4130,298,-5,-6,2,780,0,-889,227
17240,10,-4134,293,0,-6,2,780,0,-889,227
17260,4,-4144,290,1,-7,1,780,0,-889,227
17280,4,-4138,296,9,-6,2,780,0,-889,227
17300,8,-4134,302,10,-6,3,780,0,-889,227
17320,13,-4135,295,11,-7,3,780,0,-889,227
17340,11,-4138,304,-3,-9,2,780,0,-889,228
17360,5,-4145,295,13,-5,4,780,0,-889,227
17380,6,-4140,303,24,-5,0,780,0,-888,227
17400,10,-4130,305,14,-10,3,780,0,-888,228
17420,7,-4132,304,7,-7,2,780,0,-888,228
17440,5,-4137,307,3,-9,4,780,0,-888,227
17460,6,-4137,305,2,-8,1,780,0,-888,228
17480,8,-4135,302,-2,-7,2,780,0,-888,228
17500,10,-4129,306,-16,-7,3,780,0,-888,228
17520,10,-4136,306,-28,-7,3,780,0,-888,227
17540,9,-4138,298,-31,-7,4,780,0,-889,228
17560,8,-4137,295,-18,-8,3,780,0,-889,228
17580,8,-4142,291,-14,-4,2,780,0,-889,227
17600,9,-4140,294,0,-7,3,780,0,-889,228
17620,9,-4134,294,7,-8,5,780,0,-889,227
17640,10,-4140,295,12,-6,2,780,0,-889,228
17660,6,-4143,296,20,-8,0,780,0,-889,228
17680,10,-4128,303,19,-6,3,780,0,-889,227
17700,6,-4133,306,7,-7,1,780,0,-889,227
17720,9,-4132,306,-2,-8,3,780,0,-888,227
17740,8,-4134,297,-25,-8,4,780,0,-889,227
17760,6,-4138,295,-24,-6,3,780,0,-889,227
17780,6,-4138,291,-9,-9,5,780,0,-889,228
17800,9,-4149,292,7,-10,0,780,0,-889,228
17820,8,-4139,294,23,-6,2,780,0,-889,228
17840,9,-4130,304,24,-9,5,780,0,-889,228
17860,11,-4131,305,13,-10,1,780,0,-888,227
17880,8,-4139,308,10,-9,1,780,0,-888,228
17900,13,-4138,300,19,-10,1,780,0,-888,228
17920,6,-4133,315,16,-8,1,780,0,-888,228
17940,9,-4136,308,8,-10,2,780,0,-888,228
17960,8,-4127,312,-5,-6,2,780,0,-888,228
17980,12,-4134,311,-10,-7,4,780,0,-888,228
18000,8,-4138,301,-12,-6,3,780,0,-888,227
18020,6,-4131,310,-7,-9,1,780,0,-888,228
18040,9,-4131,308,-7,-6,3,780,0,-888,227
18060,8,-4137,307,-10,-7,0,780,0,-888,227
18080,9,-4135,307,-14,-4,3,780,0,-888,228
18100,7,-4142,301,-7,-9,3,780,0,-889,228
18120,7,-4137,303,-2,-7,3,780,0,-889,228
18140,8,-4135,301,7,-5,3,780,0,-889,228
18160,11,-4136,311,2,-8,4,780,0,-888,228
18180,4,-4132,306,-6,-6,0,780,0,-888,227
18200,8,-4141,300,-2,-3,3,780,0,-889,227
18220,7,-4139,308,3,-8,2,780,0,-889,227
18240,7,-4134,304,16,-8,1,780,0,-888,227
18260,9,-4128,313,8,-8,2,780,0,-888,228
18280,2,-4133,310,2,-6,0,780,0,-888,228
18300,9,-4141,304,2,-8,3,780,0,-888,227
18320,6,-4137,311,10,-9,3,780,0,-888,228
18340,6,-4142,310,28,-8,3,780,0,-888,228
18360,7,-4134,318,32,-10,2,780,0,-887,228
18380,5,-4132,319,17,-13,3,780,0,-887,228
18400,7,-4137,318,22,-9,2,780,0,-887,228
18420,8,-4134,322,13,-9,2,780,0,-886,228
18440,6,-4131,328,15,-9,1,780,0,-886,227
18460,12,-4132,327,1,-7,4,780,0,-886,228
18480,8,-4136,320,-5,-8,1,780,0,-886,227
18500,4,-4142,319,6,-7,2,780,0,-886,227
18520,7,-4132,326,16,-10,2,780,0,-886,227
18540,9,-4133,327,12,-7,3,780,0,-886,227
18560,5,-4128,331,3,-6,2,780,0,-886,228
18580,9,-4130,333,-15,-4,3,780,0,-886,228
18600,2,-4132,329,-33,-9,2,780,0,-886,227
18620,9,-4133,326,-32,-6,2,780,0,-887,227
18640,6,-4131,322,-34,-6,1,780,0,-887,227
18660,10,-4140,310,-30,-10,3,780,0,-888,228
18680,5,-4136,310,-19,-8,1,780,0,-888,227
18700,9,-4136,313,-13,-8,4,780,0,-888,228
18720,8,-4139,302,-5,-7,4,780,0,-888,228
18740,3,-4132,310,-3,-8,4,780,0,-888,227
18760,7,-4140,311,-3,-6,2,780,0,-888,227
18780,10,-4140,307,2,-5,4,780,0,-888,228
18800,7,-4127,318,-9,-6,5,780,0,-888,228
18820,2,-4136,314,-23,-8,1,780,0,-889,227
18840,4,-4136,305,-19,-7,6,780,0,-889,227
18860,8,-4137,309,-18,-7,3,780,0,-889,227
18880,6,-4145,296,-2,-8,5,780,0,-889,227
18900,9,-4122,312,-8,-5,-1,780,0,-889,228
18920,7,-4110,321,-72,-2,1,780,0,-890,228
18940,6,-4134,296,-104,-3,3,780,0,-891,228
18960,9,-4150,273,-78,-4,4,780,0,-893,228
18980,6,-4147,270,-24,1,-2,779,0,-893,228
19000,7,-4138,278,-24,-4,3,779,0,-893,228
19020,8,-4133,271,-46,5,1,779,0,-894,227
19040,16,-4145,222,-50,27,-6,779,0,-895,227
19060,33,-4195,141,-159,124,-43,778,0,-896,227
19080,-30,-4313,259,-95,99,-147,776,-2,-898,227
19100,23,-4297,155,-132,125,-350,774,-5,-899,227
19120,37,-4249,269,-169,106,-475,772,-11,-901,228
19140,775,-4476,134,-175,41,-622,771,-19,-903,227
19160,744,-4332,147,-344,-95,-967,770,-32,-907,227
19180,754,-4350,51,-469,-170,-1203,772,-48,-913,228
19200,996,-4289,3,-383,-212,-1420,774,-68,-918,227
19220,665,-4160,23,-352,-101,-1636,776,-89,-923,228
19240,484,-4300,-96,-268,-46,-1708,777,-113,-927,227
19260,668,-4086,27,-241,81,-1768,776,-137,-930,228
19280,582,-3744,6,-207,123,-1597,774,-161,-931,228
19300,907,-3683,244,47,-18,-1099,773,-178,-931,228
19320,1338,-3974,-227,102,-57,-1065,773,-192,-929,228
19340,1071,-4281,-204,33,-5,-1268,774,-209,-929,227
19360,1130,-4080,46,195,130,-1387,772,-227,-925,227
19380,1602,-3949,-190,-40,278,-1603,768,-248,-923,228
19400,1677,-3898,34,19,325,-1741,763,-272,-920,227
19420,2155,-3800,42,119,296,-1989,757,-298,-916,228
19440,2206,-3519,137,186,242,-2234,751,-328,-910,228
19460,2252,-3218,90,217,209,-2170,746,-359,-903,228
19480,2018,-3217,46,305,270,-1916,739,-386,-895,228
19500,2181,-3376,-127,245,472,-1600,730,-408,-884,227
19520,2731,-3133,175,100,612,-1651,717,-429,-873,228
19540,2673,-2724,426,257,404,-1611,703,-452,-860,228
19560,3000,-2552,271,225,292,-1307,693,-471,-849,228
19580,3007,-2641,308,212,310,-1176,682,-487,-837,227
19600,3073,-2686,346,106,387,-1257,670,-503,-825,227
19620,3140,-2500,448,100,379,-1326,656,-519,-812,227
19640,3092,-2763,636,52,339,-1359,640,-536,-799,228
19660,3358,-1987,478,-31,468,-1356,622,-554,-783,228
19680,3353,-1876,830,210,210,-973,605,-568,-768,228
19700,3509,-1720,594,262,57,-646,597,-578,-756,228
19720,3527,-1825,532,-40,128,-422,590,-584,-749,228
19740,3456,-2124,640,-152,183,-478,582,-589,-743,227
19760,3497,-1978,638,-115,160,-484,573,-595,-737,228
19780,3537,-1796,685,-77,72,-359,566,-600,-732,227
19800,3577,-1829,601,-73,20,-201,562,-603,-730,227
19820,3518,-2136,571,24,37,-298,558,-606,-727,227
19840,3556,-2038,516,117,112,-450,552,-611,-721,228
19860,3584,-1676,743,156,53,-398,545,-616,-712,227
19880,3577,-1780,736,192,-63,-271,542,-620,-706,228
19900,3609,-1886,544,148,-3,-348,539,-624,-701,228
19920,3636,-1816,541,55,155,-493,531,-629,-693,228
19940,3909,-1706,474,342,231,-583,519,-634,-679,228
19960,3636,-1851,605,80,211,-548,507,-639,-667,228
19980,3613,-1707,831,240,142,-668,492,-646,-651,228
20000,3688,-1477,775,277,57,-659,479,-653,-635,228
20020,3729,-1382,748,81,109,-657,465,-661,-620,228
20040,3765,-1332,709,-131,221,-690,447,-667,-604,227
20060,3755,-1220,853,-178,254,-740,424,-674,-585,227
20080,3764,-1222,838,-39,213,-633,402,-680,-566,228
20100,3785,-1157,854,-40,204,-588,382,-685,-547,228
20120,3757,-1180,941,-82,137,-602,362,-690,-529,228
20140,3794,-1020,970,-12,38,-561,344,-695,-513,228
20160,3925,-538,925,190,121,-790,323,-701,-491,228
20180,3779,-1038,938,86,-56,-17,323,-703,-492,227
20200,3850,-962,851,33,-38,4,324,-703,-492,228
20220,3813,-1082,910,-5,-62,-44,325,-704,-492,227
20240,3798,-1084,934,-16,-132,-120,325,-706,-493,228
20260,3803,-1056,927,-19,-222,-213,325,-709,-493,228
20280,3822,-1019,884,-10,-284,-276,326,-714,-493,228
20300,3857,-956,803,-10,-320,-306,326,-720,-494,227
20320,3916,-965,704,-68,-274,-391,325,-726,-493,228
20340,3891,-732,701,-106,-257,-349,321,-732,-490,228
20360,3902,-704,682,-107,-257,-238,320,-738,-491,228
20380,3942,-789,621,-117,-216,-139,322,-742,-494,228
20400,3961,-960,633,-38,-225,-193,324,-746,-498,228
20420,3962,-868,598,-76,-190,-302,323,-750,-497,228
20440,3948,-767,590,-62,-172,-327,317,-755,-492,228
20460,3961,-677,554,-52,-144,-291,311,-760,-487,228
20480,3988,-726,529,-67,-85,-285,304,-764,-481,228
20500,3978,-711,550,-76,-72,-334,293,-768,-472,228
20520,3964,-703,577,-52,-51,-379,279,-772,-458,228
20540,3958,-584,585,-7,-57,-341,264,-775,-444,228
20560,4015,-660,514,12,-3,-395,246,-779,-426,227
20580,3997,-678,569,-7,15,-538,220,-783,-401,228
20600,3931,-415,645,12,-4,-552,187,-787,-368,228
20620,3994,-375,540,32,-32,-486,157,-791,-338,228
20640,4002,5,309,-22,-214,-650,122,-796,-303,228
20660,3869,102,65,-89,-587,-955,72,-807,-254,228
20680,4117,-1234,1307,59,39,-349,19,-816,-202,228
20700,3976,-34,526,31,-21,-369,-15,-817,-166,228
20720,3995,-58,494,69,-1,-275,-45,-818,-135,227
20740,4049,-63,422,75,27,-229,-69,-818,-110,228
20760,4054,-206,463,37,41,-341,-96,-818,-82,228
20780,4030,-146,532,24,32,-448,-135,-818,-43,228
20800,3606,1236,617,78,-32,-208,-171,-817,-7,228
20820,4014,38,542,5,-55,4,-172,-818,-6,228
20840,3982,20,553,-3,-85,8,-172,-819,-6,228
20860,3998,17,518,3,-135,14,-172,-820,-6,228
20880,3990,20,521,-6,-173,14,-171,-822,-7,228
20900,4033,15,436,-1,-172,12,-171,-824,-7,228
20920,4035,14,424,-1,-162,13,-170,-827,-7,228
20940,4038,10,404,0,-153,12,-170,-829,-8,228
20960,4006,15,435,-1,-171,13,-169,-831,-8,228
20980,4036,12,370,-2,-172,15,-169,-833,-9,228
21000,4043,12,354,-1,-154,11,-169,-836,-9,228
21020,4053,6,317,-5,-139,8,-168,-838,-10,228
21040,4044,8,329,1,-117,10,-168,-839,-10,228
21060,4028,8,342,-1,-122,9,-167,-841,-11,228
21080,4027,9,338,-5,-134,12,-167,-843,-11,228
21100,4040,1,305,-4,-151,11,-166,-845,-12,228
21120,4059,-1,264,-2,-130,10,-165,-847,-13,228
21140,4032,7,298,-2,-131,9,-164,-848,-13,228
21160,4025,8,298,-6,-151,14,-164,-850,-14,227
21180,4027,4,279,-1,-198,13,-163,-853,-15,228
21200,4050,1,225,-2,-198,18,-161,-856,-17,228
21220,4053,-4,203,-4,-188,15,-159,-858,-18,228
21240,4055,0,185,-2,-182,13,-158,-861,-20,228
21260,4029,-3,207,-5,-186,15,-156,-863,-22,228
21280,4061,-5,142,0,-201,14,-154,-866,-24,228
21300,4069,-9,108,-2,-175,14,-151,-869,-26,228
21320,4086,-9,72,-3,-130,12,-149,-871,-28,228
21340,4055,-7,106,-2,-124,12,-147,-873,-31,227
21360,4005,-2,183,-1,-179,12,-145,-875,-33,228
21380,4048,-7,90,-2,-205,14,-141,-878,-37,228
21400,4115,-19,-36,-2,-148,12,-136,-881,-41,228
21420,4072,-10,6,-8,-109,10,-131,-883,-46,228
21440,3895,268,-328,-121,-183,13,-131,-886,-47,228
21460,4042,-39,186,0,-145,11,-125,-889,-54,228
21480,4074,-11,-31,-5,-176,13,-115,-894,-65,228
21500,3960,249,-485,-388,-327,15,-111,-900,-69,228
21520,4129,-173,241,-11,-151,9,-74,-900,-108,228
21540,4068,-23,-70,-5,-155,8,-33,-900,-148,228
21560,4046,-1,-85,-12,-174,9,50,-900,-230,228
21580,3746,-240,-904,73,-548,187,1131,-900,-1325,228
21600,4090,-143,-88,148,-677,226,1395,-900,-1586,228
21620,4084,-22,48,-4,-3,-1,1380,-900,-1569,228
21640,4089,-64,-210,2,15,-5,1377,-900,-1566,228
21660,4053,-48,-152,3,19,-6,1372,-900,-1561,228
21680,3876,106,-478,-54,-75,26,1382,-900,-1571,228
21700,4173,-103,0,-57,76,-24,1382,-900,-1571,227
21720,3824,46,-228,74,-13,0,1367,-900,-1555,228
21740,4531,-51,-490,-178,-23,15,1397,-900,-1586,228
21760,4124,-121,114,-28,78,-24,1378,-900,-1569,228
21780,4051,-40,-141,3,58,-20,1364,-900,-1554,228
21800,4051,-31,-145,1,51,-14,1350,-900,-1541,228
21820,4030,-22,-99,-2,19,-6,1338,-900,-1529,228
21840,4022,-18,-94,1,-23,8,1335,-900,-1526,227
21860,4026,-24,-104,-4,-75,25,1345,-900,-1536,228
21880,4062,-40,-158,-7,-81,26,1359,-900,-1550,228
21900,4078,-53,-204,-2,-55,18,1370,-900,-1560,228
21920,4092,-60,-213,1,-26,5,1375,-900,-1566,228
21940,4061,-43,-173,-3,-8,5,1376,-900,-1566,228
21960,4060,-43,-179,-3,-1,2,1375,-900,-1565,228
21980,4062,-49,-182,-3,4,2,1373,-900,-1564,228
22000,4065,-47,-175,-2,13,-1,1369,-900,-1559,228
22020,4053,-40,-161,-1,13,-5,1364,-900,-1555,228
22040,4060,-43,-163,0,17,-5,1360,-900,-1551,228
22060,4046,-34,-142,1,-1,3,1358,-900,-1548,228
22080,4060,-42,-164,-3,-8,3,1358,-900,-1548,228
22100,4062,-44,-163,1,-7,3,1358,-900,-1548,228
22120,4058,-45,-166,-1,-1,-3,1356,-900,-1547,228
22140,4048,-36,-147,-4,-3,1,1355,-900,-1546,228
22160,4033,-33,-124,-2,-38,12,1357,-900,-1548,228
22180,4068,-51,-187,-3,-36,11,1363,-900,-1553,228
22200,4076,-52,-203,-1,-3,0,1364,-900,-1555,228
22220,4064,-46,-176,0,16,-4,1361,-900,-1552,228
22240,4052,-43,-151,0,7,-3,1358,-900,-1548,228
22260,4052,-42,-159,-1,0,0,1356,-900,-1546,228
22280,4047,-38,-153,0,-10,6,1355,-900,-1545,228
22300,4046,-35,-142,0,-30,10,1356,-900,-1547,228
22320,4066,-45,-186,0,-22,7,1360,-900,-1550,228
22340,4072,-49,-190,-1,-11,5,1361,-900,-1551,228
22360,4062,-50,-182,-2,3,-1,1359,-900,-1550,228
22380,4058,-42,-165,-3,8,-2,1357,-900,-1547,228
22400,4046,-33,-146,-4,-5,-1,1355,-900,-1546,228
22420,4060,-42,-172,-3,-3,1,1354,-900,-1545,228
22440,4067,-44,-179,-4,10,-3,1352,-900,-1542,228
22460,4048,-40,-153,-2,6,-1,1348,-900,-1538,228
22480,4050,-43,-146,0,4,-3,1344,-900,-1535,228
22500,4056,-39,-156,0,1,1,1341,-900,-1532,228
22520,4051,-36,-144,-2,-5,1,1340,-900,-1530,228
22540,4068,-44,-171,1,-5,2,1340,-900,-1530,228
22560,4061,-41,-158,-3,4,-2,1338,-900,-1528,228
22580,4059,-43,-158,-4,2,-4,1337,-900,-1527,228
22600,4060,-42,-162,1,0,0,1335,-900,-1526,228
22620,4061,-43,-160,0,8,-2,1333,-900,-1523,228
22640,4059,-38,-152,0,10,-2,1328,-900,-1518,228
22660,4063,-39,-155,1,16,-3,1323,-900,-1513,228
22680,4066,-43,-165,-1,16,-7,1317,-900,-1507,228
22700,4054,-34,-136,-2,19,-6,1309,-900,-1499,228
22720,4040,-23,-114,-2,4,0,1301,-900,-1492,228
22740,4040,-28,-120,0,-23,4,1303,-900,-1493,228
22760,4073,-44,-162,-1,-16,5,1307,-900,-1498,228
22780,4067,-43,-167,-2,-7,4,1308,-900,-1498,228
22800,4061,-36,-153,1,1,-2,1306,-900,-1496,228
22820,4061,-44,-162,-2,19,-4,1299,-900,-1490,228
22840,4050,-39,-126,3,7,-3,1291,-900,-1482,228
22860,4051,-83,-115,25,18,-5,1281,-900,-1471,228
22880,4101,-19,-240,0,36,-10,1305,-900,-1495,228
22900,4037,-36,-99,20,35,-12,1285,-900,-1474,228
22920,4052,-52,-104,32,31,-9,1263,-900,-1453,228
22940,4078,23,-191,25,17,-8,1245,-900,-1433,228
22960,4067,-34,-144,4,34,-9,1224,-900,-1413,228
22980,4058,-27,-122,0,38,-14,1187,-900,-1375,228
23000,4050,-22,-101,2,26,-10,1143,-900,-1332,228
23020,4040,-14,-86,-1,7,-2,1108,-900,-1297,228
23040,4047,-22,-93,-5,-12,5,1105,-900,-1294,228
23060,4060,-25,-113,-1,-21,7,1117,-900,-1306,228
23080,4069,-32,-131,0,-3,0,1122,-900,-1311,228
23100,4059,-29,-113,-5,6,-2,1108,-900,-1297,228
23120,4056,-30,-108,-1,-3,3,1098,-900,-1287,228
23140,4068,-27,-125,-1,6,-2,1082,-900,-1271,228
23160,4061,-26,-122,0,8,-1,1056,-900,-1244,228
23180,4064,-29,-121,-3,16,-5,1010,-900,-1198,228
23200,4036,-11,-81,-4,10,-4,944,-900,-1131,228
23220,4058,-25,-107,-2,6,-4,898,-900,-1085,228
23240,4049,-20,-95,-2,-4,0,870,-900,-1056,228
23260,4056,-19,-99,-1,-8,3,865,-900,-1051,228
23280,4059,-20,-111,-1,-7,4,871,-900,-1057,228
23300,4063,-25,-106,-1,-2,0,866,-900,-1051,228
23320,4061,-26,-108,-1,-5,1,857,-900,-1043,228
23340,4053,-20,-95,-1,-2,5,838,-900,-1023,228
23360,4056,-19,-101,-3,-1,2,822,-900,-1007,228
23380,4058,-20,-106,-2,2,0,798,-900,-983,228
23400,4061,-22,-102,-5,4,-3,770,-900,-954,228
23420,4051,-18,-86,0,-1,0,740,-900,-924,228
23440,4046,-17,-87,1,-8,5,733,-900,-916,228
23460,4061,-22,-102,-6,-4,0,731,-900,-915,228
23480,4056,-18,-103,-3,-2,0,719,-900,-902,228
23500,4056,-21,-99,-2,1,0,699,-900,-882,228
23520,4062,-23,-98,0,-6,3,687,-900,-869,228
23540,4059,-20,-102,-3,-8,3,683,-900,-865,228
23560,4059,-21,-102,-2,-2,3,668,-900,-850,228
23580,4064,-20,-104,-5,0,2,647,-900,-828,228
23600,4050,-20,-86,-2,-3,3,626,-900,-808,228
23620,4058,-22,-96,-1,-11,2,638,-900,-819,228
23640,4064,-21,-101,-2,-12,4,658,-900,-840,228
23660,4055,-24,-92,-2,-12,4,671,-900,-853,228
23680,4056,-18,-105,-4,-12,3,685,-900,-867,228
23700,4062,-24,-106,-2,-11,4,698,-900,-880,228
23720,4061,-19,-105,2,-6,3,705,-900,-888,228
23740,4060,-21,-108,-2,-2,-1,692,-900,-874,228
23760,4062,-23,-100,-3,0,2,670,-900,-852,228
23780,4077,-22,-125,-1,5,2,645,-900,-827,228
23800,4061,-21,-93,-2,22,0,554,-900,-734,228
23820,4059,-19,-94,-2,12,2,482,-900,-661,228
23840,4058,-17,-93,-4,17,1,422,-900,-600,228
23860,4072,-22,-98,1,18,-2,361,-900,-539,228
23880,4059,-23,-92,0,27,0,294,-900,-472,228
23900,4053,-18,-73,-4,23,2,233,-900,-411,228
23920,4056,-20,-78,-1,20,0,191,-900,-369,228
23940,4053,-18,-69,0,9,2,164,-900,-343,228
23960,4057,-22,-66,-2,15,4,142,-900,-321,228
23980,4061,-24,-80,-1,14,3,125,-900,-304,229
24000,4053,-19,-68,-1,8,1,110,-900,-289,228
24020,4045,-21,-42,-1,-5,1,101,-900,-281,228
24040,4064,-21,-80,-3,-6,3,102,-900,-281,228
24060,4057,-23,-66,-1,-2,2,100,-900,-280,228
24080,4062,-21,-87,1,7,2,94,-900,-274,228
24100,4058,-15,-62,0,12,2,80,-900,-260,228
24120,4064,-17,-81,3,16,-2,68,-900,-249,228
24140,4063,-21,-65,0,19,1,55,-900,-235,228
24160,4048,-18,-50,-1,15,1,40,-900,-221,228
24180,4053,-15,-52,1,-4,4,34,-900,-215,228
24200,4054,-18,-60,-2,2,2,30,-900,-211,228
24220,4058,-17,-59,-2,0,2,27,-900,-207,228
24240,4056,-16,-57,1,6,3,22,-900,-203,228
24260,4054,-20,-46,-1,0,1,17,-900,-198,228
24280,4054,-17,-60,0,-1,3,15,-900,-196,228
24300,4062,-16,-63,-3,-1,3,15,-900,-196,229
24320,4050,-16,-41,-2,0,1,11,-900,-192,228
24340,4051,-19,-42,-1,-6,3,10,-900,-191,228
24360,4050,-19,-39,-1,-21,6,15,-900,-196,228
24380,4062,-20,-64,2,-23,2,22,-900,-203,228
24400,4064,-22,-60,-2,-23,2,29,-900,-210,228
24420,4062,-16,-65,-3,-17,2,36,-900,-217,228
24440,4068,-18,-65,-2,-9,1,39,-900,-220,228
24460,4052,-16,-51,-4,-12,5,43,-900,-223,228
24480,4051,-19,-48,1,-28,6,51,-900,-231,228
24500,4063,-20,-72,-4,-20,4,61,-900,-241,228
24520,4061,-17,-69,-4,-13,5,68,-900,-248,228
24540,4068,-20,-84,-3,-11,2,72,-900,-252,228
24560,4066,-20,-82,0,6,4,69,-900,-249,228
24580,4050,-21,-54,-2,10,1,59,-900,-239,228
24600,4054,-18,-52,-1,9,3,51,-900,-231,228
24620,4062,-18,-72,-1,11,1,43,-900,-224,228
24640,4063,-20,-71,-2,22,-3,32,-900,-213,228
24660,4056,-17,-53,-2,22,0,19,-900,-200,228
24680,4048,-21,-41,-2,20,1,9,-900,-190,228
24700,4056,-16,-40,0,13,2,3,-900,-184,228
24720,4062,-17,-47,1,6,1,-2,-900,-178,228
24740,4060,-23,-49,-1,14,3,-7,-900,-173,228
24760,4059,-21,-45,2,19,0,-13,-900,-167,228
24780,4074,-21,-69,3,39,0,-21,-900,-159,228
24800,4053,-18,-25,1,42,2,-31,-900,-150,228
24820,4064,-15,-42,0,33,0,-40,-900,-141,229
24840,4056,-14,-28,-5,41,0,-49,-900,-132,228
24860,4051,-18,-6,-4,30,1,-56,-900,-125,228
24880,4051,-21,-7,-2,22,1,-60,-900,-121,228
24900,4052,-20,-6,-2,7,1,-64,-900,-118,228
24920,4053,-13,-7,-1,8,1,-65,-900,-116,228
24940,4062,-15,-18,-5,13,2,-67,-900,-114,228
24960,4051,-17,-1,-2,9,4,-69,-899,-113,228
24980,4061,-16,-11,1,6,-1,-70,-897,-112,229
25000,4053,-18,5,0,7,2,-71,-896,-110,228
25020,4053,-16,12,0,-14,4,-71,-896,-110,228
25040,4059,-17,-7,-2,-13,3,-70,-896,-111,228
25060,4055,-18,-9,-3,-13,2,-69,-897,-112,228
25080,4057,-15,-9,-1,-20,3,-68,-898,-113,229
25100,4063,-16,-19,-3,-13,3,-67,-900,-114,228
25120,4055,-16,-4,-4,-7,4,-67,-900,-115,228
25140,4058,-17,-8,-5,-9,2,-67,-900,-115,228
25160,4059,-13,-9,-2,-16,1,-67,-900,-115,228
25180,4060,-17,-8,-5,-16,4,-67,-900,-115,228
25200,4070,-16,-33,-3,-2,3,-67,-900,-115,228
25220,4059,-18,-14,0,1,3,-67,-900,-114,228
25240,4058,-16,-9,3,0,3,-68,-900,-113,228
25260,4058,-14,-14,-4,1,3,-69,-898,-113,228
25280,4056,-15,-6,-2,-5,1,-70,-898,-112,229
25300,4056,-16,-2,-5,-2,3,-70,-897,-112,228
25320,4058,-11,-15,-4,-9,3,-70,-898,-112,229
25340,4059,-15,-8,-1,-9,4,-69,-898,-112,228
25360,4066,-16,-25,-1,1,1,-70,-897,-112,228
25380,4074,-18,-31,0,15,0,-72,-896,-110,228
25400,4074,-19,-30,-2,42,-4,-76,-895,-106,228
25420,4052,-10,14,3,50,0,-82,-893,-100,229
25440,4042,-10,29,-3,35,0,-86,-891,-95,228
25460,4040,-12,33,-2,6,0,-89,-891,-93,228
25480,4042,-10,34,0,-17,4,-89,-891,-93,228
25500,4054,-16,10,-2,-14,1,-89,-891,-93,229
25520,4070,-22,-15,-6,-1,2,-89,-891,-93,228
25540,4051,-12,18,-4,0,1,-89,-891,-93,228
25560,4046,-14,18,-4,-1,1,-90,-891,-92,228
25580,4034,-12,52,-2,-30,6,-89,-891,-93,228
25600,4059,-16,10,-2,-50,4,-85,-892,-97,229
25620,4057,-18,3,-5,-46,5,-81,-893,-101,228
25640,4062,-14,-12,-4,-27,4,-78,-894,-104,229
25660,4061,-17,-6,-2,-28,4,-76,-894,-106,228
25680,4056,-12,2,-2,-26,5,-74,-895,-108,229
25700,4066,-16,-15,-2,-19,3,-73,-896,-109,228
25720,4062,-16,-13,-4,-15,4,-71,-896,-111,228
25740,4056,-14,-1,0,-3,2,-71,-896,-111,228
25760,4055,-16,1,-1,-17,2,-70,-896,-112,228
25780,4058,-13,-11,-3,-15,3,-69,-897,-113,228
25800,4064,-18,-22,-4,-12,2,-69,-898,-113,228
25820,4056,-15,-3,0,-6,2,-68,-898,-113,229
25840,4059,-15,-8,1,-8,4,-68,-898,-113,228
25860,4052,-15,6,-2,-18,3,-68,-898,-113,228
25880,4051,-14,-1,-2,-28,4,-67,-900,-115,228
25900,4054,-11,-8,-1,-31,2,-64,-900,-117,228
25920,4061,-18,-18,-4,-31,4,-61,-900,-121,228
25940,4066,-18,-33,-1,-20,3,-58,-900,-123,228
25960,4060,-15,-27,-3,-12,2,-56,-900,-125,228
25980,4073,-17,-47,-1,7,3,-56,-900,-125,229
26000,4065,-16,-35,-3,23,2,-59,-900,-122,228
26020,4059,-17,-20,-1,28,4,-63,-900,-118,229
26040,4050,-17,11,-2,18,1,-67,-900,-115,228
26060,4053,-18,-4,-1,2,1,-69,-897,-113,229
26080,4052,-13,-1,-1,-4,4,-70,-897,-112,228
26100,4056,-20,-2,-3,-8,1,-70,-897,-112,228
26120,4062,-16,-19,-3,-6,2,-69,-897,-113,229
26140,4056,-14,-2,-1,-2,3,-69,-897,-112,229
26160,4057,-16,10,-3,-15,4,-69,-897,-113,229
26180,4048,-16,7,1,-33,4,-67,-899,-115,228
26200,4061,-17,-18,-1,-35,5,-63,-900,-118,229
26220,4063,-16,-28,-1,-29,3,-60,-900,-121,229
26240,4045,-6,-20,-8,-30,7,-56,-900,-125,228
26260,4048,-20,-6,-3,-27,3,-53,-900,-129,228
26280,4067,-22,-43,-3,-25,1,-49,-900,-132,229
26300,4057,-20,-18,1,-19,3,-47,-900,-134,228
26320,4062,-22,-32,0,-17,4,-44,-900,-137,229
26340,4056,-21,-30,-2,-5,1,-44,-900,-137,229
26360,4064,-19,-24,1,3,1,-45,-900,-136,229
26380,4067,-17,-35,-4,12,1,-47,-900,-134,229
26400,4066,-18,-28,0,13,1,-51,-900,-131,229
26420,4053,-16,-14,-3,14,-1,-55,-900,-126,229
26440,4049,-18,0,-1,5,2,-58,-900,-123,229
26460,4056,-12,-7,-5,-8,3,-58,-900,-124,229
26480,4061,-19,-22,-2,-10,2,-57,-900,-124,228
26500,4060,-16,-23,-3,-12,0,-57,-900,-124,228
26520,4060,-20,-21,1,-7,2,-57,-900,-124,228
26540,4046,-15,2,-5,-15,0,-58,-900,-124,228
26560,4048,-16,-6,-3,-37,1,-55,-900,-126,228
26580,4060,-17,-18,0,-42,4,-50,-900,-131,229
26600,4058,-21,-26,-1,-40,6,-43,-900,-138,228
26620,4072,-18,-49,-2,-29,7,-37,-900,-144,228
26640,4063,-14,-40,-6,-23,3,-33,-900,-148,228
26660,4061,-15,-37,-3,-16,2,-31,-900,-150,228
26680,4060,-16,-33,1,-15,2,-29,-900,-152,228
26700,4067,-14,-48,-1,-14,3,-27,-900,-154,229
26720,4072,-22,-62,-3,16,0,-30,-900,-151,228
26740,4063,-18,-46,1,22,1,-36,-900,-145,228
26760,4062,-20,-32,-3,35,-2,-44,-900,-137,228
26780,4050,-15,-13,-2,21,2,-50,-900,-131,228
26800,4048,-16,-11,-1,2,2,-53,-900,-128,228
26820,4059,-18,-26,-1,6,2,-55,-900,-126,228
26840,4056,-13,-8,-1,1,2,-57,-900,-124,228
26860,4054,-12,-8,-2,-13,4,-57,-900,-124,228
26880,4047,-18,-2,-1,-27,5,-56,-900,-126,228
26900,4062,-21,-32,-3,-22,1,-53,-900,-128,228
26920,4057,-20,-21,-4,-20,4,-52,-900,-130,228
26940,4063,-14,-28,-2,-19,3,-50,-900,-131,229
26960,4062,-20,-29,-1,-10,2,-49,-900,-132,229
26980,4066,-18,-33,-2,2,2,-49,-900,-132,228
27000,4066,-22,-39,-1,16,3,-51,-900,-130,228
27020,4070,-16,-41,0,28,1,-55,-900,-126,228
27040,4062,-16,-23,-1,33,3,-60,-900,-121,228
27060,4056,-23,-10,2,25,-1,-64,-900,-117,228
27080,4060,-13,-4,-2,29,1,-68,-898,-113,228
27100,4064,-12,-18,0,33,0,-73,-895,-109,229
27120,4044,-16,16,-2,26,-2,-77,-894,-104,229
27140,4048,-14,19,1,4,0,-79,-893,-103,229
27160,4055,-14,12,-1,-15,2,-79,-893,-103,229
27180,4063,-14,-17,-2,-7,3,-78,-893,-103,228
27200,4062,-18,-5,-2,3,2,-79,-893,-102,228
27220,4056,-15,-5,-5,10,3,-80,-893,-102,228
27240,4057,-16,0,0,5,0,-82,-892,-99,228
27260,4047,-14,26,-3,0,2,-84,-892,-98,228
27280,4056,-10,0,-2,2,1,-85,-892,-97,228
27300,4052,-17,10,1,-4,1,-85,-892,-97,229
27320,4054,-12,17,-5,-8,3,-85,-891,-96,228
27340,4055,-19,12,0,-12,2,-85,-892,-97,229
27360,4058,-14,8,-4,-15,1,-85,-892,-97,229
27380,4046,-15,18,-2,-21,0,-85,-892,-97,229
27400,4059,-18,8,-3,-29,1,-83,-893,-99,228
27420,4070,-19,-3,1,-22,3,-81,-893,-101,228
27440,4069,-18,-18,-2,-7,2,-81,-893,-101,229
27460,4090,-18,-47,-2,21,-1,-82,-893,-99,228
27480,4074,-14,-20,-3,48,2,-87,-892,-95,229
27500,4043,-16,40,-6,62,-2,-93,-890,-89,228
27520,4077,-7,-34,-11,60,-3,-97,-889,-85,229
27540,3877,482,-769,-457,-123,-3,-103,-889,-82,229
27560,4271,-574,901,-174,78,-1,-101,-890,-90,228
27580,3825,178,16,-95,-75,6,-105,-889,-88,229
27600,3977,295,-601,-1055,-501,26,-93,-900,-108,229
27620,3507,-108,-89,-59,-647,39,6,-900,-213,228
27640,4365,248,-783,163,-1242,390,1354,-900,-1567,229
27660,4180,100,285,-152,21,4,1326,-900,-1537,229
27680,4042,-358,218,3,-54,5,1322,-900,-1534,228
27700,4020,9,-23,-17,-182,16,1346,-900,-1558,228
27720,4111,283,-442,-56,-52,5,1385,-894,-1598,229
27740,4124,-174,-781,-196,78,-7,1406,-894,-1621,229
27760,3980,-439,402,-119,98,-2,1337,-900,-1555,228
27780,4029,345,-277,-301,-134,21,1373,-897,-1593,228
27800,4093,-24,-279,-143,45,0,1380,-897,-1604,228
27820,4033,-286,-174,-3,8,0,1347,-898,-1571,228
27840,4042,-42,-132,-2,-10,1,1344,-900,-1568,228
27860,4023,-32,-46,-5,-123,10,1357,-895,-1581,229
27880,4009,-34,-24,-3,-278,20,1394,-890,-1618,228
27900,4002,-33,-54,-8,-432,29,1436,-883,-1659,229
27920,4017,-42,-150,-9,-593,42,1471,-875,-1694,228
27940,4042,-56,-338,-4,-645,44,1495,-865,-1718,228
27960,4052,-60,-489,-5,-598,42,1510,-856,-1733,228
27980,4058,-67,-577,-4,-518,36,1519,-848,-1742,229
28000,4065,-72,-656,-3,-407,28,1525,-842,-1748,229
28020,3990,-1371,-1586,-209,-271,38,1528,-837,-1751,229
28040,4041,555,36,92,-187,7,1527,-835,-1752,229
28060,4045,238,-714,437,-214,-65,1536,-832,-1756,229
28080,4028,227,-643,340,33,-48,1542,-832,-1758,229
28100,4078,-50,-562,220,230,-45,1545,-834,-1757,229
28120,4386,671,-400,-180,418,-41,1550,-839,-1762,229
28140,5061,-32,-521,-309,391,-644,1601,-846,1782,228
28160,4265,537,-968,-247,-21,-1099,1754,-846,1627,228
28180,4030,-521,-850,-519,-326,-1146,1886,-837,1489,228
28200,4234,-681,-558,-457,-100,-1168,1984,-826,1385,228
28220,4573,36,-581,-467,-14,-1436,2075,-813,1289,229
28240,4382,114,-444,-430,105,-1793,2164,-795,1196,228
28260,3870,478,-394,-412,112,-1939,2237,-773,1119,229
28280,3960,1001,-121,-246,422,-2124,2300,-748,1053,229
28300,3964,969,-388,-15,233,-2232,2349,-720,1007,229
28320,3984,705,-664,-183,-10,-2479,2374,-688,983,228
28340,3390,972,-584,-231,-89,-2560,2389,-654,966,228
28360,3751,1380,-909,-740,157,-2361,2401,-621,949,229
28380,3441,1479,-302,-677,328,-2228,2416,-591,928,229
28400,2970,2558,132,-303,624,-2184,2434,-561,907,228
28420,2724,3040,-491,31,514,-2508,2454,-528,890,229
28440,3012,2282,-513,-169,509,-3060,2467,-488,880,229
28460,2756,2424,-490,-286,582,-2991,2479,-445,870,228
28480,2720,2698,-336,-619,449,-2409,2487,-407,860,228
28500,2284,3227,-86,-591,61,-1840,2489,-377,852,228
28520,2053,3350,218,-494,104,-1578,2490,-353,844,228
28540,2152,3347,258,-275,128,-1639,2491,-330,839,229
28560,1883,3490,163,-64,401,-1687,2495,-305,835,229
28580,1809,3303,110,-309,464,-1687,2501,-282,831,229
28600,2070,4188,-76,97,-8,-1583,2502,-259,829,229
28620,1680,3521,146,-176,-14,-1572,2503,-237,827,229
28640,1581,3696,248,-330,-21,-1475,2502,-216,824,229
28660,1172,3791,396,-407,-165,-1397,2499,-196,820,229
28680,312,4320,685,-86,93,-1004,2497,-179,817,229
28700,486,4268,336,28,112,-499,2498,-170,817,229
28720,1227,3798,190,-44,66,-465,2499,-163,817,229
28740,1501,3597,206,-158,-9,-654,2499,-156,816,229
28760,1019,3822,388,-149,36,-799,2498,-145,814,228
28780,654,3859,442,-80,23,-844,2498,-133,813,228
28800,691,3491,198,-197,55,-1223,2497,-119,812,229
28820,472,3449,70,-636,423,-1805,2498,-95,807,229
28840,209,4790,534,-720,577,-1387,2504,-71,797,228
28860,355,4651,859,-285,50,-467,2506,-59,790,229
28880,146,4228,510,-155,34,-192,2505,-55,788,228
28900,144,4073,506,-190,-5,-103,2506,-53,786,228
28920,469,3902,525,-251,-28,-144,2505,-51,783,229
28940,344,3955,725,-249,-71,-182,2504,-49,779,229
28960,303,3964,758,-174,-93,-180,2503,-46,776,229
28980,415,3870,647,-255,-142,-261,2501,-43,773,229
29000,255,3952,733,-145,-102,-290,2498,-39,771,228
29020,213,3967,750,-82,-86,-283,2497,-35,769,228
29040,214,3775,614,-155,25,-297,2496,-32,768,229
29060,224,3884,680,-293,155,-340,2496,-26,765,228
29080,240,3949,712,-76,-69,-368,2495,-22,764,228
29100,-220,4039,864,-208,118,-302,2496,-17,761,229
29120,-180,4340,588,-201,48,-144,2496,-13,758,229
29140,-39,3933,697,-244,5,-98,2497,-11,755,229
29160,104,3869,887,-299,-30,-250,2496,-9,751,229
29180,119,3895,761,-26,185,-286,2497,-5,749,229
29200,-158,4134,899,59,103,-3,2498,-2,748,229
29220,-84,3918,674,-81,34,60,2499,-2,748,228
29240,-234,4045,851,-40,79,75,2500,-2,747,228
29260,160,3930,780,-59,191,69,2503,-3,747,228
29280,72,3972,886,-64,147,44,2505,-3,746,228
29300,183,3950,788,-35,73,19,2507,-3,745,229
29320,107,3938,845,-41,-53,-12,2507,-3,745,229
29340,-30,3912,950,-40,-66,-11,2506,-3,744,229
29360,-2,3872,807,-81,-38,-13,2506,-3,744,228
29380,86,4002,916,-132,-181,-43,2504,-3,741,229
29400,-82,3889,935,-8,17,-9,2503,-3,740,228
29420,-6,3941,871,157,129,34,2504,-3,742,229
29440,-67,3963,668,95,99,27,2505,-3,744,228
29460,46,3929,1052,134,29,11,2507,-3,745,229
29480,45,3910,998,192,-61,-12,2507,-3,748,229
29500,-65,4034,442,103,-96,-10,2505,-3,749,229
29520,218,3804,1094,-166,-489,-106,2501,-3,749,229
29540,-128,4034,776,-16,-307,-56,2495,-2,747,229
29560,2,3934,1001,240,-137,-33,2492,-2,749,229
29580,-16,3967,745,206,-43,-4,2491,-2,753,229
29600,3,3939,908,280,-10,0,2491,-2,756,228
29620,0,4055,286,195,-14,7,2491,-2,760,229
29640,-44,3963,261,-218,260,47,2494,-2,760,229
29660,95,4010,1076,-150,110,19,2497,-2,758,229
29680,-302,4065,-38,-130,573,137,2500,-2,758,229
29700,42,3945,1421,270,448,90,2509,-2,757,229
29720,60,3923,787,388,418,75,2515,-3,762,229
29740,159,3965,702,234,75,16,2518,-3,766,228
29760,6,3983,650,160,-47,-8,2518,-3,769,229
29780,-8,3989,656,159,-4,3,2517,-3,771,229
29800,-12,4004,569,187,-8,-3,2517,-3,773,229
29820,4,4000,579,143,-7,2,2517,-3,776,229
29840,1,3993,563,141,-4,1,2517,-3,778,229
29860,-3,3970,923,275,-9,0,2517,-2,781,229
29880,-5,3968,855,438,-13,-2,2517,-2,785,229
29900,-7,4011,446,463,-6,-2,2517,-2,792,228
29920,-15,4046,184,359,-10,-3,2517,-3,798,229
29940,30,4042,126,235,-5,-1,2517,-3,803,229
29960,-21,4044,255,80,-12,-2,2517,-2,805,229
29980,4,3997,739,167,-61,-6,2517,-2,806,229
30000,-14,4024,416,260,-96,-7,2515,-2,809,229
30020,-20,4053,124,160,-19,-1,2514,-2,813,229
30040,-26,4032,375,148,-24,2,2514,-2,815,229
30060,0,4041,323,125,-30,0,2514,-2,817,229
30080,-7,4040,204,85,-6,2,2514,-2,818,229
30100,-11,4047,244,3,-5,3,2514,-2,819,229
30120,0,4040,254,-35,-1,-2,2514,-2,819,229
30140,-17,4046,218,-47,-4,-6,2514,-2,818,229
30160,-13,4035,382,-70,-4,-3,2514,-2,817,229
30180,-15,4035,372,-63,-8,-1,2514,-2,817,229
30200,-13,4031,408,-38,-7,2,2514,-1,816,229
30220,-12,4027,435,19,-4,1,2514,-1,816,228
30240,-12,4036,322,24,-4,1,2514,-1,816,229
30260,-14,4042,308,-9,-9,2,2514,-1,816,229
30280,-12,4047,288,-36,-10,5,2514,-1,816,229
30300,-15,4032,363,-54,-10,7,2514,-1,815,229
30320,-10,4018,471,3,-7,1,2514,-1,815,229
30340,-19,4038,311,5,-5,2,2514,-1,815,229
30360,-21,4044,284,-23,-4,2,2514,-1,815,229
30380,-17,4031,366,-41,-7,3,2514,-1,815,229
30400,-41,4059,144,-117,146,24,2515,-1,814,229
30420,-22,4028,501,-122,81,10,2518,-1,812,229
30440,-46,4042,328,-115,68,17,2518,-1,810,228
30460,-14,4031,400,-127,26,7,2519,-1,809,229
30480,-22,4015,588,-79,82,15,2520,-1,807,229
30500,-6,4018,541,33,5,7,2520,-1,807,229
30520,-14,4032,388,46,63,12,2521,-1,807,229
30540,-12,4036,330,31,-9,4,2521,-1,808,229
30560,-17,4040,302,-33,-14,2,2521,-1,808,229
30580,-10,4026,466,-41,-25,1,2521,-1,808,229
30600,-17,4022,456,-7,-3,6,2521,-1,807,229
30620,-12,4034,333,-23,-7,6,2521,-1,807,229
30640,-18,4029,418,-50,-7,7,2521,0,807,229
30660,-6,4017,530,11,-6,5,2521,0,806,229
30680,-14,4037,368,6,-3,4,2521,0,807,229
30700,-15,4035,357,-37,-4,4,2521,0,806,229
30720,-10,4027,394,-68,-7,2,2521,0,806,229
30740,-15,4020,470,-69,-7,7,2521,0,805,229
30760,-11,4019,505,-26,-5,5,2521,0,804,229
30780,-18,4022,410,-5,-11,4,2521,0,804,229
30800,-16,4017,513,0,-8,3,2521,0,804,229
30820,-10,4021,542,59,-3,4,2521,0,804,229
30840,-10,4035,369,55,-2,-1,2521,0,805,229
30860,-13,4031,346,2,-10,4,2521,0,805,229
30880,-17,4037,337,-44,-12,4,2521,0,805,229
30900,-10,4025,462,-66,-8,5,2521,0,804,229
30920,-15,4022,488,-45,-8,4,2521,0,804,229
30940,-14,4020,502,-17,-8,5,2521,0,803,229
30960,-9,4027,421,-21,-3,3,2521,0,803,229
30980,-14,4022,501,-7,-6,3,2521,0,803,229
31000,-13,4014,508,21,-2,5,2521,0,803,229
31020,-20,4025,365,34,114,20,2522,0,803,229
31040,-6,4011,571,74,125,22,2524,0,804,229
31060,-3,4029,412,72,64,12,2525,0,805,229
31080,-14,4024,487,109,2,4,2525,0,807,229
31100,-8,4024,406,131,-7,2,2525,0,808,229
31120,-6,4053,169,44,-9,0,2525,0,810,229
31140,-10,4028,433,15,-4,0,2525,0,810,229
31160,-18,4038,277,-17,-9,2,2525,0,810,229
31180,-16,4034,364,-45,-9,4,2525,0,810,229
31200,-14,4024,469,-8,-8,5,2525,0,809,229
31220,-11,4017,508,26,-9,3,2525,0,809,229
31240,-12,4026,426,56,-10,3,2525,0,810,229
31260,-12,4030,381,59,-8,2,2525,0,811,229
31280,-10,4047,285,36,-7,3,2525,0,812,229
31300,-7,4033,286,-29,-5,0,2525,0,812,229
31320,-14,4040,276,-48,-21,2,2525,0,811,229
31340,-42,4068,87,-189,-17,4,2525,0,810,229
31360,-15,4014,531,-147,-6,4,2525,0,807,229
31380,-17,4006,504,-80,-7,2,2525,0,806,229
31400,-12,4014,647,15,-3,3,2525,0,805,229
31420,-7,4019,511,78,-4,3,2525,0,806,229
31440,-13,4020,488,122,-4,0,2525,0,807,229
31460,-17,4028,410,153,-4,5,2525,0,809,229
31480,-12,4032,379,123,-8,2,2525,0,811,229
31500,-15,4035,281,116,-7,3,2525,0,813,229
31520,-10,4024,424,89,-13,3,2525,0,814,229
31540,-12,4035,370,116,-6,3,2525,0,816,229
31560,-18,4041,318,96,-6,4,2525,0,817,230
31580,-9,4045,265,79,-7,2,2525,0,819,230
31600,-19,4053,193,9,-3,2,2525,0,820,229
31620,-18,4042,311,-20,-5,0,2525,0,819,230
31640,-21,4046,273,-45,-10,5,2525,0,819,229
31660,-4,4047,429,-33,-3,0,2525,0,818,229
31680,-14,4038,346,-34,-5,3,2525,0,818,229
31700,-15,4031,354,-20,-7,2,2525,0,818,229
31720,-12,4034,397,6,-8,4,2525,0,818,229
31740,-20,4035,365,22,-7,4,2525,0,818,229
31760,-15,4031,331,40,-6,0,2525,0,818,229
31780,-13,4039,276,12,-12,2,2525,0,819,229
31800,-15,4038,364,8,-10,1,2525,0,819,229
31820,-14,4044,279,-22,-7,2,2525,0,819,229
31840,-11,4040,368,10,-11,2,2525,0,819,229
31860,-21,4038,292,54,-6,6,2525,0,819,229
31880,-10,4025,330,27,-7,4,2525,0,819,229
31900,-11,4041,335,2,-2,3,2525,0,819,229
31920,-10,4038,339,1,-6,6,2525,0,819,229
31940,-13,4038,320,7,-5,4,2525,0,819,229
31960,-11,4034,354,13,-5,1,2525,0,820,229
31980,-12,4040,322,16,-10,4,2525,0,820,229
32000,-15,4041,298,26,-4,2,2525,0,820,229
32020,-13,4042,289,7,-6,3,2525,0,821,230
32040,-15,4041,310,3,-4,2,2526,0,821,229
32060,-13,4052,347,4,-7,2,2526,0,821,230
32080,-15,4039,322,6,-8,3,2526,0,821,229
32100,-15,4039,352,28,-5,0,2526,0,821,229
32120,-11,4042,303,32,-6,2,2526,0,822,229
32140,-17,4040,282,17,-9,1,2526,0,822,229
32160,-14,3993,264,69,-7,1,2526,0,822,229
32180,-16,4043,268,36,-8,2,2526,0,823,230
32200,-12,4048,336,18,-7,1,2526,0,823,229
32220,-12,4042,250,2,-9,4,2526,0,824,230
32240,-11,4037,276,23,-5,3,2526,0,824,229
32260,-12,4046,315,13,-5,1,2526,0,824,230
32280,-11,4044,289,-4,-11,4,2526,0,824,230
32300,-10,4013,288,26,-8,2,2526,0,825,229
32320,-11,4039,277,43,-7,3,2526,0,825,229
32340,-13,4038,280,40,-9,5,2526,0,826,229
32360,-15,4042,320,24,-9,0,2526,0,826,229
32380,-12,4042,296,26,-8,4,2526,0,826,230
32400,-14,4042,263,26,-8,0,2526,0,827,230
32420,-13,4043,262,48,-11,4,2525,1,827,229
32440,-9,4044,254,37,-8,5,2525,0,828,229
32460,-13,4043,291,65,-10,5,2525,0,829,229
32480,-13,4049,237,50,-14,1,2525,0,830,229
32500,-20,4045,208,21,-61,-4,2525,0,830,229
32520,-10,4007,217,143,-104,-1,2524,0,831,229
32540,-10,4056,328,77,-23,3,2523,0,832,230
32560,-19,4052,258,66,-29,-1,2523,0,833,229
32580,-10,4049,201,63,-36,1,2523,0,834,229
32600,-9,4044,184,35,-11,1,2523,0,835,230
32620,-12,4049,187,16,-9,3,2523,0,835,229
32640,-11,4046,233,16,-8,3,2523,1,836,229
32660,-10,4041,224,37,-7,3,2523,0,836,229
32680,-9,4050,161,36,-5,2,2523,1,837,229
32700,-14,4038,215,38,-7,1,2523,1,837,229
32720,-12,4055,252,66,-4,2,2523,1,838,229
32740,-10,4038,250,103,-8,1,2523,1,839,229
32760,-14,4054,169,118,-6,1,2523,1,841,229
32780,-13,4059,102,62,-7,4,2523,1,842,229
32800,-16,4052,121,47,-7,2,2523,1,843,230
32820,-10,4042,166,45,-9,6,2523,0,843,230
32840,-6,4046,188,61,-8,0,2523,0,844,229
32860,-11,4056,136,69,-9,2,2523,0,845,229
32880,-9,4052,133,36,-7,1,2523,0,846,230
32900,-18,4051,170,52,-7,4,2523,0,847,229
32920,-18,4054,178,80,-12,4,2523,0,847,230
32940,-17,4043,211,142,-139,-7,2522,0,849,229
32960,-13,4053,110,120,-17,3,2521,0,851,230
32980,-15,4042,108,118,-22,1,2521,0,852,229
33000,-18,4064,9,124,-71,-2,2520,1,854,230
33020,-13,4054,56,89,-21,0,2520,0,856,229
33040,-16,4056,51,82,-13,1,2520,0,857,229
33060,-17,4050,101,100,-35,0,2519,0,858,229
33080,-18,4048,123,128,-18,3,2519,0,860,230
33100,-11,4054,26,123,-8,1,2519,0,862,229
33120,-14,4049,67,153,-38,0,2519,0,863,229
33140,-18,4054,50,167,-21,0,2519,0,866,229
33160,-12,4060,-61,167,-32,-2,2518,0,868,230
33180,-12,4054,-62,135,-11,1,2518,0,870,229
33200,-15,4053,-31,149,-15,3,2518,0,872,230
33220,-13,4048,-29,154,-8,-2,2518,0,874,229
33240,-21,4048,10,190,-34,1,2518,0,877,229
33260,18,4060,-248,220,-80,2,2516,0,880,229
33280,-14,4055,-141,243,-49,-3,2516,0,883,229
33300,-16,4070,-314,158,-8,1,2516,0,886,229
33320,-17,4062,-327,39,-3,2,2516,0,888,230
33340,-15,4058,-250,-21,-3,2,2516,0,888,229
33360,-17,4058,-188,-44,-4,2,2516,0,887,229
33380,-22,4051,-92,-27,-7,3,2516,0,887,229
33400,-15,4055,-131,2,-5,2,2516,0,887,229
33420,-17,4060,-231,-54,-4,3,2516,0,886,229
33440,-17,4056,-147,-57,-7,4,2516,0,886,229
33460,-17,4057,-157,-70,-5,1,2516,0,885,229
33480,-22,4053,-130,-67,-4,3,2516,1,884,229
33500,-16,4052,-109,-67,-4,2,2516,1,883,229
33520,16,4031,-107,-20,42,2,2516,1,882,229
33540,-40,4071,-70,-25,6,-1,2517,1,882,230
33560,-19,4059,-56,18,0,1,2517,1,882,230
33580,-18,4053,-106,29,-4,3,2517,1,882,230
33600,-18,4056,-122,41,13,1,2518,1,883,229
33620,-19,4055,-89,41,0,4,2518,1,884,230
33640,-20,4061,-108,49,-9,5,2518,1,884,229
33660,-14,4053,-168,37,-12,3,2518,1,885,229
33680,-13,4059,-137,39,-9,1,2518,1,885,229
33700,-19,4058,-218,14,-9,0,2518,1,886,229
33720,-14,4056,-155,-10,-6,1,2518,1,886,230
33740,-13,4058,-196,-32,-7,1,2518,1,886,230
33760,-14,4056,-151,-64,-3,2,2518,1,885,229
33780,-15,4054,-127,-56,-8,2,2518,1,884,230
33800,-15,4056,-132,-58,-8,2,2518,1,883,230
33820,-18,4053,-100,-55,-7,4,2518,1,883,230
33840,-17,4048,-38,-15,-9,2,2518,1,882,230
33860,-16,4052,-111,2,-8,2,2518,1,882,230
33880,-18,4052,-103,6,-5,3,2518,1,882,230
33900,-17,4055,-118,11,-8,2,2518,1,882,229
33920,-19,4056,-84,23,-26,3,2518,1,883,230
33940,-14,4055,-162,6,-15,1,2518,1,883,230
33960,-17,4055,-140,-8,-11,2,2518,1,883,230
33980,-21,4056,-125,-19,-7,3,2517,1,883,229
34000,-17,4057,-117,-18,-9,1,2517,1,883,230
34020,-18,4059,-114,-18,-17,1,2517,1,882,229
34040,-23,4051,-97,-4,-10,6,2517,1,882,230
34060,-18,4054,-92,16,-14,3,2517,1,882,230
34080,-20,4056,-166,9,-8,2,2517,1,883,229
34100,-15,4058,-151,-14,-10,2,2517,1,883,230
34120,-18,4054,-115,-10,-3,1,2517,1,882,229
34140,-15,4059,-103,-9,-6,3,2517,1,882,230
34160,-16,4054,-110,-7,-4,5,2517,1,882,229
34180,-19,4056,-111,-9,-10,2,2517,1,882,230
34200,-13,4051,-98,-3,-11,1,2517,1,882,230
34220,-16,4055,-124,21,-9,5,2517,1,882,229
34240,-17,4063,-128,-1,-7,3,2517,1,882,230
34260,-15,4049,-112,2,-7,2,2517,1,882,229
34280,-20,4055,-86,12,-6,3,2517,1,882,230
34300,-19,4052,-122,13,-9,3,2517,1,883,229
34320,-20,4052,-114,17,-7,0,2517,1,883,230
34340,-18,4056,-138,18,-9,4,2517,1,883,230
34360,-18,4059,-145,7,-6,5,2517,1,883,230
34380,-20,4059,-125,0,-8,2,2517,1,883,230
34400,-18,4056,-144,-12,-13,3,2517,1,883,229
34420,-16,4059,-160,-5,-22,7,2517,1,883,229
34440,-12,4055,-133,-1,-8,4,2517,1,883,230
34460,-16,4056,-140,-7,-10,2,2517,1,883,229
34480,-18,4057,-134,-18,-10,0,2517,1,883,230
34500,-20,4052,-105,-14,-6,0,2517,1,883,230
34520,-24,4060,-114,-7,-8,2,2517,1,883,229
34540,-19,4062,-141,-17,-11,5,2517,1,883,230
34560,-19,4059,-158,-38,-9,4,2517,1,882,230
34580,-16,4052,-108,-35,-7,3,2517,1,882,229
34600,-14,4058,-124,-42,-6,2,2517,1,881,230
34620,-16,4052,-92,-44,-4,1,2517,1,881,230
34640,-19,4051,-65,-22,-6,2,2517,1,880,229
34660,-20,4051,-58,-6,-6,-1,2517,1,880,229
34680,-19,4055,-90,14,-7,6,2517,1,880,229
34700,-16,4062,-135,2,-8,1,2517,1,880,229
34720,-17,4056,-114,-5,-4,-1,2517,1,880,230
34740,-17,4058,-73,0,-5,4,2517,1,880,230
34760,-15,4053,-63,22,-8,6,2517,1,880,230
34780,-19,4055,-95,28,-11,6,2517,1,881,230
34800,-15,4052,-112,34,-8,2,2517,1,881,230
34820,-22,4057,-129,28,-5,3,2517,1,882,230
34840,-18,4053,-140,13,-6,-1,2517,1,882,230
34860,-17,4057,-129,2,-5,3,2517,1,882,230
34880,-16,4055,-112,2,-4,1,2517,1,882,229
34900,-20,4055,-115,2,-9,2,2517,1,882,230
34920,-18,4057,-139,0,-6,3,2517,1,882,230
34940,-21,4055,-142,-11,-10,4,2517,1,882,230
34960,-18,4051,-125,-14,-9,4,2517,1,882,230
34980,-9,4053,-130,-23,-5,3,2517,1,882,230
35000,-16,4056,-105,-23,-7,1,2517,1,882,230
35020,-18,4048,-94,-16,-7,2,2517,1,881,229
35040,-16,4056,-84,-1,-10,2,2517,1,881,230
35060,-18,4052,-98,10,-8,2,2517,1,881,230
35080,-22,4056,-112,10,-8,1,2517,1,882,229
35100,-16,4056,-106,14,-7,4,2517,1,882,230
35120,-18,4055,-153,5,-5,4,2517,1,882,230
35140,-15,4055,-107,0,-4,1,2517,1,882,230
35160,-17,4052,-120,-3,-12,5,2517,1,882,230
35180,-20,4054,-131,-10,-9,4,2517,1,882,230
35200,-17,4055,-128,-18,-6,3,2517,1,882,230
35220,-18,4054,-115,-20,-4,3,2517,1,882,230
35240,-19,4056,-116,-25,-6,4,2517,1,881,230
35260,-17,4053,-98,-27,-7,3,2517,1,881,230
35280,-19,4054,-118,-24,-4,5,2517,1,881,230
35300,-18,4056,-104,-24,-4,2,2517,1,880,230
35320,-17,4057,-92,-25,-3,1,2517,1,880,230
35340,-16,4054,-81,-18,-7,3,2517,1,880,230
35360,-15,4054,-88,-3,-6,4,2517,1,880,230
35380,-16,4050,-99,-1,-6,4,2517,1,880,230
35400,-18,4056,-102,-3,-5,4,2517,1,880,230
35420,-20,4055,-73,6,-7,1,2517,1,880,230
35440,-20,4053,-94,11,-9,2,2517,1,880,230
35460,-19,4057,-107,8,-6,1,2517,1,880,230
35480,-22,4050,-88,13,-8,4,2517,1,880,230
35500,-18,4056,-94,23,-6,2,2517,1,880,230
35520,-17,4060,-109,23,-7,2,2517,1,881,229
35540,-19,4058,-141,11,-9,0,2517,1,881,230
35560,-16,4056,-135,-3,-11,1,2517,1,881,230
35580,-18,4055,-114,-16,-9,3,2517,1,881,230
35600,-19,4054,-107,-21,-8,3,2517,1,881,230
35620,-20,4053,-93,-20,-4,2,2517,1,881,230
35640,-14,4061,-105,-12,-6,1,2517,1,880,230
35660,-17,4058,-84,-6,-8,3,2517,1,880,230
35680,-18,4053,-113,-1,-9,3,2517,1,880,230
35700,-18,4056,-83,1,-6,2,2517,1,880,230
35720,-21,4053,-88,2,-10,5,2517,1,880,230
35740,-20,4057,-98,10,-4,2,2517,1,880,230
35760,-19,4053,-108,8,-8,3,2517,1,881,230
35780,-20,4056,-98,11,-10,3,2517,1,881,230
35800,-15,4058,-109,11,-9,3,2517,1,881,230
35820,-17,4060,-124,2,-8,2,2517,1,881,230
35840,-18,4060,-123,-5,-6,6,2517,1,881,230
35860,-15,4060,-135,-19,-5,2,2517,1,881,230
35880,-25,4055,-115,-24,-6,2,2517,1,881,230
35900,-18,4055,-93,-18,-4,2,2517,1,880,230
35920,-19,4059,-98,-15,-10,4,2517,1,880,230
35940,-19,4055,-87,-13,-6,5,2517,1,880,230
35960,-15,4054,-84,-3,-5,6,2517,1,880,230
35980,-18,4054,-85,11,-7,-2,2517,1,880,230
36000,-17,4054,-94,13,-6,2,2517,1,880,230
36020,-19,4058,-108,16,-9,3,2517,1,880,230
36040,-14,4054,-113,15,-5,2,2517,1,881,230
36060,-16,4059,-126,8,-8,4,2517,1,881,230
36080,-21,4055,-123,-9,-7,0,2517,1,881,230
36100,-13,4055,-109,-14,-8,2,2517,1,881,230
36120,-20,4057,-107,-20,-9,2,2517,1,880,230
36140,-18,4054,-107,-21,-8,2,2517,1,880,230
36160,-20,4056,-81,-14,-6,3,2517,1,880,230
36180,-15,4055,-89,-5,-8,2,2517,1,880,230
36200,-16,4055,-93,-1,-9,2,2517,1,880,230
36220,-15,4058,-110,-7,-8,2,2517,1,880,230
36240,-15,4055,-96,-5,-8,3,2517,1,880,230
36260,-17,4057,-109,-5,-9,2,2517,1,880,230
36280,-19,4054,-100,-5,-8,0,2517,2,880,230
36300,-19,4056,-96,-5,-9,2,2517,2,880,230
36320,-18,4054,-104,-8,-6,1,2517,2,879,230
36340,-20,4056,-85,-9,-3,2,2517,2,879,230
36360,-17,4052,-92,-6,-8,4,2517,2,879,230
36380,-16,4055,-74,-2,-7,3,2517,2,879,230
36400,-21,4055,-95,-1,-6,2,2517,2,879,230
36420,-19,4063,-107,-8,-5,3,2517,2,879,230
36440,-15,4053,-98,-16,-6,3,2517,2,879,230
36460,-16,4055,-95,-13,-5,4,2517,2,879,230
36480,-16,4053,-88,-14,-4,4,2517,2,879,230
36500,-16,4055,-100,-22,-6,3,2517,2,878,230
36520,-20,4054,-82,-19,-8,2,2517,2,878,230
36540,-20,4055,-74,-11,-6,1,2517,2,878,230
36560,-18,4053,-90,-16,-8,2,2517,2,878,230
36580,-16,4056,-67,-12,-7,1,2517,2,878,230
36600,-19,4056,-82,-9,-5,1,2517,2,878,230
36620,-20,4056,-64,-9,-4,3,2518,2,877,231
36640,-16,4054,-85,-10,-5,5,2518,2,877,231
36660,-16,4056,-72,-10,-4,3,2518,2,877,230
36680,-15,4056,-76,-10,-8,6,2518,2,877,231
36700,-18,4056,-71,-4,-10,4,2518,2,877,230
36720,-21,4060,-90,-12,-6,4,2518,2,877,230
36740,-19,4060,-86,-19,-11,3,2518,2,877,230
36760,-15,4055,-54,-11,-5,1,2518,2,877,231
36780,-19,4055,-71,-9,-5,4,2518,2,876,231
36800,-22,4055,-76,-14,-8,1,2518,2,876,231
36820,-16,4056,-61,-12,-11,3,2518,2,876,231
36840,-18,4055,-34,10,-8,2,2518,2,876,230
36860,-15,4055,-87,18,-5,3,2518,2,876,230
36880,-15,4052,-104,3,-4,4,2518,2,877,230
36900,-18,4052,-95,-7,-4,2,2518,2,877,231
36920,-21,4055,-44,10,-3,3,2518,2,877,230
36940,-19,4055,-47,28,-9,4,2518,2,877,231
36960,-16,4055,-97,30,-8,2,2518,2,878,231
36980,-17,4053,-107,14,-8,4,2518,2,878,231
37000,-18,4058,-108,3,-8,5,2518,2,878,231
37020,-22,4054,-92,-3,-11,3,2518,2,878,231
37040,-21,4056,-103,-7,-6,2,2518,2,878,230
37060,-19,4058,-106,-19,-6,1,2518,2,878,231
37080,-19,4059,-75,-26,-9,3,2518,2,878,231
37100,-18,4055,-72,-25,-8,3,2518,2,877,231
37120,-22,4058,-70,-20,-9,3,2518,2,877,230
37140,-20,4055,-70,-12,-10,3,2518,2,877,231
37160,-18,4050,-53,-1,-10,3,2518,2,877,231
37180,-17,4054,-51,13,-3,3,2518,2,877,230
37200,-19,4053,-58,31,-8,4,2518,2,877,231
37220,-20,4056,-45,50,-12,3,2518,2,878,231
37240,-13,4055,-77,57,-9,7,2518,2,878,231
37260,-14,4056,-92,61,-13,5,2517,2,879,231
37280,-18,4058,-122,50,-5,0,2517,2,880,231
37300,-19,4057,-117,43,-6,2,2517,2,881,231
37320,-22,4054,-120,30,-9,3,2517,2,881,231
37340,-24,4056,-103,36,-31,3,2517,2,882,231
37360,-13,4058,-150,11,-19,3,2517,2,882,230
37380,-22,4058,-140,-10,-22,3,2517,2,882,231
37400,-32,4067,-99,-37,-68,8,2516,2,882,231
37420,-15,4055,-128,-47,-142,11,2515,2,881,231
37440,-26,4058,13,-47,-181,3,2513,2,880,231
37460,-58,4084,187,-57,-268,5,2509,2,879,231
37480,-39,4062,187,16,-308,4,2506,2,878,231
37500,34,3994,-22,-28,-198,16,2502,2,877,231
37520,-33,4024,-198,265,1,9,2502,1,881,231
37540,12,3978,482,513,-7,0,2502,1,886,231
37560,1227,3727,-1028,1152,177,7,2504,1,900,231
37580,-1240,4361,-906,-422,-115,-294,2503,4,902,231
37600,-802,3782,1442,669,-731,-62,2496,1,906,231
37620,-778,4065,-614,571,-487,16,2488,1,916,231
37640,154,4313,-925,-32,-598,-203,2481,3,919,231
37660,-50,4180,-725,-502,-280,-140,2476,6,914,231
37680,-88,4197,-374,-673,-388,-547,2472,12,905,231
37700,-253,4002,-348,-412,-240,-619,2468,21,898,231
37720,316,4252,-499,-352,37,-846,2468,31,894,231
37740,316,4171,-134,-138,-10,-1266,2469,46,891,231
37760,40,4071,-269,25,-192,-1412,2468,65,891,231
37780,-672,3990,-198,-209,-52,-1241,2468,83,890,231
37800,-801,3770,215,-79,-51,-1122,2468,100,888,231
37820,-966,3852,252,-112,-26,-964,2468,113,886,231
37840,-1095,3840,-229,-4,24,-1001,2468,128,886,231
37860,-1136,3694,-198,-125,297,-1289,2471,145,886,231
37880,-1040,3652,-159,-243,346,-1219,2477,163,885,231
37900,-775,3926,-618,-787,321,-961,2482,177,880,231
37920,-1350,3753,-31,-636,175,-698,2485,189,872,231
37940,-1454,3772,-112,-800,290,-735,2489,199,863,231
37960,-1460,3713,228,-707,379,-1006,2494,212,854,231
37980,-1575,4010,357,-242,344,-1491,2499,231,850,231
38000,-1391,3637,226,-540,283,-1746,2504,255,846,231
38020,-1696,3673,-240,-595,212,-1565,2508,278,842,231
38040,-1858,3446,188,-353,33,-1654,2509,301,837,231
38060,-1888,3284,-38,-495,38,-1761,2508,325,832,231
38080,-2184,3156,185,-698,54,-1917,2508,351,823,231
38100,-2298,2990,296,-746,68,-1880,2506,378,812,231
38120,-2525,2952,310,-871,9,-1722,2503,404,799,231
38140,-3033,2873,474,-822,-254,-1487,2498,426,786,232
38160,-2433,2503,224,-1162,60,-1485,2494,447,769,232
38180,-2661,2256,1021,-1124,32,-1461,2489,467,749,232
38200,-3210,2450,355,-1086,-145,-1485,2481,490,731,232
38220,-3139,2191,872,-1095,156,-1612,2475,512,712,231
38240,-3326,2300,999,-977,13,-1525,2465,535,690,231
38260,-3518,2360,1124,-698,-12,-1307,2454,554,670,231
38280,-3471,1889,1066,-573,-12,-1088,2443,568,652,232
38300,-3258,1662,896,-588,-98,-1122,2430,582,633,231
38320,-3092,1377,1243,-636,-1,-1325,2416,598,612,231
38340,-3554,1555,1146,-512,142,-1424,2398,617,589,231
38360,-3699,1585,1083,-565,73,-1403,2380,636,566,231
38380,-3285,730,1807,-87,113,-1312,2365,652,547,231
38400,-3702,1111,551,-163,93,-1297,2342,669,526,231
38420,-3192,556,708,-471,220,-1673,2314,688,495,231
38440,-2994,-338,1623,-293,251,-2199,2270,712,448,231
38460,-4672,805,849,133,144,-2243,2198,738,381,231
38480,-5914,1739,976,-41,221,-960,2147,753,332,231
38500,-4536,1002,902,-153,235,-193,2137,759,323,231
38520,-3919,350,937,-86,126,-113,2137,762,321,231
38540,-3875,535,906,-75,82,-176,2132,765,315,231
38560,-3945,460,999,-22,131,-194,2125,767,308,232
38580,-3730,409,1201,432,210,-310,2118,772,304,232
38600,-3934,544,446,1,250,-332,2106,777,296,232
38620,-4206,591,576,255,157,-356,2091,782,286,232
38640,-4069,379,687,135,238,-311,2081,788,279,231
38660,-4201,340,828,94,236,-246,2074,793,273,232
38680,-3919,363,744,47,320,-363,2065,799,265,231
38700,-3904,64,655,122,280,-279,2056,804,257,232
38720,-3937,201,511,-30,303,-289,2047,810,249,231
38740,-3702,150,438,-117,400,-301,2037,817,239,231
38760,-4181,103,687,-77,346,-316,2022,824,221,231
38780,-4134,234,566,-29,347,-278,2009,831,208,232
38800,-3692,-34,528,118,316,-405,1986,837,186,231
38820,508,-1447,-106,-177,831,-1482,1894,848,95,231
38840,-4678,-112,1665,1346,395,26,1838,856,47,232
38860,-4109,130,-372,181,270,-45,1843,861,61,231
38880,-4068,-76,540,178,175,-39,1844,864,63,232
38900,-4152,-1,98,172,166,-23,1842,867,66,232
38920,-4120,-28,260,-2,63,3,1846,869,70,231
38940,-4115,-34,250,0,17,1,1846,870,70,232
38960,-4028,-63,446,26,-113,-14,1841,869,65,232
38980,-4137,-24,193,50,-118,5,1834,868,61,232
39000,-4038,-29,463,28,-41,4,1832,867,59,232
39020,-4072,-18,335,5,-42,2,1830,866,56,232
39040,-4072,-18,357,11,31,-1,1829,866,55,232
39060,-4050,-8,383,-1,27,0,1828,866,54,232
39080,-4074,-18,328,-5,-4,2,1826,867,53,232
39100,-4068,-20,361,-2,55,-1,1826,867,52,232
39120,-4082,-22,327,-1,14,2,1824,868,51,232
39140,-4061,-140,673,270,-90,-24,1818,867,47,232
39160,-4148,-66,344,490,-160,-28,1804,865,39,232
39180,-4048,-3,378,148,-70,-14,1798,864,36,232
39200,-4176,-103,393,213,9,41,1794,864,35,232
39220,-4131,-54,341,7,-3,9,1794,864,35,232
39240,-4053,-16,411,2,20,0,1793,864,34,232
39260,-4037,-44,504,60,89,-13,1791,865,33,232
39280,-5302,735,-150,839,3,-434,1728,865,-22,232
39300,-4174,-110,5,231,-151,10,1717,864,-25,232
39320,-4065,-95,531,69,-105,16,1717,862,-24,232
39340,-4142,-96,309,373,-128,-29,1712,861,-25,232
39360,-4049,-3,359,-25,-32,9,1711,860,-25,232
39380,-4060,-44,413,-9,130,0,1709,861,-27,232
39400,-4074,-38,361,-3,123,-3,1706,863,-29,232
39420,-4077,-40,356,-2,104,-3,1704,865,-32,232
39440,-4088,-48,318,-2,63,-1,1701,867,-34,232
39460,-4046,-38,399,-5,85,-1,1700,868,-36,232
39480,-4112,-48,257,-3,62,-1,1697,869,-39,232
39500,-4069,-48,351,-1,4,2,1695,869,-40,232
39520,-4118,-48,236,1,-96,10,1695,869,-41,232
39540,-4049,-52,406,-1,-47,8,1695,868,-40,232
39560,-4070,-42,342,3,-56,5,1695,867,-41,232
39580,-4095,-36,294,-8,-59,2,1694,867,-41,232
39600,-4041,-43,419,0,-27,5,1694,866,-41,233
39620,-4094,-43,309,-1,-22,2,1693,866,-42,233
39640,-4061,-45,376,-3,-50,8,1693,865,-42,232
39660,-4051,-38,392,-2,9,3,1692,865,-43,232
39680,-4059,-41,387,-5,25,-1,1691,866,-45,232
39700,-4092,-31,274,-22,18,4,1689,866,-47,232
39720,-4098,-10,214,-212,-47,25,1692,866,-46,232
39740,-4090,-19,250,-160,-111,28,1696,865,-44,232
39760,-4043,-59,481,-207,-100,40,1699,864,-44,232
39780,-4053,-37,419,-8,-18,4,1700,863,-44,232
39800,-4072,-33,339,-64,-6,12,1700,863,-44,232
39820,-4054,-73,470,-48,6,9,1701,863,-44,232
39840,-4060,-45,392,3,37,-1,1699,863,-46,232
39860,-4069,-46,375,-1,38,1,1697,864,-48,232
39880,-4067,-41,376,-1,48,-1,1696,865,-49,232
39900,-4088,-40,328,-1,37,-2,1694,865,-51,232
39920,-4052,-39,394,-1,56,2,1693,866,-52,232
39940,-4038,-43,431,15,142,-9,1689,868,-56,232
39960,-4024,-55,510,93,239,-27,1681,871,-63,232
39980,-4110,-37,175,-1,214,-13,1669,875,-74,232
40000,-4127,-53,188,-5,72,-3,1662,877,-80,232
40020,-4102,-40,191,-23,-28,8,1661,877,-82,232
40040,-4087,-38,250,-110,-46,23,1666,877,-78,232
40060,-4098,-73,297,-48,-79,25,1671,876,-74,232
40080,-4003,1,354,-6,-54,-9,1676,875,-70,233
40100,-4098,-71,292,5,1,-2,1671,874,-74,232
40120,-4069,-46,316,0,28,-4,1668,875,-77,232
40140,-4086,-54,278,2,-3,3,1666,875,-79,232
40160,-4079,-45,284,10,3,-2,1664,875,-81,232
40180,-4080,-66,326,37,-50,1,1663,875,-82,233
40200,-4094,-46,269,224,-58,-12,1658,874,-83,232
40220,-4027,-47,445,206,-22,-7,1658,873,-81,232
40240,-4058,-29,280,171,68,-13,1653,874,-84,233
40260,-4089,-33,210,43,105,-6,1645,876,-90,233
40280,-4097,-46,246,1,78,-6,1639,877,-96,232
40300,-4105,-52,217,-1,-9,3,1636,878,-99,233
40320,-4088,-51,262,-1,-42,5,1636,878,-99,232
40340,-4060,-61,361,36,-35,0,1636,877,-98,233
40360,-4056,-48,324,43,18,-5,1635,877,-99,232
40380,-4064,-33,293,84,64,-13,1629,878,-104,232
40400,-4080,-32,248,68,64,-11,1622,879,-109,232
40420,-4095,-59,233,44,1,-4,1616,879,-114,232
40440,-4085,-44,229,47,-8,-2,1614,880,-116,233
40460,-4093,-56,248,14,-35,8,1615,879,-114,232
40480,-4164,-103,212,-3,-62,55,1624,879,-106,233
40500,-4107,-62,266,-60,-87,146,1663,878,-68,233
40520,-4066,-31,334,7,-52,34,1685,877,-46,233
40540,-4069,-24,311,-3,-36,2,1684,876,-47,233
40560,-4076,-28,297,-9,-17,6,1684,876,-48,233
40580,-4077,-25,298,0,-7,3,1683,876,-48,233
40600,-4079,-24,293,-3,-1,2,1683,876,-48,232
40620,-4088,-27,276,-3,-6,3,1682,876,-49,233
40640,-4078,-27,284,-2,-18,4,1682,876,-49,232
40660,-4078,-27,290,-4,-13,1,1681,876,-50,232
40680,-4080,-23,277,-38,-26,6,1682,876,-50,233
40700,-4074,-28,295,-40,-49,9,1683,875,-49,233
40720,-4084,-18,249,-84,-63,14,1685,874,-48,233
40740,-4076,-30,322,-70,-69,13,1688,873,-46,233
40760,-4072,-25,316,-20,-55,9,1689,873,-46,233
40780,-4064,-38,375,-73,-65,11,1691,872,-45,233
40800,-4068,-27,341,-60,-56,10,1692,871,-44,233
40820,-4073,-28,338,-26,-49,10,1693,870,-44,232
40840,-4068,-26,344,-5,-41,5,1693,870,-44,233
40860,-4077,-20,305,-25,-40,10,1694,869,-43,233
40880,-4061,-35,402,-39,-53,11,1696,869,-42,233
40900,-4073,-23,341,-29,-55,11,1697,868,-41,233
40920,-4067,-24,365,0,-39,6,1698,867,-41,233
40940,-4066,-21,360,-1,-16,3,1697,867,-41,233
40960,-4068,-21,353,-2,-17,3,1697,867,-42,233
40980,-4073,-23,356,0,-14,4,1697,867,-42,233
41000,-4076,-23,336,-2,-19,4,1696,867,-42,232
41020,-4074,-22,349,-3,-20,3,1696,866,-43,233
41040,-4073,-22,352,-4,-21,3,1696,866,-43,233
41060,-4068,-29,371,-42,-36,10,1696,866,-43,233
41080,-4074,-15,338,-39,-38,7,1697,866,-43,232
41100,-4072,-18,346,-31,-39,6,1697,865,-43,233
41120,-4060,-28,387,-48,-31,8,1698,865,-43,233
41140,-4072,-22,364,-35,-21,8,1698,864,-43,233
41160,-4063,-26,370,-10,-15,4,1698,864,-43,233
41180,-4062,-24,393,-2,-4,4,1698,864,-44,233
41200,-4066,-22,369,-2,-1,4,1697,864,-44,233
41220,-4074,-22,354,-5,-8,2,1696,864,-45,233
41240,-4077,-20,361,-1,-23,2,1696,864,-45,233
41260,-4063,-26,376,-2,-23,6,1696,864,-45,233
41280,-4067,-26,381,0,0,2,1696,864,-46,233
41300,-4067,-20,359,0,7,1,1695,864,-46,233
41320,-4067,-20,366,2,-15,2,1695,864,-47,233
41340,-4072,-18,360,-5,-30,5,1695,864,-47,233
41360,-4064,-23,383,-1,-28,3,1695,863,-47,233
41380,-4069,-23,374,-6,-22,3,1695,863,-47,233
41400,-4063,-22,406,-20,-13,5,1695,863,-47,233
41420,-4071,-17,367,-36,-12,6,1695,863,-47,233
41440,-4053,-30,434,-18,-1,7,1695,863,-48,233
41460,-4068,-21,376,0,15,4,1694,863,-48,233
41480,-4064,-22,399,-10,15,1,1694,864,-49,233
41500,-4061,-24,396,19,26,0,1693,864,-50,233
41520,-4058,-12,354,26,27,-19,1690,865,-53,233
41540,-4095,-33,318,6,19,-1,1686,865,-56,233
41560,-4071,-11,330,-23,1,10,1687,865,-55,233
41580,-4073,-23,364,-17,1,7,1688,865,-55,233
41600,-4083,-36,366,-15,5,12,1688,866,-54,233
41620,-4065,-28,377,-2,29,-1,1688,866,-55,233
41640,-4069,-25,372,14,31,-1,1686,866,-56,233
41660,-4062,-31,385,47,42,-7,1684,867,-57,233
41680,-4056,-4,328,40,37,-16,1681,868,-60,233
41700,-4043,3,324,32,38,-62,1669,868,-71,233
41720,-4059,-18,330,5,32,-92,1649,869,-91,233
41740,-4300,-267,307,-7,25,37,1632,869,-108,233
41760,-4076,-49,329,0,15,2,1629,870,-111,233
41780,-4079,-43,314,-1,-2,2,1628,870,-112,233
41800,-4067,-43,341,-2,4,1,1628,870,-112,233
41820,-4074,-39,315,0,8,2,1627,870,-113,233
41840,-4073,-48,326,-2,9,0,1625,870,-115,233
41860,-4075,-45,319,-3,4,1,1624,871,-116,233
41880,-4080,-39,305,-15,0,2,1623,871,-117,233
41900,-4077,-53,335,-8,-14,3,1623,871,-118,233
41920,-4075,-46,331,-2,-8,2,1622,871,-118,233
41940,-4072,-38,316,-10,-6,2,1622,871,-118,233
41960,-4069,-48,349,-7,2,3,1621,871,-119,233
41980,-4074,-41,323,0,16,1,1620,871,-121,234
42000,-4077,-44,316,-4,10,0,1618,871,-122,233
42020,-4077,-47,310,2,6,2,1617,871,-123,234
42040,-4077,-44,316,-1,-4,2,1616,871,-124,234
42060,-4074,-42,319,1,-3,5,1616,871,-124,233
42080,-4078,-42,307,-4,-4,0,1616,872,-125,234
42100,-4072,-47,323,-2,-4,1,1615,872,-125,233
42120,-4069,-42,333,-1,11,1,1614,872,-127,234
42140,-4073,-42,318,-1,16,1,1612,872,-128,233
42160,-4076,-35,262,-23,12,2,1610,873,-130,234
42180,-4079,-47,308,-21,8,2,1609,873,-132,233
42200,-4076,-45,302,-24,-9,4,1609,873,-132,233
42220,-4071,-48,335,-20,3,1,1608,873,-133,233
42240,-4075,-48,313,-1,11,2,1607,873,-135,233
42260,-4086,-37,269,-16,-3,6,1606,873,-135,234
42280,-4071,-50,330,-20,-7,4,1606,873,-136,234
42300,-4076,-50,315,-2,-7,1,1606,873,-136,233
42320,-4075,-43,308,0,4,2,1605,873,-137,233
42340,-4078,-42,295,-3,6,1,1603,874,-138,234
42360,-4078,-44,293,-2,-9,2,1603,874,-138,233
42380,-4080,-46,300,-1,-16,5,1604,874,-138,234
42400,-4076,-40,306,-1,-20,3,1604,873,-138,233
42420,-4076,-46,298,-3,-23,3,1605,873,-137,234
42440,-4071,-49,341,-16,-29,4,1606,873,-136,233
42460,-4076,-45,305,-10,-21,5,1607,873,-135,234
42480,-4075,-45,310,-4,-15,3,1608,872,-135,233
42500,-4078,-44,304,-7,-14,3,1608,872,-134,234
42520,-4072,-41,322,-7,-9,3,1608,872,-134,234
42540,-4074,-47,324,-2,8,2,1607,872,-135,234
42560,-4075,-46,308,0,4,3,1606,873,-136,234
42580,-4073,-41,315,2,11,3,1606,873,-136,234
42600,-4076,-46,305,-5,11,0,1604,873,-138,234
42620,-4077,-47,299,-3,9,0,1603,873,-140,234
42640,-4077,-39,284,-4,1,2,1602,873,-141,234
42660,-4070,-47,317,-6,0,0,1601,874,-142,234
42680,-4076,-44,303,-1,7,0,1599,874,-143,234
42700,-4078,-42,302,0,6,2,1598,874,-144,234
42720,-4071,-43,297,-12,14,3,1597,874,-146,234
42740,-4079,-46,314,-10,29,1,1594,875,-148,234
42760,-4081,-49,290,-1,30,0,1591,875,-151,234
42780,-4075,-44,286,-1,25,-3,1588,876,-155,234
42800,-4085,-48,276,-2,17,1,1586,876,-157,234
42820,-4083,-46,269,-2,-4,3,1584,876,-158,233
42840,-4077,-49,284,0,-9,3,1585,876,-158,234
42860,-4083,-43,274,-3,-15,4,1585,876,-158,234
42880,-4084,-44,260,-21,-26,6,1586,876,-156,234
42900,-4077,-48,306,-3,-19,4,1587,876,-155,234
42920,-4077,-46,282,-1,-19,3,1588,876,-155,234
42940,-4075,-47,287,-7,-26,6,1589,875,-153,234
42960,-4079,-48,292,-2,-23,4,1590,875,-152,234
42980,-4077,-46,297,2,-26,4,1592,875,-151,234
43000,-4074,-44,292,0,-21,3,1593,875,-150,234
43020,-4077,-46,296,-3,-16,2,1593,875,-149,234
43040,-4082,-42,266,-17,-20,4,1594,874,-149,234
43060,-4071,-50,319,-7,-9,2,1595,874,-148,234
43080,-4068,-42,306,-5,1,2,1595,874,-149,234
43100,-4075,-45,302,-2,5,1,1593,874,-150,234
43120,-4083,-46,287,-3,0,3,1592,875,-151,234
43140,-4083,-44,290,-1,-16,5,1592,875,-151,234
43160,-4079,-46,295,-3,-16,3,1592,874,-151,234
43180,-4078,-45,290,-2,-19,4,1593,874,-150,234
43200,-4074,-47,317,-6,-22,4,1594,874,-149,234
43220,-4078,-46,303,-3,-19,2,1595,874,-149,234
43240,-4072,-43,306,0,-13,0,1595,874,-148,234
43260,-4076,-41,301,-3,-17,3,1595,874,-148,234
43280,-4081,-47,295,-4,-19,3,1595,874,-148,234
43300,-4078,-48,302,-3,-15,5,1596,873,-148,234
43320,-4074,-44,310,-19,-20,5,1597,873,-147,234
43340,-4073,-44,301,-5,-17,5,1597,873,-146,234
43360,-4080,-48,304,-3,-23,2,1598,873,-146,234
43380,-4070,-42,313,-4,-19,0,1599,873,-145,234
43400,-4074,-46,301,-1,-25,5,1600,872,-144,234
43420,-4076,-45,297,-4,-26,5,1601,872,-143,233
43440,-4076,-44,324,-19,-33,6,1603,872,-141,234
43460,-4077,-51,313,-5,-31,6,1605,871,-139,234
43480,-4076,-44,311,-2,-30,3,1606,871,-138,234
43500,-4076,-41,322,-4,-38,2,1607,871,-137,234
43520,-4072,-47,336,-9,-40,4,1609,870,-135,234
43540,-4070,-44,328,-9,-39,4,1611,870,-133,234
43560,-4074,-42,325,-16,-36,8,1613,869,-131,234
43580,-4076,-42,317,-22,-28,9,1615,869,-130,234
43600,-4062,-47,357,-36,-13,11,1617,869,-128,234
43620,-4072,-41,327,-28,-10,8,1618,869,-128,234
43640,-4072,-48,341,-2,-6,3,1618,869,-128,234
43660,-4077,-41,324,-5,-9,2,1618,869,-128,234
43680,-4073,-41,326,-3,-22,4,1618,869,-128,234
43700,-4074,-38,310,-20,-25,3,1619,868,-128,234
43720,-4064,-43,348,-1,-10,3,1619,868,-127,234
43740,-4070,-43,338,-2,-14,2,1619,868,-127,234
43760,-4075,-43,328,-2,-16,6,1619,868,-127,235
43780,-4066,-40,350,-3,-2,4,1620,868,-127,234
43800,-4066,-42,349,-2,9,2,1619,868,-127,234
43820,-4074,-42,340,-4,19,1,1618,868,-129,234
43840,-4063,-41,351,0,23,1,1616,869,-130,234
43860,-4068,-40,342,1,18,0,1615,869,-132,234
43880,-4072,-46,334,1,18,2,1613,870,-133,234
43900,-4074,-45,319,2,8,1,1612,870,-134,234
43920,-4076,-40,323,-3,6,2,1611,870,-135,234
43940,-4072,-39,318,-10,12,2,1610,870,-136,234
43960,-4075,-47,332,-11,7,4,1609,871,-137,234
43980,-4075,-41,298,-20,7,3,1608,871,-138,234
44000,-4068,-48,338,-11,8,4,1608,871,-138,234
44020,-4075,-47,326,-5,3,1,1607,871,-139,235
44040,-4076,-48,317,-3,-4,1,1606,871,-140,234
44060,-4077,-45,314,-5,-14,3,1606,871,-140,234
44080,-4074,-42,308,-12,-27,3,1608,871,-139,234
44100,-4072,-48,336,-10,-29,5,1609,871,-138,234
44120,-4078,-42,318,-16,-24,7,1611,870,-137,234
44140,-4072,-43,332,-3,-19,1,1611,870,-136,235
44160,-4074,-41,331,-2,-6,3,1612,870,-135,234
44180,-4074,-42,328,0,6,1,1611,870,-136,234
44200,-4076,-47,318,-4,0,3,1611,870,-136,234
44220,-4078,-40,313,-2,-8,2,1611,870,-137,234
44240,-4068,-46,328,-5,-10,3,1611,870,-137,234
44260,-4072,-40,324,-5,-10,3,1611,870,-137,234
44280,-4072,-43,328,-2,-10,4,1611,870,-136,234
44300,-4074,-42,326,-1,-9,3,1611,870,-136,235
44320,-4080,-41,328,-4,-12,2,1611,870,-136,234
44340,-4074,-46,326,0,-11,3,1611,870,-136,235
44360,-4071,-44,327,0,-15,5,1612,870,-136,235
44380,-4074,-41,320,-3,-16,5,1612,870,-135,234
44400,-4074,-42,330,-2,-14,0,1612,870,-135,235
44420,-4075,-41,328,-5,-23,0,1613,870,-135,234
44440,-4088,-19,224,-59,-29,14,1614,869,-133,234
44460,-4067,-47,357,-16,-34,6,1617,869,-131,235
44480,-4088,-31,267,-93,-56,15,1620,868,-129,235
44500,-4074,-44,347,-76,-58,12,1623,868,-127,235
44520,-4078,-45,328,-53,-69,10,1627,867,-125,235
44540,-4086,-38,300,-59,-108,14,1631,866,-121,235
44560,-4093,-40,296,-97,-158,26,1639,864,-114,235
44580,-4105,-64,388,-109,-196,30,1648,861,-107,235
44600,-4098,-54,367,-157,-204,103,1665,859,-92,235
44620,-4088,-61,442,-127,-182,120,1686,856,-73,234
44640,-4080,-46,581,-137,-174,61,1707,853,-55,235
44660,-4068,9,340,-169,-151,41,1712,851,-51,235
44680,-4039,-1,480,-119,-75,23,1716,850,-49,234
44700,-4002,-19,609,-167,27,23,1719,850,-48,235
44720,-4029,16,461,-199,132,20,1721,851,-49,235
44740,-4040,0,475,-221,267,15,1722,854,-51,234
44760,-4200,-44,-196,-788,106,103,1727,858,-53,235
44780,-4340,-251,102,-1321,-38,199,1748,858,-48,235
44800,-4234,-666,1128,-1474,-507,224,1781,854,-37,234
44820,-3734,-32,786,-1592,-831,245,1811,843,-28,234
44840,-6331,605,508,-1720,-642,224,1827,837,-35,235
44860,-4370,102,1289,-1617,-1233,337,1859,824,-26,235
44880,-4355,248,-1525,-1766,-766,862,1896,804,-14,234
44900,-3588,-465,727,-1821,-865,437,1924,793,-11,235
44920,-4029,-346,788,-1806,-1118,562,1952,778,-10,234
44940,-3786,-178,926,-1950,-1057,719,1985,763,-5,234
44960,-3024,-207,955,-1905,-1194,726,2022,745,3,235
44980,-4058,-74,1703,-1647,-1169,661,2051,729,6,235
45000,-4410,-367,1627,-1602,-1229,1124,2085,712,15,235
45020,-3394,-16,1558,-1072,-1692,1192,2126,688,36,235
45040,-3689,348,1671,-773,-1830,961,2154,662,49,234
45060,-3538,176,2056,-305,-1912,1151,2179,633,65,235
45080,-2084,-496,1071,-1136,-36,-727,2184,617,60,235
45100,-3929,-485,3010,7,-1011,-788,2162,606,36,235
45120,-3980,65,1982,-276,-990,-651,2137,595,12,234
45140,-3838,1429,1766,-156,-814,84,2133,584,7,235
45160,-2497,865,2338,-356,-502,357,2141,573,7,234
45180,-2988,381,2925,-171,-916,180,2145,564,7,235
45200,-3297,644,2342,52,-969,36,2144,551,8,234
45220,-3166,124,2466,-12,-1113,88,2145,536,8,235
45240,-2905,116,2742,41,-1086,42,2144,520,8,235
45260,-3181,225,2491,-65,-981,123,2144,506,8,235
45280,-3326,10,2520,-457,-1521,557,2150,488,8,235
45300,-3197,132,2555,-544,-1800,755,2161,464,8,235
45320,-2976,391,2702,-522,-1873,735,2171,439,8,235
45340,-2895,612,2922,-678,-2302,1022,2185,408,9,235
45360,-2083,241,3100,-650,-2571,1188,2203,371,10,235
45380,-1924,-43,3619,-542,-2825,1188,2218,332,11,235
45400,-1454,250,3414,-215,-2955,1188,2233,290,13,235
45420,-1286,618,3518,-125,-3414,1097,2246,242,16,235
45440,-577,242,3700,-79,-3665,754,2255,191,18,235
45460,-551,92,3409,0,-3871,513,2258,136,18,235
45480,-748,-106,3595,366,-4195,665,2261,78,20,235
45500,556,1310,8113,-1208,-2221,259,2262,27,10,235
45520,-466,212,4115,-218,1786,889,2273,48,13,235
45540,-368,-115,4099,-242,1324,1297,2292,65,14,235
45560,-62,146,3812,-371,-408,1022,2308,64,13,235
45580,1094,-217,4530,-78,-95,453,2317,57,9,235
45600,-30,553,3732,67,130,68,2320,60,12,235
45620,323,143,4103,-159,-133,44,2320,58,11,235
45640,-281,567,3812,40,57,21,2320,59,12,235
45660,236,63,4166,115,103,-10,2320,58,12,235
45680,-55,369,3914,-55,-59,8,2320,57,12,235
45700,-21,306,3968,9,4,0,2320,57,12,235
45720,83,198,4044,9,8,0,2320,56,12,235
45740,16,271,3986,-10,-15,4,2320,56,11,235
45760,14,262,3995,1,-5,3,2320,56,11,235
45780,36,247,4014,-1,-4,0,2320,55,11,235
45800,30,248,4002,0,-9,1,2320,55,11,235
45820,26,260,3998,-1,-9,0,2320,54,11,235
45840,30,250,4004,3,-7,2,2320,54,11,235
45860,38,244,4006,-4,-8,3,2320,53,11,235
45880,19,265,3997,-4,-8,3,2320,53,11,235
45900,39,247,4005,2,-4,2,2320,52,11,235
45920,33,247,4012,17,11,0,2320,52,11,235
45940,38,242,4005,-45,-44,6,2320,51,10,235
45960,118,156,4064,80,62,-2,2320,51,10,235
45980,81,156,4129,75,62,51,2321,51,11,235
46000,-5,338,4010,-14,-14,106,2322,51,11,235
46020,248,50,4160,80,86,149,2324,50,11,235
46040,96,295,4097,22,56,235,2327,50,11,235
46060,96,228,3994,-34,-25,237,2330,49,11,235
46080,-133,290,3954,-42,-51,246,2333,49,11,235
46100,-218,367,3901,-8,-23,168,2335,49,11,235
46120,140,177,4051,-39,-40,15,2336,48,11,235
46140,49,251,4014,23,16,0,2336,48,11,235
46160,59,227,4008,-7,-11,1,2336,47,11,235
46180,3,277,3975,-3,-8,4,2336,47,11,235
46200,53,236,4010,0,-2,2,2336,47,11,235
46220,22,253,4001,-6,-15,2,2336,46,11,235
46240,32,250,4003,4,-6,1,2336,46,11,235
46260,32,254,3995,-27,-31,8,2336,46,11,235
46280,1,287,3984,0,-4,2,2336,45,11,235
46300,54,232,4016,0,-3,2,2336,45,10,235
46320,20,262,3991,-1,-10,2,2336,45,10,235
46340,68,223,4030,27,29,-1,2336,44,10,235
46360,-17,309,3962,-19,-27,6,2336,44,10,235
46380,47,239,4016,5,-2,1,2336,43,10,235
46400,23,258,3993,-2,-6,4,2336,43,10,235
46420,38,250,4005,-4,-3,2,2336,43,10,235
46440,42,246,4004,3,-2,3,2336,43,10,235
46460,25,259,3995,-6,-12,1,2336,42,10,235
46480,38,253,4005,-1,-6,2,2336,42,10,235
46500,29,257,3995,-2,-9,0,2336,41,10,235
46520,28,257,4000,-1,-9,0,2336,41,10,235
46540,34,246,4008,-4,-9,3,2336,41,10,235
46560,7,268,3994,3,-3,3,2336,41,9,235
46580,42,248,4009,-4,-8,2,2336,40,9,235
46600,22,262,3996,-7,-8,3,2336,40,9,235
46620,29,251,4006,-1,-8,3,2336,40,9,235
46640,30,254,4005,-3,-8,1,2336,39,9,235
46660,27,255,3996,-1,-6,3,2336,39,9,235
46680,32,250,3999,-2,-7,5,2336,39,9,235
46700,30,252,4003,-1,-6,2,2336,38,9,235
46720,28,253,4001,1,-7,2,2336,38,9,235
46740,25,253,4001,-3,-5,4,2336,38,9,235
46760,28,255,3998,-2,-8,5,2336,38,9,235
46780,31,255,4002,-1,-7,2,2336,37,9,235
46800,32,252,4002,-1,-3,6,2336,37,9,235
46820,25,251,4010,-2,-7,6,2336,37,9,235
46840,29,254,3999,-3,-7,3,2336,37,8,235
46860,34,250,3999,-2,-5,0,2336,36,8,235
