9420,40,282,4094,4,-10,3,-395,6,0,230
9440,46,295,4103,35,-8,2,-395,6,0,230
9460,44,294,4104,21,-5,0,-395,6,0,230
9480,46,312,4103,37,-5,2,-395,6,0,230
9500,49,308,4105,10,-7,4,-395,6,1,230
9520,41,310,4106,12,-7,2,-395,6,1,230
9540,2,256,4105,45,-15,-4,-395,5,1,230
9560,207,430,4073,90,-14,4,-395,5,2,230
9580,85,366,4109,40,-9,-6,-395,5,3,230
9600,1,349,4090,62,-8,1,-395,5,4,230
9620,31,328,4115,20,-7,9,-395,5,5,230
9640,61,331,4095,-6,-11,10,-395,5,5,230
9660,38,321,4092,-6,-24,7,-395,5,5,230
9680,-67,330,4104,8,-16,9,-395,5,5,230
9700,-132,146,4128,-11,-29,38,-394,5,5,230
9720,227,348,4091,2,-12,-20,-394,5,5,230
9740,-123,351,4088,-4,-3,10,-394,4,5,230
9760,80,331,4094,-12,-12,-6,-394,4,5,230
9780,163,298,4118,-14,-12,-9,-394,4,4,230
9800,78,291,4126,1,-7,-13,-394,4,4,230
9820,-29,362,4065,26,13,-9,-395,4,5,230
9840,27,309,4097,25,-2,-36,-395,4,5,230
9860,176,327,4132,48,21,-55,-396,4,5,230
9880,-37,-157,4211,10,-30,-236,-398,4,5,230
9900,307,726,4281,138,128,-197,-400,4,5,230
9920,288,697,4138,-6,-34,-152,-402,4,5,230
9940,106,569,4084,22,1,-74,-404,4,6,230
9960,117,353,4076,4,-18,-70,-406,4,6,230
9980,-289,188,4014,-23,-64,15,-407,4,6,230
10000,-62,306,4116,79,31,-1,-408,5,7,230
10020,152,477,4104,101,-7,-7,-407,5,8,230
10040,65,519,4114,57,9,5,-407,5,10,230
10060,37,393,4100,2,-1,10,-407,5,10,230
10080,36,379,4096,-5,0,28,-407,5,10,230
10100,37,337,4110,4,-1,-2,-407,5,10,230
10120,33,386,4079,13,5,-7,-407,5,10,230
10140,35,421,4078,-3,-12,16,-407,5,10,230
10160,57,384,4098,3,-11,17,-407,5,10,230
10180,110,685,4038,2,19,32,-406,5,11,231
10200,369,1660,4049,46,18,88,-406,5,11,231
10220,-212,-513,4217,2,92,-31,-407,4,10,230
10240,-78,21,4094,4,-13,-56,-408,5,10,230
10260,-132,189,4119,1,-6,3,-408,5,9,230
10280,35,366,4100,5,-2,2,-408,5,9,230
10300,43,376,4094,7,1,0,-408,5,10,230
10320,31,375,4090,-2,-4,2,-408,5,10,231
10340,49,359,4099,-7,-13,-18,-409,5,10,230
10360,31,392,4104,-3,-5,6,-409,5,10,230
10380,43,370,4098,3,-3,5,-409,5,10,231
10400,38,361,4102,8,0,0,-409,5,10,231
10420,73,310,4102,13,3,-6,-409,5,10,231
10440,-21,495,4094,26,12,41,-408,5,10,230
10460,39,498,4090,21,4,14,-408,6,10,230
10480,3,479,4069,25,7,43,-407,6,11,230
10500,18,345,4098,22,7,84,-406,6,11,231
10520,132,630,4061,0,-8,12,-405,6,11,230
10540,32,399,4096,-6,-8,7,-404,5,11,231
10560,29,384,4092,-6,-10,9,-404,5,11,231
10580,32,382,4101,-5,-11,8,-404,5,11,231
10600,26,395,4099,-7,-14,12,-404,5,11,231
10620,36,385,4096,-9,-11,16,-404,5,11,230
10640,36,379,4091,-7,-10,28,-404,5,11,230
10660,37,383,4098,-4,-11,7,-404,5,11,230
10680,33,383,4096,-1,-7,7,-404,5,11,230
10700,-42,373,4098,-5,-1,37,-403,5,11,230
10720,107,390,4095,-5,-6,28,-403,5,11,230
10740,289,457,4074,4,13,104,-401,5,11,230
10760,80,395,4093,-1,-5,9,-400,5,11,230
10780,37,390,4096,-2,-7,4,-400,5,11,230
10800,64,340,4123,0,5,3,-400,5,11,230
10820,39,382,4099,3,-6,2,-400,5,11,231
10840,37,386,4092,0,-6,3,-400,5,11,230
10860,37,389,4089,-2,-8,2,-400,5,11,230
10880,34,384,4100,-7,-8,3,-400,5,11,230
10900,32,382,4098,-3,-8,5,-400,5,11,231
10920,38,385,4096,-7,-9,2,-400,5,11,231
10940,37,385,4094,-3,-8,5,-400,5,11,231
10960,36,388,4092,-9,-14,8,-400,5,11,231
10980,36,379,4099,-8,-11,9,-400,5,11,231
11000,39,373,4095,-6,-10,6,-400,4,11,230
11020,36,383,4099,0,-6,3,-400,4,11,231
11040,35,383,4096,-2,-6,2,-400,4,11,230
11060,44,385,4096,-9,-10,7,-400,4,11,231
11080,38,382,4092,-6,-10,9,-400,4,10,230
11100,42,380,4095,-9,-12,8,-400,4,10,231
11120,39,377,4096,-7,-11,6,-400,4,10,231
11140,41,376,4095,-5,-15,9,-400,4,10,230
11160,46,376,4096,-8,-9,7,-400,4,10,231
11180,41,374,4096,-11,-11,7,-399,4,10,231
11200,38,370,4091,-19,-10,6,-399,4,10,231
11220,43,369,4091,-21,-10,8,-399,4,10,231
11240,45,370,4098,-17,-6,2,-399,4,9,231
11260,41,369,4096,-11,-5,4,-399,4,9,231
11280,50,359,4098,-3,-9,0,-399,4,9,231
11300,129,331,4092,0,-13,-22,-399,3,9,231
11320,1084,-952,4369,-105,-59,-457,-402,3,9,230
11340,122,550,4136,9,2,-12,-403,3,8,231
11360,-74,542,4074,4,-8,-17,-404,3,9,231
11380,28,408,4084,-3,-7,-1,-405,3,9,231
11400,49,366,4098,-5,-9,7,-405,3,9,231
11420,43,363,4088,-3,-8,3,-404,3,9,231
11440,49,358,4092,-3,-9,-1,-404,3,9,231
11460,49,361,4094,1,-8,2,-405,3,9,231
11480,44,366,4102,-5,-12,3,-404,3,9,231
11500,45,359,4090,-38,-11,4,-404,3,8,231
11520,41,353,4095,-33,-10,7,-404,3,8,231
11540,-31,414,4083,-2,-2,56,-404,3,7,231
11560,68,329,4100,-4,-9,9,-404,3,7,231
11580,53,351,4095,-1,-6,5,-404,3,7,230
11600,39,363,4099,-3,-6,9,-404,3,7,231
11620,-19,401,4095,4,-5,40,-403,3,7,231
11640,78,331,4100,7,-3,56,-402,3,7,231
11660,42,364,4099,2,-5,30,-402,2,7,231
11680,73,340,4098,11,-7,18,-402,2,8,231
11700,61,335,4101,26,-4,18,-402,2,8,231
11720,54,345,4094,23,-6,1,-401,2,8,232
11740,54,368,4111,28,-7,-7,-402,2,9,231
11760,45,360,4099,9,-10,-29,-402,2,9,231
11780,45,365,4095,5,-7,1,-402,2,9,231
11800,47,367,4092,7,-4,-3,-402,2,9,231
11820,50,370,4095,1,-9,-8,-402,2,9,231
11840,42,366,4095,5,-7,-6,-402,2,9,232
11860,45,371,4097,5,-1,-1,-402,2,9,231
11880,42,365,4094,7,-6,0,-402,2,10,231
11900,42,375,4096,9,-6,1,-402,2,10,231
11920,47,378,4094,-7,-12,-2,-402,2,10,231
11940,47,365,4094,-6,-13,-2,-403,2,10,231
11960,50,371,4094,1,-7,0,-403,2,10,232
11980,43,366,4096,2,-6,1,-403,2,10,232
12000,43,373,4092,1,-7,0,-403,2,10,232
12020,47,368,4095,3,-6,1,-403,2,10,231
12040,47,369,4096,4,-5,3,-403,2,10,232
12060,43,372,4092,0,-5,0,-403,2,10,232
12080,48,369,4092,-2,-6,1,-403,2,10,232
12100,49,375,4094,1,-4,4,-403,2,10,232
12120,46,372,4095,-2,-3,3,-403,2,10,232
12140,43,372,4091,2,-5,4,-403,2,10,231
12160,43,373,4094,-3,-11,3,-403,2,10,231
12180,41,372,4091,1,-12,3,-403,2,10,232
12200,42,376,4095,-5,-8,3,-403,2,10,232
12220,47,372,4092,-6,-13,7,-403,2,10,232
12240,43,373,4094,-12,-15,8,-403,2,10,231
12260,51,370,4095,-9,-11,5,-403,2,9,231
12280,47,368,4095,-8,-9,4,-402,2,9,231
12300,49,364,4099,-5,-6,4,-402,2,9,231
12320,55,367,4092,-1,-7,2,-402,2,9,232
12340,49,367,4098,-2,-4,2,-402,2,9,232
12360,48,365,4090,2,-4,0,-402,2,9,231
12380,51,371,4097,2,-5,1,-402,2,9,232
12400,47,369,4088,1,-4,0,-403,2,9,232
12420,45,369,4088,-1,-3,2,-403,2,9,232
12440,53,373,4096,-1,-3,0,-403,2,9,232
12460,64,376,4105,0,-5,2,-403,2,9,232
12480,37,356,4087,1,-8,3,-403,2,9,232
12500,51,366,4096,-2,-9,3,-403,2,9,232
12520,58,369,4099,-4,-5,6,-403,2,9,232
12540,55,364,4096,-2,-9,4,-403,2,9,232
12560,48,361,4092,-1,-8,3,-403,1,9,232
12580,46,369,4094,-5,-8,2,-402,1,9,232
12600,43,366,4098,-5,-9,5,-402,1,9,232
12620,48,374,4095,-7,-9,6,-402,1,9,232
12640,48,370,4099,-6,-7,4,-402,1,9,232
12660,43,363,4096,-3,-8,2,-402,1,9,232
12680,47,364,4092,2,-6,2,-402,1,9,232
12700,48,366,4091,8,-5,-1,-402,1,9,232
12720,48,366,4092,3,-7,2,-402,1,9,232
12740,47,379,4085,2,-5,3,-402,1,9,232
12760,48,368,4088,-2,-8,2,-402,1,9,232
12780,45,362,4098,2,-8,5,-402,1,9,232
12800,51,367,4093,0,-5,4,-402,1,9,232
12820,45,372,4099,-3,-6,5,-402,1,9,232
12840,49,369,4091,-2,-10,3,-402,1,9,232
12860,47,368,4098,-4,-9,5,-402,1,9,232
12880,48,372,4092,-3,-10,4,-402,1,9,232
12900,48,367,4098,2,-7,5,-402,1,9,232
12920,45,374,4092,0,-8,3,-402,1,9,232
12940,48,371,4097,-2,-8,0,-402,1,9,232
12960,44,367,4092,1,-4,1,-402,1,9,232
12980,50,364,4096,3,-7,1,-402,1,9,233
13000,43,367,4099,4,0,-1,-402,1,9,232
13020,47,376,4093,1,-4,2,-402,1,9,233
13040,44,372,4094,-1,-7,0,-402,1,9,232
13060,42,367,4100,-2,-7,4,-402,1,9,232
13080,48,370,4088,-6,-5,2,-402,1,9,232
13100,46,371,4091,-8,-8,3,-402,1,9,232
13120,44,374,4093,-3,-9,5,-402,1,9,232
13140,43,377,4094,-2,-8,4,-402,1,9,232
13160,46,366,4094,-3,-8,5,-402,1,9,232
13180,44,367,4092,-3,-9,6,-402,1,9,233
13200,46,370,4096,-3,-7,4,-402,1,9,233
13220,48,369,4095,1,-8,3,-402,1,9,233
13240,52,366,4095,5,-1,-1,-402,1,9,232
13260,49,371,4094,5,-2,0,-402,1,9,233
13280,44,372,4095,5,-4,-1,-402,1,9,233
13300,45,368,4097,3,-1,1,-402,1,9,233
13320,46,370,4093,5,-4,2,-402,1,10,232
13340,39,373,4093,3,-4,1,-402,1,10,233
13360,44,371,4094,1,-4,4,-402,1,10,233
13380,45,375,4092,-2,-8,2,-402,1,10,233
13400,44,374,4092,-3,-10,3,-402,1,10,233
13420,44,376,4095,-3,-7,5,-402,1,10,233
13440,47,371,4092,-1,-11,4,-402,1,10,233
13460,44,373,4094,-2,-7,1,-402,1,10,233
13480,48,371,4096,-3,-9,5,-402,1,10,233
13500,44,373,4094,-6,-11,7,-402,1,9,233
13520,48,367,4094,-5,-11,6,-402,1,9,233
13540,43,373,4093,-6,-9,8,-402,1,9,233
13560,22,391,4094,-4,-7,24,-402,1,9,233
13580,356,74,4123,-1,2,32,-401,1,9,233
13600,-39,429,4092,-6,-1,62,-400,1,9,233
13620,135,300,4107,-10,-3,45,-399,1,9,233
13640,104,318,4093,-10,-6,28,-399,1,9,233
13660,41,368,4100,-1,-3,22,-399,1,9,233
13680,65,355,4093,0,-4,27,-398,1,9,233
13700,69,342,4103,-2,-7,8,-398,1,9,233
13720,41,374,4083,0,-13,5,-398,1,9,233
13740,-8,390,4094,-3,-9,19,-398,1,9,233
13760,146,334,4096,0,4,83,-397,1,9,233
13780,-29,399,4096,3,-7,43,-396,1,9,233
13800,21,388,4097,1,-5,47,-396,1,9,233
13820,132,333,4091,-2,10,130,-394,1,9,233
13840,142,266,4091,0,5,142,-392,1,9,233
13860,96,334,4099,1,-2,88,-391,1,9,233
13880,6,409,4098,11,2,80,-390,1,9,233
13900,144,246,4109,0,-5,39,-388,1,10,233
13920,-19,346,4094,-5,-8,69,-387,1,10,233
13940,9,392,4093,1,-4,62,-387,1,10,233
13960,178,317,4092,-4,-7,34,-386,1,10,233
13980,32,396,4087,4,2,110,-385,1,10,233
14000,291,287,4102,-3,-1,59,-383,1,10,233
14020,136,376,4092,-4,1,87,-382,1,10,233
14040,-247,636,3982,-1,18,159,-380,1,10,233
14060,16,376,4124,1,9,56,-379,1,10,233
14080,-71,464,4096,1,4,117,-378,1,10,233
14100,55,357,4086,-11,-11,72,-376,1,9,234
14120,67,355,4096,-7,-10,42,-376,1,9,233
14140,39,350,4096,-3,1,69,-375,1,9,233
14160,20,359,4093,0,2,116,-374,1,9,234
14180,23,361,4110,-6,2,204,-371,1,9,233
14200,52,432,4098,-7,6,177,-368,1,9,233
14220,211,299,4085,-12,-8,166,-365,1,9,234
14240,37,392,4103,6,8,178,-363,1,9,234
14260,-350,673,4019,10,21,283,-360,1,10,233
14280,59,290,4108,-13,-6,95,-357,1,9,234
14300,-9,414,4082,10,8,239,-355,1,9,233
14320,148,312,4120,38,57,285,-351,1,10,233
14340,200,305,4083,-7,0,146,-348,1,10,234
14360,89,396,4092,-16,-4,87,-346,1,10,234
14380,53,382,4094,2,4,134,-345,1,10,234
14400,67,378,4099,-8,-4,115,-343,1,9,234
14420,49,375,4095,-29,-7,64,-342,1,9,234
14440,59,359,4082,-19,-8,51,-341,1,9,234
14460,68,380,4087,-4,-3,62,-340,1,9,234
14480,45,360,4092,2,-7,17,-340,0,9,234
14500,61,357,4099,0,-6,5,-340,0,9,234
14520,48,363,4092,4,-6,1,-340,0,9,234
14540,48,370,4100,4,-5,1,-340,0,9,234
14560,46,368,4096,7,-6,2,-340,0,9,234
14580,49,367,4095,-2,-7,3,-340,0,9,234
14600,48,364,4096,0,-8,3,-340,0,9,234
14620,51,362,4092,-1,-4,3,-340,0,9,234
14640,51,365,4100,-4,-6,0,-340,0,9,234
14660,47,367,4095,-2,-7,3,-340,0,9,234
14680,49,371,4089,-6,-6,1,-340,0,9,234
14700,48,371,4104,-25,-6,2,-340,0,9,234
14720,46,360,4096,-30,-8,3,-340,0,8,234
14740,50,354,4096,-8,-7,3,-340,0,8,234
14760,52,359,4091,-24,-7,2,-340,0,8,234
14780,45,359,4096,-22,-9,5,-340,0,8,234
14800,47,348,4093,-5,-9,2,-340,0,7,234
14820,47,352,4098,-2,-9,2,-340,0,7,234
14840,47,359,4096,-3,-8,2,-340,0,7,235
14860,52,348,4094,-12,-8,4,-340,0,7,234
14880,49,349,4085,-14,-6,0,-340,0,7,234
14900,49,352,4099,2,-9,2,-340,0,7,234
14920,44,345,4099,1,-6,5,-340,0,7,234
14940,74,349,4099,-1,-2,66,-339,0,7,234
14960,-107,504,4110,6,8,112,-338,0,7,234
14980,-22,383,4092,2,1,81,-337,0,7,234
15000,-57,470,4082,3,12,136,-335,1,7,234
15020,490,-69,4132,-4,10,24,-333,1,7,234
15040,45,357,4091,-54,-4,42,-333,1,7,234
15060,-49,286,4081,-18,-6,78,-332,1,6,234
15080,-20,374,4108,-112,-7,66,-331,1,5,235
15100,490,58,4066,-90,33,330,-326,1,4,234
15120,-36,297,4071,-100,-9,56,-326,1,2,235
15140,-432,1143,4153,66,129,542,-321,2,2,235
15160,83,251,4113,-25,-6,14,-321,1,1,235
15180,-227,235,4101,6,11,220,-320,1,1,234
15200,23,306,4108,2,4,167,-317,1,1,235
15220,60,320,4105,-14,-20,229,-314,1,1,235
15240,61,327,4119,-13,49,261,-311,1,1,235
15260,100,265,4080,-32,-22,29,-308,0,0,235
15280,274,304,3859,-186,-281,526,-302,0,0,234
15300,7,276,3871,-48,41,324,-298,0,0,234
15320,3,667,3767,-67,23,289,-295,-1,0,235
15340,135,184,4307,11,-141,189,-291,-1,0,235
15360,241,66,4092,15,16,114,-289,-1,0,235
15380,254,316,4083,-2,9,94,-288,-1,0,235
15400,59,73,3999,-43,-33,81,-287,-2,-1,235
15420,23,326,4021,-8,15,293,-284,-2,-1,235
15440,-82,311,4299,67,83,387,-280,-2,-1,235
15460,2,383,4038,-38,-17,337,-275,-2,-1,235
15480,53,370,4132,14,46,496,-269,-2,-1,235
15500,100,-48,4309,104,88,600,-261,-1,-1,235
15520,-29,373,4074,18,79,703,-252,-1,-1,235
15540,112,366,4332,50,128,817,-241,-1,-1,235
15560,-45,242,4085,-38,-19,964,-228,-1,-1,235
15580,126,257,4207,64,162,1018,-214,-1,-1,235
15600,104,413,4280,62,196,1042,-199,-1,-1,235
15620,23,528,4010,-17,68,1169,-183,0,-1,235
15640,5,611,4158,41,-28,1164,-167,0,-1,235
15660,-144,422,4495,-60,134,1192,-150,0,-1,235
15680,112,-121,4519,113,106,938,-136,0,-1,235
15700,210,-345,4176,34,85,571,-125,1,-1,235
15720,407,-282,4135,4,14,139,-121,0,-1,235
15740,-39,221,4287,66,85,-108,-122,0,-1,235
15760,87,586,4225,21,50,-76,-123,0,-1,235
15780,76,769,4008,-72,-116,-36,-124,0,-1,235
15800,-341,847,4125,84,124,366,-122,0,0,235
15820,15,126,3829,-61,-31,388,-116,0,0,235
15840,-43,239,4063,-4,26,332,-111,1,0,235
15860,28,371,4052,-33,-24,363,-107,0,0,235
15880,78,325,4004,-14,35,823,-98,0,-1,235
15900,-84,194,4050,-12,19,971,-85,0,-1,235
15920,58,277,4104,-27,-40,771,-73,0,-1,236
15940,-198,896,3871,11,47,850,-62,0,0,235
15960,269,97,4187,33,99,755,-50,0,0,235
15980,-112,199,3983,6,21,502,-43,0,0,235
16000,161,381,3954,-22,38,647,-34,0,0,235
16020,73,133,4152,18,25,493,-26,0,-1,235
16040,-66,339,4064,11,35,461,-20,0,0,235
16060,-139,287,4097,74,125,569,-12,0,0,235
16080,31,453,4201,-39,-19,601,-4,0,0,235
16100,3,443,4153,-5,19,563,3,0,0,236
16120,-102,196,3890,-101,-61,571,11,0,0,236
16140,370,13,4079,-18,18,298,17,0,0,235
16160,33,-21,4142,25,46,349,21,0,-1,236
16180,487,373,4094,34,45,286,26,0,-1,235
16200,108,369,4070,-22,-24,43,28,0,0,235
16220,73,293,4110,-23,-28,-2,28,0,-1,235
16240,90,269,4118,25,15,-2,28,0,-1,235
16260,-277,-11,4028,-136,-107,221,29,0,-2,236
16280,-16,12,4160,35,78,657,37,-1,-2,235
16300,438,503,4104,30,59,943,49,0,-1,236
16320,257,296,4114,9,53,554,59,-1,-1,236
16340,173,385,4086,-23,18,237,64,-1,-1,236
16360,96,297,4099,-76,1,4,65,-1,-2,235
16380,-39,219,4116,-89,2,86,65,-1,-4,236
16400,59,51,4180,121,92,577,71,0,-4,236
16420,686,626,4088,275,142,881,82,0,-1,235
16440,-231,79,4076,60,147,1355,99,0,0,236
16460,302,351,4143,-39,48,1311,117,0,-1,236
16480,322,267,4109,76,130,952,133,0,0,236
16500,263,315,4121,8,36,599,143,0,0,236
16520,-113,321,4113,-46,14,582,150,-1,-1,236
16540,-42,261,4075,-2,36,756,160,-1,-1,236
16560,-366,533,3927,-115,-54,1041,173,-1,-1,236
16580,359,245,4248,-28,17,715,184,-1,-1,236
16600,51,284,4114,5,7,250,189,-1,-1,236
16620,-395,315,4090,20,12,284,192,-1,-1,236
16640,-151,513,4489,74,-74,329,197,-1,-1,236
16660,-139,331,4079,-51,9,468,202,-1,-1,236
16680,492,363,4016,-15,36,458,209,-1,-1,236
16700,450,122,4105,18,21,371,215,-2,-1,236
16720,133,281,4102,-5,4,143,218,-2,-1,235
16740,-88,84,4111,-36,-11,309,222,-2,-2,236
16760,9,195,4139,37,31,390,227,-2,-1,236
16780,86,334,4162,86,46,354,232,-2,-1,236
16800,-113,245,4187,97,81,670,239,-1,0,236
16820,-48,415,4103,-21,16,759,249,-1,0,236
16840,107,491,4055,33,44,676,259,-1,0,236
16860,303,360,4093,-37,-8,341,266,-1,0,236
16880,217,289,4092,-9,-2,121,268,-2,0,236
16900,-287,378,4069,5,12,372,271,-2,0,236
16920,-206,369,4115,-16,53,632,279,-1,0,236
16940,-124,335,4265,195,179,687,289,0,1,236
16960,194,181,4122,-11,34,597,298,1,3,237
16980,238,350,4178,10,35,458,305,1,3,236
17000,395,247,4070,-3,11,265,310,0,3,236
17020,86,308,4076,3,15,225,313,0,3,236
17040,-466,639,4157,-56,23,425,317,1,3,237
17060,-1207,1106,3737,-35,87,959,327,1,3,236
17080,-41,605,3218,5,245,1127,342,2,4,236
17100,625,-204,4179,88,30,786,356,1,5,237
17120,386,-26,4188,49,38,408,363,1,5,237
17140,-50,318,4085,-35,4,406,369,1,5,237
17160,147,288,4162,15,27,375,374,1,5,237
17180,747,202,4173,19,21,155,378,1,5,236
17200,87,297,4106,1,-7,8,379,1,4,237
17220,-398,396,4110,13,29,393,381,1,4,236
17240,-1,373,4122,27,53,607,389,1,5,236
17260,-45,500,4050,12,22,448,395,1,5,236
17280,371,53,4074,5,21,328,402,1,5,236
17300,47,327,4136,-5,9,375,407,1,5,236
17320,70,473,4116,1,24,362,412,1,5,237
17340,213,145,4244,12,58,412,418,1,5,237
17360,20,292,4115,12,34,362,423,1,5,237
17380,12,299,4130,13,33,467,429,1,5,236
17400,-171,326,4188,22,74,550,436,1,5,237
17420,481,406,3677,-46,-50,501,444,0,4,237
17440,-344,571,3825,-4,11,660,452,0,4,237
17460,99,289,4099,7,54,672,462,1,5,237
17480,-159,281,4242,39,80,589,470,1,5,237
17500,-1,239,4118,40,57,741,480,2,6,237
17520,-66,225,4163,4,46,791,491,2,6,237
17540,236,275,4098,-9,35,838,502,1,5,237
17560,435,286,4154,5,75,729,513,1,5,237
17580,213,190,4148,9,63,752,523,1,5,237
17600,109,311,4131,30,77,785,534,1,5,237
17620,96,299,4094,27,44,678,544,1,5,237
17640,19,209,4107,15,15,712,554,1,5,237
17660,-59,134,4212,-54,18,746,564,0,5,237
17680,-80,270,3861,-83,-8,772,574,0,4,237
17700,114,361,4055,27,25,667,584,0,4,237
17720,119,366,4160,30,83,793,595,0,5,237
17740,-45,502,4100,21,32,1203,609,0,5,236
17760,-25,519,4048,-117,63,1362,627,0,4,237
17780,39,423,4199,12,75,1245,645,0,4,237
17800,471,59,4117,-50,2,1132,662,0,4,237
17820,-48,373,4068,-204,-115,1259,678,-3,1,237
17840,-241,346,4029,84,58,1397,696,-4,0,237
17860,141,61,4235,-2,108,1546,717,-4,0,237
17880,723,554,3987,27,65,1417,738,-5,0,237
17900,353,138,4167,110,108,1187,756,-5,0,237
17920,-182,95,3988,125,-90,867,770,-6,1,237
17940,4,98,4116,35,63,853,783,-6,0,237
17960,152,179,4151,48,76,763,794,-7,0,237
17980,292,349,4188,15,67,751,805,-7,0,237
18000,349,-314,4346,48,19,775,816,-7,0,237
18020,127,150,4254,-115,44,1169,829,-8,0,237
18040,-27,245,3894,-25,19,1004,844,-8,0,237
18060,-189,537,4084,48,83,1068,858,-8,0,237
18080,-230,482,4196,51,80,1118,874,-8,0,237
18100,163,314,4192,10,108,1093,890,-8,0,237
18120,157,389,3804,62,86,1151,905,-9,0,237
18140,-145,161,4172,-62,235,1211,922,-9,0,237
18160,137,-116,4099,-49,-17,1000,938,-9,-1,237
18180,253,233,4144,3,10,526,947,-10,-1,237
18200,321,185,4258,36,27,357,952,-10,0,237
18220,221,181,4083,41,29,343,957,-10,0,237
18240,288,174,4089,18,25,223,961,-10,0,237
18260,232,241,4102,22,1,170,964,-10,0,237
18280,60,352,4103,-2,5,220,967,-10,0,237
18300,262,64,4118,1,2,152,970,-10,0,237
18320,84,243,4130,33,30,154,972,-10,0,237
18340,61,172,4169,207,175,165,975,-8,1,237
18360,135,401,4233,62,60,215,977,-7,2,237
18380,57,274,4115,6,16,268,981,-7,2,237
18400,-20,271,4064,-9,6,312,985,-7,2,237
18420,46,491,4046,-2,33,287,989,-7,2,237
18440,89,206,4129,16,19,202,992,-7,2,237
18460,147,356,4098,-24,78,503,997,-7,2,238
18480,66,414,4123,20,14,553,1005,-7,2,237
18500,-8,419,4039,-11,29,448,1011,-7,2,237
18520,106,223,4132,13,21,397,1017,-7,1,237
18540,141,368,4100,2,12,226,1021,-7,1,238
18560,28,416,4069,-17,-18,188,1024,-7,1,238
18580,-195,275,3736,-89,-45,377,1028,-7,1,238
18600,139,364,3955,-22,34,415,1034,-7,2,238
18620,592,-152,4636,104,48,359,1039,-7,1,237
18640,-300,553,4038,-2,29,422,1044,-7,1,237
18660,-120,406,4120,60,105,753,1053,-6,2,237
18680,376,239,4056,73,106,469,1061,-6,2,237
18700,22,420,4227,54,68,510,1068,-6,3,237
18720,70,229,4121,51,141,572,1076,-5,3,238
18740,79,129,4298,98,98,429,1082,-5,3,237
18760,202,206,4267,69,70,341,1087,-6,2,237
18780,173,209,4122,0,8,266,1091,-6,2,238
18800,-19,402,4002,-33,22,585,1098,-6,1,237
18820,283,107,4094,21,32,613,1107,-6,1,238
18840,331,-12,4406,78,74,626,1116,-6,1,238
18860,247,210,4080,34,11,610,1126,-6,1,237
18880,-118,533,4017,-74,-17,599,1133,-6,0,237
18900,164,229,4083,-8,10,291,1139,-7,0,238
18920,-211,608,4054,-7,23,390,1143,-6,0,237
18940,23,481,4001,-9,12,447,1149,-6,0,237
18960,159,296,4234,29,16,565,1156,-7,0,238
18980,102,343,3881,-46,1,464,1163,-7,0,238
19000,132,282,4182,13,43,436,1169,-7,0,238
19020,316,188,4096,-13,-3,344,1175,-7,0,238
19040,114,298,4100,5,18,284,1179,-8,0,238
19060,258,303,4243,-105,-104,298,1183,-8,0,238
19080,-36,522,3990,-140,-107,431,1188,-10,-2,238
19100,160,-22,4150,11,-16,212,1193,-11,-4,238
19120,22,501,3988,11,133,435,1198,-11,-4,238
19140,190,-45,4100,6,-3,82,1200,-11,-4,238
19160,117,262,4098,1,-10,3,1201,-11,-4,238
19180,81,291,4103,0,-7,17,1201,-11,-4,238
19200,23,325,4096,16,11,64,1201,-11,-4,238
19220,-197,405,4038,-54,-32,239,1203,-11,-4,238
19240,109,30,4076,10,19,516,1210,-11,-4,238
19260,24,227,4093,-5,14,337,1214,-10,-4,238
19280,204,201,4022,-52,-4,543,1221,-10,-5,238
19300,-112,176,4163,18,23,324,1226,-11,-5,238
19320,56,412,4095,15,31,613,1234,-10,-5,238
19340,317,135,4114,46,39,571,1242,-10,-5,238
19360,221,267,4042,21,29,578,1250,-10,-5,238
19380,76,223,4153,-6,-3,452,1257,-10,-5,238
19400,185,218,4094,49,47,347,1262,-10,-5,238
19420,140,331,4062,12,18,247,1266,-10,-5,238
19440,30,204,4072,78,13,355,1271,-10,-4,238
19460,40,400,4040,-11,13,268,1275,-10,-5,238
19480,-40,326,4085,-31,6,260,1278,-10,-5,238
19500,213,111,4134,40,24,389,1283,-10,-5,238
19520,-59,327,4053,-14,14,322,1287,-10,-5,238
19540,215,327,4087,2,26,363,1293,-10,-5,238
19560,328,228,4118,24,16,207,1297,-10,-4,238
19580,-85,439,4102,18,31,338,1300,-9,-4,238
19600,99,359,4087,-2,19,339,1305,-9,-4,238
19620,513,212,4135,-7,10,371,1311,-9,-4,238
19640,-25,275,4068,16,33,390,1315,-9,-4,238
19660,169,83,4122,20,9,294,1320,-9,-4,238
19680,-32,360,4119,16,1,494,1326,-9,-4,238
19700,80,446,3975,-3,52,566,1334,-9,-4,238
19720,-66,315,4006,50,30,612,1342,-9,-4,239
19740,151,61,4118,-11,20,654,1351,-9,-3,238
19760,283,453,3885,5,98,574,1360,-9,-4,238
19780,-136,368,4113,-9,-3,420,1366,-9,-4,238
19800,-125,340,4056,-9,23,569,1373,-8,-4,238
19820,239,209,4176,2,16,469,1380,-9,-5,238
19840,166,179,4069,23,25,438,1387,-9,-5,238
19860,22,226,4078,-3,18,501,1393,-9,-4,238
19880,-282,291,4136,-74,-21,638,1400,-8,-4,238
19900,-275,185,4154,47,27,682,1408,-8,-4,238
19920,106,427,4073,2,39,830,1419,-8,-4,238
19940,160,442,4119,172,57,1085,1432,-8,-4,238
19960,159,62,4559,114,125,785,1445,-8,-4,239
19980,211,225,4066,9,22,476,1453,-8,-4,238
20000,604,-267,4090,-32,-22,268,1459,-8,-4,238
20020,-102,459,4010,-17,-1,415,1463,-8,-5,238
20040,293,342,4202,56,48,413,1469,-8,-4,238
20060,237,178,4103,-15,2,358,1474,-8,-5,238
20080,162,153,4088,19,21,183,1478,-9,-5,238
20100,186,-130,4168,77,68,203,1481,-8,-4,238
20120,140,260,4110,110,93,108,1483,-7,-3,238
20140,6,219,4048,-35,-30,156,1485,-6,-3,238
20160,90,381,4110,14,13,184,1487,-6,-3,238
20180,124,250,4099,17,10,95,1489,-6,-2,238
20200,-206,139,4082,6,23,254,1491,-6,-3,238
20220,166,339,4097,-28,-1,207,1494,-6,-3,238
20240,305,202,4106,4,-1,78,1497,-6,-3,239
20260,194,77,4179,53,49,6,1497,-6,-3,238
20280,-259,620,3885,-142,-84,346,1499,-6,-3,239
20300,464,405,4034,-122,-41,341,1505,-8,-6,238
20320,71,488,4031,-12,15,334,1509,-8,-5,238
20340,-119,454,4010,-46,28,531,1516,-8,-5,238
20360,234,61,4076,-20,3,344,1521,-8,-5,238
20380,261,220,4148,1,13,340,1526,-8,-5,238
20400,-13,259,4080,1,11,300,1530,-8,-5,239
20420,42,246,4104,50,23,285,1535,-8,-4,239
20440,139,224,4143,45,17,299,1539,-8,-4,238
20460,304,251,4119,17,9,305,1543,-8,-4,238
20480,65,375,4131,7,4,329,1548,-8,-4,238
20500,-62,668,4069,-21,0,436,1552,-8,-4,238
20520,341,174,4114,19,12,255,1557,-8,-4,238
20540,135,42,4134,-3,-6,151,1560,-8,-4,238
20560,-14,212,4122,1,-1,145,1562,-8,-4,239
20580,-205,564,4002,-18,12,406,1566,-8,-4,238
20600,203,147,4241,52,68,434,1572,-8,-4,238
20620,317,50,4140,147,125,211,1577,-7,-3,239
20640,84,228,4098,18,26,193,1579,-6,-2,239
20660,203,139,4144,11,16,204,1582,-6,-2,239
20680,34,330,4120,8,19,323,1586,-5,-2,239
20700,237,198,4055,-7,-1,372,1591,-6,-2,239
20720,-100,390,3997,10,30,437,1597,-5,-2,238
20740,562,51,4115,-11,-10,157,1601,-6,-2,238
20760,71,275,4097,-19,-10,156,1603,-6,-2,239
20780,156,201,4099,-8,-17,89,1605,-6,-3,239
20800,103,237,4088,-38,-38,119,1606,-7,-3,239
20820,47,255,4107,-67,-55,128,1608,-7,-4,238
20840,116,336,4095,-37,-18,157,1610,-8,-4,239
20860,142,272,4108,-5,-3,106,1612,-8,-4,238
20880,51,237,4103,4,-1,53,1613,-8,-4,239
20900,146,223,4119,2,-5,18,1613,-8,-5,239
20920,100,282,4102,3,-3,45,1614,-8,-5,238
20940,130,267,4105,-9,-9,-27,1613,-8,-5,239
20960,88,205,4123,18,2,12,1613,-8,-5,239
20980,-86,150,4135,107,81,59,1614,-7,-3,239
21000,-27,350,4102,59,42,131,1615,-6,-2,239
21020,109,437,4064,-6,-10,64,1617,-6,-2,239
21040,107,303,4118,-9,-11,70,1617,-6,-2,239
21060,418,120,4105,-15,-18,-51,1617,-6,-2,239
21080,116,258,4097,4,-8,-73,1616,-6,-2,238
21100,50,341,4097,-8,-20,-75,1615,-6,-2,239
21120,52,315,4096,-3,-14,-26,1615,-6,-2,239
21140,155,295,4090,2,-11,-66,1614,-6,-2,239
21160,20,259,4104,0,-9,-52,1613,-6,-2,239
21180,94,292,4101,-3,-13,-73,1612,-6,-2,238
21200,62,280,4094,-2,-5,-23,1612,-6,-2,239
21220,90,282,4101,-1,-11,-42,1611,-6,-2,238
21240,84,270,4100,-7,-8,3,1611,-6,-2,239
21260,125,-93,4138,2,2,59,1612,-6,-3,239
21280,57,449,4067,18,13,21,1612,-6,-3,239
21300,157,505,4074,-3,-7,2,1612,-6,-2,239
21320,86,290,4097,0,-13,0,1612,-6,-2,239
21340,317,-46,4147,-5,-18,-191,1611,-6,-2,239
21360,225,182,4166,2,-10,-175,1609,-7,-3,239
21380,21,358,4129,5,27,-140,1607,-6,-2,239
21400,-528,593,4082,-40,165,12,1605,-4,-2,239
21420,142,132,4180,12,-30,-21,1606,-5,-3,239
21440,87,309,4097,-31,172,-8,1605,-3,-3,239
21460,-440,186,4059,-20,-3,118,1606,-1,-3,239
21480,1253,-60,4670,347,71,137,1610,-7,-2,239
21500,120,277,4107,3,2,135,1612,-8,-2,239
21520,190,332,4121,15,-12,47,1613,-7,-2,239
21540,-99,271,4105,-7,2,118,1614,-7,-2,239
21560,55,222,4099,-10,-5,230,1616,-7,-2,239
21580,178,159,4195,69,87,277,1621,-7,-2,239
21600,44,332,4005,-45,-61,386,1625,-8,-2,239
21620,14,210,4131,-89,-88,560,1632,-9,-4,239
21640,159,286,4124,-113,39,616,1640,-9,-5,239
21660,382,168,4199,-64,231,438,1648,-8,-7,239
21680,94,418,4132,70,313,254,1652,-4,-6,239
21700,114,613,4040,251,256,313,1656,0,-4,239
21720,146,37,4141,21,10,276,1660,0,-3,239
21740,-242,84,4134,10,-96,-5,1662,-1,-3,239
21760,-191,248,4085,42,-280,32,1662,-3,-3,239
21780,168,292,4117,21,-150,162,1663,-6,-3,239
21800,251,324,4125,-27,91,139,1665,-6,-3,239
21820,33,410,4083,-29,175,9,1666,-4,-3,239
21840,-372,-18,4110,65,-242,223,1668,-4,-3,239
21860,546,359,4148,-25,-9,172,1671,-8,-3,239
21880,-5,229,4112,-6,12,172,1674,-7,-3,239
21900,-92,298,4119,7,2,243,1676,-7,-3,239
21920,13,274,4050,19,-12,349,1681,-7,-3,239
21940,266,286,4096,-1,18,268,1685,-7,-3,239
21960,46,343,4121,11,19,289,1689,-7,-3,239
21980,-12,309,4080,-1,22,339,1693,-7,-3,239
22000,-213,644,4119,-36,-10,425,1699,-7,-3,239
22020,315,93,4210,-17,30,406,1705,-7,-3,239
22040,182,115,4090,-5,-13,63,1707,-7,-3,239
22060,60,291,4099,-2,-7,88,1708,-7,-3,239
22080,-275,1031,4010,-13,-2,471,1712,-7,-3,239
22100,-27,576,3642,-110,-140,731,1721,-7,-3,239
22120,179,135,4124,-44,3,509,1729,-7,-3,239
22140,-21,-451,4190,32,50,244,1734,-7,-3,239
22160,157,206,4102,0,-6,5,1735,-8,-3,239
22180,92,307,4094,-4,-6,4,1735,-8,-4,239
22200,110,274,4096,2,-5,2,1735,-8,-3,239
22220,64,212,4120,3,-2,-66,1734,-8,-4,239
22240,72,297,4100,-2,-4,0,1734,-7,-4,240
22260,52,152,4122,3,9,130,1735,-7,-4,240
22280,-370,366,4072,-2,17,413,1739,-7,-4,239
22300,190,374,4111,13,6,172,1743,-7,-4,239
22320,218,297,4146,27,31,294,1747,-7,-3,240
22340,-20,37,4116,-18,10,259,1750,-7,-4,240
22360,-69,555,4129,16,48,413,1755,-6,-4,239
22380,212,403,4110,-11,46,511,1762,-6,-3,239
22400,136,165,4081,-8,12,488,1769,-6,-3,239
22420,-86,559,4089,-16,15,462,1774,-6,-4,239
22440,26,176,4059,15,45,530,1782,-6,-3,239
22460,246,351,4206,13,85,524,1789,-6,-3,239
22480,263,130,4132,22,20,541,1797,-6,-3,239
22500,-54,199,4098,-2,32,449,1803,-5,-3,239
22520,-69,276,4219,44,68,440,1809,-5,-3,239
22540,-228,495,4124,55,113,833,1819,-4,-3,239
22560,-179,741,4125,27,45,1456,1836,-4,-2,240
22580,982,-523,3878,-33,5,764,1851,-4,-2,239
22600,-186,422,4177,59,90,835,1861,-3,-2,240
22620,241,357,4019,-94,40,919,1875,-3,-2,240
22640,15,39,4266,-58,-36,870,1887,-3,-2,240
22660,241,162,4008,-81,7,750,1899,-4,-3,239
22680,43,281,3933,-11,-15,486,1907,-4,-3,239
22700,-156,553,4043,-34,12,711,1915,-5,-4,240
22720,85,336,4186,18,59,571,1924,-4,-4,239
22740,-111,513,4050,1,29,626,1932,-4,-3,239
22760,-65,112,4056,11,39,540,1940,-4,-4,240
22780,41,388,4024,-15,-24,494,1947,-4,-3,240
22800,-45,447,4041,18,36,521,1954,-4,-3,239
22820,-318,371,4050,28,129,1076,1966,-3,-3,240
22840,80,285,3993,12,92,1310,1984,-3,-3,240
22860,358,-10,4094,-30,-18,840,1998,-4,-4,239
22880,75,80,4226,57,69,603,2008,-4,-4,239
22900,-403,409,3850,0,23,954,2019,-4,-5,239
22920,-132,232,3762,6,75,1355,2037,-3,-4,240
22940,437,249,4006,37,102,970,2053,-3,-5,239
22960,433,250,4070,20,49,325,2060,-4,-4,240
22980,181,284,4078,4,16,156,2063,-4,-4,240
23000,159,248,4103,3,1,99,2065,-4,-4,240
23020,88,289,4099,-1,1,86,2066,-4,-4,240
23040,70,377,4109,12,18,285,2069,-4,-4,240
23060,69,334,4096,11,19,326,2073,-4,-4,240
23080,118,247,4241,30,41,310,2078,-3,-4,240
23100,-26,218,4102,-1,30,447,2083,-3,-4,240
23120,-46,177,4123,-12,1,575,2090,-3,-4,240
23140,95,126,4186,0,31,638,2099,-3,-5,239
23160,392,287,4105,-3,20,573,2107,-4,-5,240
23180,-41,68,4030,-155,-99,443,2114,-5,-6,240
23200,353,284,4205,128,137,540,2121,-5,-6,240
23220,-341,586,3874,-72,-88,653,2129,-4,-5,240
23240,80,227,4118,20,66,644,2137,-4,-5,239
23260,-136,219,4099,87,107,741,2148,-3,-5,240
23280,-347,487,3881,-86,-26,761,2159,-3,-5,240
23300,33,330,4110,37,73,703,2168,-3,-5,239
23320,1,235,4076,-119,-45,761,2179,-4,-6,240
23340,138,149,4447,-228,-75,821,2190,-6,-9,240
23360,120,295,4072,-20,59,683,2200,-5,-9,240
23380,111,453,3976,-20,56,754,2210,-5,-9,240
23400,139,115,4116,-11,12,479,2219,-5,-9,240
23420,-18,182,4104,-10,-3,431,2224,-5,-9,239
23440,63,225,4152,20,9,491,2231,-5,-9,239
23460,63,326,4073,15,39,647,2239,-5,-9,240
23480,32,216,4180,-20,23,681,2249,-5,-10,240
23500,153,250,4180,-18,11,546,2257,-5,-10,239
23520,89,455,4096,18,30,566,2265,-5,-9,240
23540,90,266,4115,30,36,483,2272,-5,-9,239
23560,92,154,4151,32,22,492,2279,-5,-9,240
23580,24,128,4120,-11,28,523,2286,-5,-10,240
23600,-42,192,4092,-19,35,600,2294,-5,-10,240
23620,296,185,4163,14,19,391,2301,-5,-10,240
23640,-47,321,4105,7,8,184,2304,-5,-10,239
23660,183,243,4087,2,1,79,2306,-5,-10,240
23680,-1059,742,3845,-28,12,661,2312,-5,-10,240
23700,366,105,4038,-31,14,541,2320,-5,-10,240
23720,476,22,4084,43,21,332,2326,-5,-10,240
23740,49,271,4118,0,11,297,2330,-5,-10,240
23760,76,183,4115,-10,1,161,2333,-5,-10,240
23780,99,255,4098,2,4,209,2335,-5,-10,240
23800,3,117,4106,-9,-1,197,2338,-5,-10,240
23820,91,229,4102,-3,5,295,2342,-5,-10,240
23840,-13,422,4080,-17,3,310,2347,-5,-9,240
23860,80,61,4231,34,37,492,2352,-4,-9,240
23880,265,231,4131,-6,22,294,2358,-5,-10,240
23900,-69,343,4157,15,90,437,2363,-4,-9,240
23920,112,231,4097,13,5,158,2366,-4,-9,240
23940,-243,362,4108,4,3,345,2369,-4,-9,240
23960,-160,328,4045,-28,-2,492,2375,-4,-9,239
23980,74,295,4207,-76,-13,593,2383,-3,-9,240
24000,72,399,4076,11,38,452,2390,-4,-10,240
24020,136,228,4069,7,15,369,2395,-4,-10,240
24040,134,189,4127,17,18,333,2400,-4,-9,240
24060,78,245,4097,7,9,290,2404,-4,-9,240
24080,-35,273,4089,-13,12,429,2410,-4,-9,240
24100,98,190,4078,2,13,475,2417,-4,-9,240
24120,96,150,4098,49,66,443,2423,-3,-9,240
24140,155,191,4156,115,106,347,2428,-3,-8,240
24160,34,212,4071,76,102,318,2433,-2,-7,240
24180,-34,308,4063,-13,-11,441,2439,-1,-6,240
24200,115,210,4073,-11,-14,375,2444,-2,-7,240
24220,81,361,4141,-97,-67,431,2450,-3,-8,240
24240,142,149,4260,45,27,432,2455,-4,-9,240
24260,80,290,4052,3,7,270,2460,-4,-9,240
24280,39,-102,4107,-9,25,55,2462,-4,-9,240
24300,-374,395,4052,-29,-58,-117,2460,-3,-10,240
24320,674,319,4036,36,-5,-73,2460,-4,-10,240
24340,159,297,4093,-8,-6,4,2459,-4,-10,240
24360,123,250,4101,-1,-4,36,2460,-4,-10,240
24380,-64,315,4108,-3,0,85,2461,-4,-9,240
24400,-65,375,4059,5,30,407,2465,-4,-9,240
24420,154,317,4070,44,44,406,2471,-4,-9,239
24440,247,82,4148,24,13,211,2474,-4,-9,240
24460,239,87,4230,132,108,120,2477,-2,-8,240
24480,-20,371,4089,176,143,59,2477,-1,-6,240
24500,276,103,4139,3,2,47,2478,0,-5,240
24520,-95,244,4082,-10,3,120,2479,0,-5,240
24540,225,244,4200,36,24,50,2481,0,-5,240
24560,-124,310,4116,10,2,118,2482,0,-5,240
24580,46,249,4092,12,20,312,2485,0,-5,240
24600,177,273,4014,-33,-18,435,2491,0,-5,240
24620,-43,387,4044,-49,-50,426,2496,-1,-5,240
24640,-65,315,4100,-34,-27,223,2500,-2,-6,240
24660,50,191,4100,-140,-106,207,2504,-3,-8,240
24680,107,214,4086,-15,-8,146,2506,-3,-9,240
24700,243,226,4087,0,2,94,2508,-3,-9,240
24720,73,140,4109,-3,-9,5,2508,-3,-9,239
24740,1,442,4102,-7,-5,106,2509,-3,-9,240
24760,73,195,4121,-4,-4,150,2511,-3,-9,240
24780,-13,235,4097,-6,-108,152,2513,-5,-9,240
24800,233,85,3872,-3,172,245,2516,-4,-9,240
24820,37,258,4128,3,0,88,2518,-4,-9,240
24840,121,186,4102,0,-9,1,2518,-4,-9,240
24860,11,365,4155,3,-125,0,2518,-5,-9,240
24880,279,184,4014,11,-7,33,2518,-6,-9,240
24900,-314,360,4870,108,-53,-13,2518,-4,-8,240
24920,57,651,4049,-2,0,210,2520,-4,-8,240
24940,54,317,4098,35,26,580,2527,-4,-8,240
24960,247,74,4155,-13,7,315,2533,-4,-8,240
24980,-72,492,4113,-4,-40,2,2536,-4,-8,240
25000,-192,287,4104,-6,1,135,2538,-4,-8,240
25020,51,217,4108,-3,3,152,2541,-4,-8,240
25040,63,292,4092,14,17,237,2544,-3,-8,240
25060,99,93,4096,6,3,199,2547,-3,-8,240
25080,-19,177,4121,4,4,181,2550,-3,-8,240
25100,-218,481,4101,-1,-1,50,2551,-3,-8,240
25120,554,129,3921,74,37,-83,2552,-1,-6,240
25140,-19,426,4088,107,91,15,2553,-1,-5,240
25160,78,143,4181,83,62,68,2553,0,-4,240
25180,-133,334,4079,2,15,198,2555,0,-3,240
25200,32,267,4140,11,6,221,2558,0,-3,240
25220,-50,278,4069,26,21,297,2562,0,-3,240
25240,-5,176,4149,37,56,447,2567,0,-3,240
25260,-7,293,4047,3,40,572,2574,0,-3,240
25280,-81,214,4237,42,55,775,2584,1,-3,240
25300,171,243,4253,-20,21,811,2596,1,-3,240
25320,-60,182,4054,18,-12,930,2608,1,-3,240
25340,-104,406,3964,170,180,383,2617,0,-3,240
25360,-43,293,4811,-27,-72,610,2624,0,-2,240
25380,-80,-10,4092,-46,-13,761,2634,1,-2,240
25400,1121,157,4211,-71,-59,273,2641,0,-5,240
25420,-128,241,4102,5,7,86,2642,0,-5,240
25440,-59,299,4087,-44,-42,93,2643,-1,-5,240
25460,224,160,4069,-144,-113,177,2645,-2,-6,240
25480,209,175,4114,0,2,107,2648,-2,-7,240
25500,65,294,4091,2,-9,-5,2648,-2,-7,240
25520,103,222,4116,-13,-14,-103,2647,-2,-7,240
25540,124,45,4142,20,0,5,2647,-2,-7,240
25560,84,235,4109,0,-6,4,2647,-2,-7,240
25580,78,246,4103,-2,-9,3,2647,-2,-7,240
25600,93,253,4110,-3,-9,-26,2646,-2,-7,240
25620,45,230,4096,3,-10,-74,2645,-3,-7,240
25640,75,244,4100,-3,-10,3,2645,-2,-7,240
25660,59,280,4104,-4,-4,8,2645,-2,-7,240
25680,-78,701,4059,-20,-18,182,2647,-2,-7,240
25700,-304,75,4015,-17,30,172,2649,-2,-6,240
25720,-104,329,4152,33,49,356,2654,-1,-6,240
25740,292,120,4152,197,174,521,2660,0,-4,240
25760,182,118,4028,-41,-32,142,2665,0,-3,240
25780,85,136,4116,8,15,145,2666,0,-3,240
25800,22,263,4102,0,-6,104,2668,0,-3,241
25820,-95,288,4104,6,1,147,2669,0,-3,240
25840,64,209,4102,3,25,328,2674,0,-3,240
25860,55,314,4105,4,23,355,2679,0,-3,240
25880,89,241,4120,2,36,381,2684,0,-3,240
25900,87,318,4212,-7,60,518,2691,1,-3,240
25920,156,454,4132,32,114,625,2699,1,-3,240
25940,44,344,4086,35,37,432,2706,1,-2,240
25960,-187,188,4114,4,51,599,2714,1,-3,240
25980,-31,-116,4216,45,81,906,2725,2,-2,240
26000,360,258,4053,-11,21,733,2737,2,-3,240
26020,349,374,4107,-3,0,140,2741,1,-3,240
26040,-610,167,4103,6,28,528,2746,2,-3,240
26060,-1198,-335,4146,42,122,1137,2759,2,-3,240
26080,295,350,4121,16,76,1177,2777,2,-2,240
26100,1395,821,4170,-35,-28,326,2785,1,-2,240
26120,-7,448,4110,16,-1,250,2787,1,-2,240
26140,37,-8,4177,-8,20,384,2792,1,-2,240
26160,-122,319,4094,11,22,486,2798,1,-2,240
26180,-64,447,4092,-4,19,404,2804,1,-2,240
26200,-245,608,4013,-20,2,348,2808,1,-2,240
26220,-212,338,4165,-22,3,469,2814,1,-2,240
26240,143,-144,5025,199,121,651,2822,2,-1,240
26260,283,293,4127,25,81,833,2834,2,-1,240
26280,595,285,4351,74,75,392,2842,2,-1,240
26300,-185,561,4052,10,61,397,2847,2,0,240
26320,170,82,4195,10,57,370,2853,3,0,240
26340,-59,143,4219,44,43,437,2858,3,0,240
26360,516,-229,4153,41,70,356,2865,4,0,240
26380,42,277,4092,-1,10,395,2870,3,0,240
26400,-4,335,4119,-4,19,489,2876,3,0,240
26420,34,165,4175,16,54,456,2883,3,0,240
26440,97,201,4165,23,66,568,2890,3,0,240
26460,263,188,4241,69,125,427,2897,4,0,240
26480,374,465,4096,35,109,377,2903,4,0,240
26500,95,362,4088,-15,-11,323,2908,3,0,240
26520,44,289,4107,16,5,406,2913,3,0,240
26540,92,261,4104,2,23,462,2919,3,0,240
26560,-28,295,4070,1,20,484,2926,3,0,240
26580,-197,133,4176,26,55,536,2933,4,0,240
26600,-159,116,4047,38,57,577,2941,4,0,240
26620,-414,341,4192,26,87,617,2949,5,0,240
26640,-123,83,4444,17,115,905,2960,6,1,240
26660,835,237,4121,0,93,572,2970,7,1,240
26680,-110,215,3958,21,12,470,2977,8,1,240
26700,85,307,3752,-44,-49,441,2984,7,2,240
26720,249,668,4046,0,15,177,2987,6,1,240
26740,55,310,4096,-3,-6,45,2988,6,2,240
26760,27,226,4108,13,13,326,2991,6,2,240
26780,332,373,4151,-30,39,307,2996,6,1,240
26800,150,312,4086,-6,3,128,2999,6,1,240
26820,226,426,4012,-167,-133,97,3000,4,0,240
26840,64,-258,4378,22,24,267,3003,3,-1,241
26860,-1,449,4019,79,91,411,3009,4,0,240
26880,37,176,4146,-6,-13,356,3015,3,0,240
26900,-541,237,4094,-1,33,813,3023,4,0,240
26920,166,69,4178,-2,34,848,3036,4,0,240
26940,89,183,4161,41,58,777,3047,3,0,240
26960,369,641,3952,-41,65,622,3057,2,0,241
26980,74,336,4112,-43,-3,499,3064,2,0,240
27000,176,406,4022,-119,-16,564,3073,2,0,241
27020,68,239,4081,-3,34,572,3080,2,0,240
27040,-99,329,4042,-71,50,687,3089,2,0,240
27060,167,252,4089,49,30,555,3098,2,0,240
27080,491,204,4073,-12,12,313,3104,1,0,240
27100,25,305,4081,-25,-6,221,3107,1,0,241
27120,81,139,4144,30,37,418,3112,1,0,240
27140,4,192,4099,-17,57,603,3120,1,0,241
27160,40,194,4078,10,55,534,3128,1,0,240
27180,231,135,4270,104,46,433,3134,1,0,240
27200,37,295,4128,47,67,292,3139,2,1,240
27220,231,223,4163,174,155,194,3143,3,3,240
27240,-146,396,4028,-13,-9,219,3146,3,3,240
27260,121,329,4098,-3,6,227,3149,3,3,240
27280,-101,263,4099,-27,-8,357,3153,3,3,240
27300,137,287,4106,-1,22,334,3158,2,3,240
27320,-11,292,4101,-22,21,487,3164,2,2,240
27340,63,86,4143,112,64,600,3172,2,3,240
27360,-152,205,4125,15,28,586,3180,3,3,240
27380,-285,395,4042,17,55,632,3188,2,2,240
27400,84,393,4090,-12,63,643,3197,2,3,241
27420,-13,446,4044,-27,-11,612,3206,2,2,241
27440,29,416,4100,6,51,656,3214,2,2,240
27460,175,313,4032,63,64,652,3223,2,3,240
27480,116,322,4100,20,40,562,3232,2,3,240
27500,57,422,4064,46,36,529,3239,2,3,241
27520,-49,413,4097,-2,21,546,3247,1,3,241
27540,-156,130,4228,-9,-14,699,3256,1,3,241
27560,117,267,4030,5,137,676,3266,2,4,240
27580,41,169,3957,8,7,694,3276,1,4,240
27600,47,183,4187,40,89,655,3285,1,4,240
27620,9,218,4170,-11,22,705,3295,1,3,240
27640,-74,398,4087,12,48,635,3304,1,3,241
27660,59,493,4077,17,71,673,3313,1,3,241
27680,-45,167,4190,51,40,834,3324,1,3,240
27700,92,-94,4090,62,88,803,3336,1,3,240
27720,132,387,4119,17,73,710,3346,1,3,241
27740,-53,401,4084,-43,-42,729,3356,0,3,240
27760,-105,550,3990,-123,-137,766,3366,0,2,240
27780,-56,505,4315,-127,-71,586,3374,0,2,240
27800,149,370,3895,-10,65,676,3383,0,3,240
27820,-29,236,4313,92,54,640,3393,0,3,240
27840,-33,61,4076,-22,15,689,3402,0,3,241
27860,-156,88,4112,3,46,920,3414,0,2,240
27880,202,359,4100,124,119,641,3425,0,3,240
27900,313,375,4147,44,49,437,3432,0,3,241
27920,8,589,4082,42,71,662,3440,0,4,240
27940,-20,23,4215,-16,18,848,3451,0,4,240
27960,151,214,4018,38,84,682,3462,0,4,240
27980,88,117,4127,21,41,529,3471,0,3,241
28000,212,422,3943,-21,-21,347,3477,0,3,240
28020,117,518,4078,0,-13,326,3480,0,4,240
28040,216,-60,4109,18,44,366,3486,-1,3,240
28060,85,314,4070,-1,-6,57,3488,-1,3,240
28080,62,293,4100,-79,-77,9,3488,-1,2,240
28100,120,214,4120,0,-5,2,3488,-2,2,240
28120,59,285,4104,-5,-9,1,3488,-2,2,240
28140,66,293,4100,-1,-8,1,3488,-2,2,241
28160,67,289,4098,-2,-8,2,3488,-2,2,241
28180,65,288,4098,-2,-8,3,3488,-2,2,240
28200,69,284,4103,-1,-6,2,3488,-2,2,241
28220,183,165,4181,151,123,-10,3488,-1,3,241
28240,175,132,4189,41,46,-32,3488,-1,3,241
28260,-109,225,4036,-3,1,156,3489,-1,3,240
28280,-197,203,3714,-70,-22,92,3491,0,2,240
28300,11,713,3900,52,70,101,3493,0,3,240
28320,55,249,4106,10,19,167,3495,0,3,241
28340,-68,115,4115,22,49,206,3498,0,3,240
28360,69,833,4063,42,81,417,3502,0,4,241
28380,-135,374,4164,21,36,565,3508,0,4,241
28400,21,273,4253,-16,-16,785,3519,0,4,240
28420,138,246,4094,42,59,583,3528,0,4,240
28440,126,559,3837,-74,13,679,3537,0,4,241
28460,43,317,3975,34,46,411,3545,0,4,240
28480,24,406,4261,-38,-11,598,3552,0,4,240
28500,360,402,4078,-4,30,554,3560,-1,4,241
28520,-174,218,4093,-114,-19,720,3569,-2,3,240
28540,207,145,4241,63,100,647,3579,-2,3,240
28560,-316,369,3921,-29,-24,685,3588,-1,4,240
28580,-81,212,4543,-45,-24,761,3598,-1,4,241
28600,-30,230,3985,-40,-18,519,3606,-1,3,240
28620,375,201,4140,40,56,386,3612,-1,3,241
28640,317,-33,4173,38,46,204,3617,-2,3,240
28660,135,232,4147,27,33,141,3619,-2,3,240
28680,24,364,4028,-77,-73,-42,3620,-2,3,240
28700,507,28,4300,77,34,-331,3617,-3,1,240
28720,191,558,4096,33,-11,-535,3610,-3,1,240
28740,-82,280,4069,-8,-42,-485,3603,-3,1,240
28760,111,127,4090,2,-13,-154,3599,-3,1,240
28780,96,164,4098,-6,-12,-211,3597,-3,1,240
28800,-48,611,4017,-6,-20,-113,3594,-3,1,241
28820,173,266,4082,-4,-2,-73,3593,-3,1,240
28840,-179,303,4139,-7,-13,-25,3592,-3,1,240
28860,46,299,4104,2,-5,0,3592,-3,1,240
28880,60,284,4104,1,-8,7,3592,-3,1,240
28900,45,258,4113,12,10,74,3593,-2,1,241
28920,-15,246,4108,26,36,279,3595,-2,1,240
28940,-718,336,4187,-15,7,687,3603,-2,1,240
28960,-852,-338,4034,27,5,806,3615,-3,1,240
28980,775,493,4236,47,87,215,3621,-2,1,240
29000,545,764,4145,19,28,418,3625,-3,1,240
29020,-25,295,4127,5,25,741,3634,-2,2,241
29040,190,240,4256,60,97,1075,3647,-2,2,240
29060,117,-117,4405,66,104,1229,3664,-3,2,241
29080,-360,353,3719,-104,-12,1054,3679,-3,2,240
29100,418,290,4371,190,222,802,3692,-3,2,240
29120,553,255,4212,-2,-13,691,3703,-4,2,240
29140,368,319,4182,205,219,321,3710,-4,2,240
29160,-192,128,4219,47,51,666,3718,-5,1,241
29180,160,329,4059,7,44,763,3728,-5,0,240
29200,178,315,4158,23,36,879,3740,-5,1,240
29220,-70,182,4037,62,59,682,3750,-5,1,240
29240,224,120,4182,88,105,417,3758,-5,1,240
29260,-37,124,4201,-7,21,365,3763,-4,1,241
29280,-270,384,4028,-16,12,451,3769,-3,2,240
29300,-35,170,4164,34,46,438,3775,-3,2,240
29320,30,270,4126,25,49,537,3782,-3,2,241
29340,-143,328,4160,41,76,867,3793,-2,3,241
29360,37,517,4109,2,70,869,3805,-2,3,240
29380,384,286,4020,-29,2,727,3816,-2,3,240
29400,-277,-4,3939,-20,9,774,3826,-2,2,240
29420,437,-6,4242,81,78,464,3834,-3,2,240
29440,156,197,4149,57,71,415,3840,-3,2,240
29460,-248,446,3969,-46,2,718,3848,-3,2,240
29480,-139,535,3950,9,24,1019,3861,-4,2,241
29500,60,508,3972,-32,62,870,3875,-3,2,240
29520,221,270,4134,-7,47,759,3886,-4,1,240
29540,105,127,4145,-10,28,563,3895,-4,1,240
29560,189,268,4089,14,65,480,3902,-4,1,240
29580,67,346,4092,-4,5,327,3908,-4,1,240
29600,79,321,4098,-1,17,363,3912,-4,1,240
29620,-47,389,4120,30,49,427,3918,-4,1,240
29640,36,476,4024,12,30,361,3924,-4,2,240
29660,264,59,4136,12,9,53,3926,-4,2,240
29680,28,345,4108,7,1,52,3926,-4,2,240
29700,55,295,4100,3,-1,58,3927,-4,2,240
29720,-528,512,4089,36,46,335,3929,-3,2,241
29740,-558,364,4042,-90,42,617,3937,-2,2,241
29760,351,302,4292,183,167,524,3945,-2,2,241
29780,454,48,4008,-34,-22,342,3951,-3,2,240
29800,378,339,4118,3,1,145,3954,-3,1,240
29820,112,285,4102,1,0,107,3955,-4,1,241
29840,28,313,4084,-4,6,157,3957,-4,1,240
29860,151,339,4104,12,19,131,3959,-4,1,240
29880,124,311,4116,3,4,64,3961,-4,1,240
29900,46,316,4100,-4,-4,45,3961,-4,1,240
29920,-10,298,4098,-5,0,115,3963,-4,1,240
29940,64,348,4114,9,6,173,3965,-3,1,240
29960,-32,458,4088,15,33,242,3968,-3,2,240
29980,-17,370,4065,9,13,203,3971,-3,2,240
30000,146,291,4092,38,38,269,3975,-3,2,240
30020,94,257,4090,4,11,237,3978,-3,2,240
30040,-9,311,4054,6,21,321,3982,-3,2,240
30060,18,360,4073,-10,12,282,3986,-3,2,240
30080,218,178,4414,3,27,417,3991,-3,1,240
30100,168,254,4122,11,25,395,3996,-3,1,240
30120,73,272,4170,27,40,498,4003,-3,1,241
30140,56,337,4119,28,25,556,4010,-3,2,240
30160,224,321,4205,26,74,500,4018,-3,2,240
30180,-81,355,4102,1,22,562,4025,-3,2,240
30200,-99,334,3963,21,20,629,4034,-3,2,240
30220,120,279,4162,-12,16,607,4042,-3,2,240
30240,56,305,4060,27,31,585,4051,-3,2,241
30260,40,380,4192,-17,38,609,4059,-3,2,240
30280,-37,269,4086,-91,-29,590,4067,-3,2,241
30300,282,170,4235,22,29,529,4075,-3,3,241
30320,-64,334,4204,69,90,583,4083,-2,3,240
30340,-209,475,3919,-11,9,591,4091,-2,3,240
30360,-28,424,4146,55,84,684,4100,-2,3,240
30380,-16,258,4027,-10,34,713,4110,-2,3,241
30400,267,135,4180,62,75,623,4119,-1,3,241
30420,55,304,3961,-28,24,624,4128,-2,3,240
30440,-134,297,3958,10,40,668,4138,-2,2,241
30460,121,303,4070,-29,22,694,4147,-2,2,241
30480,213,277,4145,-1,39,718,4157,-2,2,240
30500,383,482,3953,50,-7,851,4168,-3,2,241
30520,64,226,4217,56,94,871,4179,-3,2,240
30540,2,338,4048,44,53,962,4193,-3,2,240
30560,65,338,4125,35,50,891,4206,-3,3,241
30580,85,529,4192,9,71,899,4218,-3,3,240
30600,218,363,4238,-22,106,967,4232,-3,3,240
30620,-208,381,3590,-196,-67,861,4244,-3,2,241
30640,94,487,3826,63,96,802,4256,-3,3,241
30660,-59,462,3983,80,105,701,4266,-4,2,241
30680,171,159,4188,74,84,671,4276,-3,2,240
30700,142,259,4194,21,47,728,4286,-4,2,241
30720,148,449,3867,27,-14,675,4296,-4,2,240
30740,24,347,4136,-47,18,706,4305,-4,2,240
30760,68,267,4138,22,55,771,4315,-4,2,240
30780,226,487,4138,26,123,979,4328,-4,1,241
30800,50,287,4130,5,84,958,4342,-4,1,241
30820,-45,521,3923,-127,-34,843,4354,-4,1,241
30840,212,211,4146,-33,-9,646,4363,-4,1,240
30860,61,490,4021,13,73,518,4371,-4,1,241
30880,-179,490,3969,-24,-26,420,4377,-4,1,241
30900,-49,466,3992,-16,-5,296,4382,-4,1,240
30920,127,286,4126,40,41,211,4385,-4,1,241
30940,-116,466,4053,3,9,264,4388,-4,1,241
30960,-12,363,4104,23,32,436,4394,-4,1,240
30980,303,191,4112,-9,9,360,4399,-4,1,241
31000,163,361,4171,10,11,154,4402,-4,1,240
31020,-43,291,4086,-5,2,279,4406,-4,2,240
31040,320,384,4162,41,62,250,4410,-4,2,240
31060,170,323,4114,5,13,296,4414,-4,2,240
31080,9,351,4146,41,74,333,4418,-4,2,240
31100,-50,297,4144,41,69,459,4423,-4,2,240
31120,-15,415,3945,-51,66,482,4430,-3,1,240
31140,107,256,4334,88,127,614,4438,-4,1,240
31160,255,474,4273,65,106,661,4447,-4,1,240
31180,309,124,4295,15,70,846,4459,-4,1,240
31200,414,-6,4326,34,93,884,4472,-4,1,240
31220,456,93,4232,19,34,702,4484,-4,1,241
31240,-23,320,4334,6,-127,746,4494,-4,1,241
31260,-116,315,3992,53,61,582,4502,-4,2,240
31280,-430,563,3984,-22,55,757,4512,-3,2,240
31300,-244,480,3972,-85,-87,823,4523,-2,2,240
31320,25,375,3939,-5,49,841,4534,-3,2,240
31340,145,187,4178,24,37,916,4547,-3,2,240
31360,173,197,4057,-5,5,821,4559,-3,2,241
31380,292,537,4004,-4,44,614,4568,-4,2,240
31400,1,429,4109,3,59,842,4578,-4,2,240
31420,57,129,4582,113,158,1315,4594,-4,1,241
31440,-236,393,3336,-162,7,1456,4614,-4,0,240
31460,-68,238,3243,10,1,1344,4634,-4,1,240
31480,384,-136,4334,26,121,1255,4652,-5,1,240
31500,626,112,4232,45,87,1116,4668,-6,0,240
31520,310,270,4127,34,90,964,4682,-6,0,240
31540,164,391,3811,119,-101,772,4694,-7,0,240
31560,89,450,4239,72,110,458,4702,-7,0,240
31580,3,269,4102,5,47,349,4708,-7,0,241
31600,7,221,4086,8,-11,526,4714,-7,0,240
31620,-173,311,4043,-29,32,713,4722,-7,0,241
31640,-20,236,4080,34,84,908,4734,-7,0,240
31660,231,384,3978,-9,44,840,4747,-7,-1,240
31680,233,361,4227,24,77,487,4756,-7,0,240
31700,74,405,4107,-12,-3,301,4761,-7,-1,240
31720,44,381,4124,11,42,338,4766,-7,0,240
31740,32,349,4063,-3,30,377,4770,-6,0,241
31760,23,223,4028,1,30,512,4777,-6,0,240
31780,49,231,4122,30,53,615,4785,-6,0,240
31800,225,366,4339,-43,-36,643,4794,-6,0,240
31820,67,515,3888,-30,40,605,4802,-6,0,240
31840,-3,265,4026,-11,5,396,4809,-6,0,240
31860,106,114,4178,12,22,473,4815,-6,0,240
31880,137,216,3998,9,-38,617,4823,-6,0,240
31900,44,433,4106,-1,19,288,4827,-6,0,241
31920,-158,245,4277,19,41,424,4832,-6,0,240
31940,-127,267,4274,19,81,715,4840,-5,0,240
31960,269,296,4117,10,22,591,4850,-5,0,240
31980,170,253,4134,16,17,579,4857,-5,0,240
32000,186,243,4049,-7,17,586,4865,-6,-1,240
32020,121,327,4134,8,16,469,4872,-6,-1,240
32040,7,409,4038,-11,20,512,4879,-6,-1,240
32060,149,563,4261,145,162,686,4888,-5,0,240
32080,207,-8,4504,-3,-8,661,4898,-6,-1,240
32100,342,45,4396,-37,14,574,4906,-6,-1,240
32120,25,325,3916,-58,-4,620,4914,-6,-1,240
32140,-28,205,4110,76,94,737,4924,-6,-1,240
32160,31,334,4056,-19,55,854,4936,-5,-1,240
32180,139,292,4060,21,84,758,4947,-5,-1,240
32200,214,333,4100,25,66,489,4956,-5,-1,240
32220,133,173,4058,-64,-15,656,4964,-5,-2,240
32240,38,301,4134,85,116,516,4972,-4,-1,240
32260,225,206,4317,15,90,536,4979,-5,-1,240
32280,-81,214,4019,-12,-6,407,4985,-5,-2,240
32300,-167,266,4047,-34,-14,423,4990,-5,-2,241
32320,83,268,4171,27,38,633,4998,-5,-2,240
32340,93,375,3984,11,33,669,5008,-5,-2,240
32360,226,304,4100,26,63,590,5017,-5,-2,240
32380,160,141,4207,0,27,627,5025,-5,-2,240
32400,202,198,4142,30,63,665,5035,-5,-2,240
32420,320,313,4108,-64,23,648,5044,-6,-3,241
32440,337,447,4134,-32,36,532,5052,-5,-2,240
32460,133,224,4070,-66,-25,544,5059,-6,-3,241
32480,142,199,4082,-186,-109,470,5067,-7,-5,240
32500,88,484,4072,78,74,396,5074,-8,-5,240
32520,-80,225,4008,-126,-105,479,5080,-8,-6,240
32540,228,321,4120,33,69,320,5087,-8,-6,240
32560,93,25,4183,50,40,376,5092,-8,-7,240
32580,-4,299,4128,17,18,466,5098,-8,-7,240
32600,245,139,4246,31,43,540,5105,-8,-7,241
32620,92,355,4071,1,57,575,5113,-7,-7,240
32640,-53,356,3908,-18,-16,642,5121,-7,-6,240
32660,331,144,4367,89,57,635,5130,-7,-6,240
32680,-59,103,4095,156,28,633,5139,-7,-6,240
32700,-136,403,3920,-85,-50,556,5147,-7,-6,240
32720,232,583,4045,61,16,411,5154,-7,-5,240
32740,103,337,4151,-5,-17,358,5159,-8,-5,240
32760,60,208,4281,66,42,412,5165,-8,-5,240
32780,216,261,3987,-16,13,342,5170,-8,-5,240
32800,119,-21,4113,2,11,158,5173,-8,-5,240
32820,243,271,4088,-12,-8,66,5174,-8,-5,240
32840,68,305,4114,4,7,101,5175,-8,-5,241
32860,24,371,4087,-7,-6,195,5177,-8,-5,241
32880,157,304,4088,-9,-4,234,5181,-8,-6,240
32900,63,280,4058,10,15,222,5184,-8,-6,240
32920,-116,3,4114,28,19,218,5187,-7,-6,240
32940,115,786,3969,-37,23,341,5190,-7,-6,240
32960,176,243,4081,53,23,260,5195,-8,-5,240
32980,112,297,4032,26,41,380,5199,-7,-5,240
33000,176,265,4002,-31,-9,356,5204,-8,-5,240
33020,239,280,4086,10,50,559,5211,-8,-5,241
33040,-100,89,4173,-35,-36,588,5219,-8,-5,240
33060,295,619,3920,31,69,735,5228,-8,-5,241
33080,215,47,4213,49,75,579,5237,-8,-5,240
33100,-35,464,4142,279,269,505,5245,-5,-3,240
33120,125,422,4124,18,38,497,5252,-5,-3,240
33140,195,434,3989,-16,22,559,5259,-5,-2,240
33160,263,391,4225,-18,-16,551,5266,-6,-3,240
33180,71,161,4107,-55,-6,555,5274,-6,-3,240
33200,332,200,4436,102,111,641,5283,-6,-4,240
33220,99,283,4576,-8,-46,773,5293,-6,-3,240
33240,216,565,3676,-25,-22,716,5304,-6,-4,240
33260,-251,-55,4076,-62,60,776,5314,-7,-5,240
33280,147,4,4152,-17,59,993,5328,-6,-6,240
33300,234,461,3935,-36,-73,697,5339,-7,-6,240
33320,506,722,3775,-165,-29,959,5350,-7,-6,240
33340,233,646,3976,-120,91,998,5366,-7,-7,240
33360,-666,126,4193,7,-40,77,5371,-7,-6,240
33380,69,243,4086,3,7,149,5372,-6,-7,240
33400,112,236,4091,-14,-6,257,5375,-6,-7,240
33420,252,285,4139,0,-13,727,5382,-7,-7,240
33440,456,140,4235,202,141,782,5394,-7,-6,240
33460,-49,144,4134,-7,-17,60,5398,-7,-7,240
33480,-5,366,4033,-173,-149,16,5398,-8,-8,240
33500,217,93,4144,14,9,12,5398,-9,-9,240
33520,338,609,4030,2,4,173,5400,-9,-9,240
33540,127,326,4078,-12,11,178,5402,-9,-9,240
33560,-48,193,4066,-6,-11,-25,5403,-9,-9,240
33580,-46,203,4076,1,6,58,5403,-9,-9,240
33600,87,289,4098,-1,11,248,5405,-9,-9,240
33620,156,185,4110,23,19,354,5410,-9,-9,240
33640,84,258,4070,9,22,227,5414,-9,-9,240
33660,-111,1,4145,24,9,263,5417,-8,-9,240
33680,-175,397,4076,-51,-5,466,5423,-8,-9,240
33700,128,153,4031,28,111,570,5430,-8,-9,240
33720,88,291,3993,87,95,701,5440,-7,-9,240
33740,-13,181,4137,4,37,615,5449,-7,-9,240
33760,92,293,4120,8,-8,304,5454,-7,-9,240
33780,6,62,4077,53,31,379,5460,-7,-9,240
33800,-26,-148,4060,-26,51,844,5469,-7,-9,240
33820,227,357,4203,-69,-15,537,5479,-7,-9,240
33840,89,573,4076,-3,-6,81,5481,-7,-9,240
33860,49,371,4099,-3,4,180,5483,-7,-9,240
33880,47,309,4075,5,15,232,5486,-7,-9,240
33900,212,219,4120,15,13,240,5490,-7,-9,240
33920,44,347,4089,17,41,447,5495,-6,-9,241
33940,-20,380,4069,-1,16,488,5501,-6,-9,240
33960,159,104,4100,26,32,589,5509,-6,-9,240
33980,120,116,4113,-10,23,827,5520,-6,-9,240
34000,231,235,4110,62,111,876,5532,-6,-9,241
34020,98,224,4091,87,103,804,5544,-6,-9,240
34040,225,127,4166,-40,-2,778,5555,-6,-9,240
34060,131,246,4081,-67,-33,693,5565,-6,-9,240
34080,115,256,4093,4,89,649,5574,-5,-9,240
34100,215,226,4168,44,58,725,5584,-5,-9,240
34120,135,205,4103,149,131,784,5595,-4,-8,240
34140,41,241,4118,133,169,768,5606,-3,-7,240
34160,118,115,4216,41,121,833,5617,-2,-7,240
34180,161,176,4166,36,112,817,5629,-2,-7,240
34200,289,176,4138,91,125,814,5641,-2,-6,241
34220,-38,318,3917,13,32,709,5652,-2,-7,240
34240,100,197,4092,-18,25,714,5661,-2,-7,240
34260,34,247,4206,4,71,748,5672,-2,-7,240
34280,171,263,4173,91,135,800,5683,-1,-6,240
34300,214,290,4293,3,31,815,5694,-1,-6,240
34320,142,116,4174,-11,35,763,5705,-1,-6,240
34340,225,360,4173,-5,38,779,5716,-1,-6,240
34360,129,306,4070,-24,13,688,5726,-1,-6,240
34380,118,288,4082,-14,-6,659,5735,-1,-6,240
34400,350,138,4282,41,81,506,5743,-1,-6,240
34420,-46,333,4015,27,26,439,5749,-1,-6,240
34440,90,316,4066,10,30,318,5754,-1,-5,240
34460,49,315,4098,16,32,338,5759,-1,-5,240
34480,91,290,4132,16,37,338,5763,0,-5,240
34500,112,245,4102,-2,1,344,5768,0,-5,240
34520,202,237,4156,6,31,293,5772,0,-5,240
34540,-116,508,4012,-14,-25,352,5776,-1,-5,240
34560,-135,332,4102,32,37,445,5782,0,-5,240
34580,87,191,4028,-21,1,490,5789,0,-5,240
34600,-164,268,3953,-48,-38,528,5796,0,-5,240
34620,-148,248,4041,-79,-27,555,5804,0,-5,240
34640,146,109,4162,81,102,469,5811,0,-5,240
34660,49,356,4129,25,79,524,5818,0,-5,240
34680,-93,305,4026,38,61,462,5824,0,-5,240
34700,-34,373,4080,-3,14,465,5831,0,-5,240
34720,-150,456,4038,-67,-51,622,5838,0,-5,240
34740,28,204,4275,69,88,559,5846,0,-4,240
34760,96,339,4062,6,36,558,5854,0,-4,240
34780,288,97,4220,52,48,413,5860,0,-4,240
34800,-164,411,4124,13,40,366,5866,0,-4,240
34820,21,357,4252,8,20,488,5872,0,-4,240
34840,69,334,3663,-64,-7,494,5878,0,-4,240
34860,101,237,3990,-12,10,414,5884,0,-4,240
34880,-119,270,4205,39,61,484,5890,0,-4,240
34900,-58,312,4118,-15,16,525,5897,0,-4,240
34920,49,250,4087,63,95,544,5905,1,-4,240
34940,187,81,4195,77,104,568,5913,1,-3,241
34960,-31,211,3984,-16,16,602,5921,1,-3,240
34980,-229,202,4126,11,35,741,5931,1,-3,240
35000,-370,266,3956,115,154,838,5942,2,-3,240
35020,65,466,3986,-137,-4,991,5956,2,-4,240
35040,-98,413,3634,22,57,868,5968,3,-3,240
35060,313,243,4224,-49,52,829,5980,3,-3,240
35080,129,106,4159,14,47,832,5991,3,-3,240
35100,55,141,4290,36,63,803,6003,3,-3,240
35120,-115,386,4101,-31,-22,832,6014,2,-3,241
35140,-226,341,4194,28,52,875,6026,3,-2,240
35160,-140,295,4062,-26,45,998,6040,3,-3,240
35180,70,301,4097,-58,-21,978,6054,3,-2,240
35200,301,130,3821,-44,57,836,6066,2,-3,240
35220,436,-51,4179,58,92,545,6076,1,-4,240
35240,30,259,3935,28,72,428,6082,1,-3,240
35260,-64,312,4039,-96,-74,404,6087,0,-4,241
35280,-192,315,4059,-125,-78,611,6095,0,-6,240
35300,275,177,4008,26,26,352,6103,-1,-7,241
35320,37,414,4062,-12,-3,299,6108,-1,-6,240
35340,54,342,4028,-33,-21,250,6111,-1,-6,240
35360,81,239,4118,18,32,252,6115,-1,-6,240
35380,43,292,4079,-9,4,214,6118,-1,-6,240
35400,-105,334,4100,-6,7,344,6122,-1,-6,240
35420,-35,251,4032,28,43,562,6128,-1,-6,240
35440,98,170,4098,98,52,656,6137,-1,-6,240
35460,124,212,4033,32,42,547,6145,-1,-7,240
35480,130,104,4122,-23,1,485,6152,-1,-6,240
35500,-104,256,3977,-10,71,567,6159,-1,-6,240
35520,136,137,4060,16,32,423,6166,-1,-6,240
35540,405,-17,4212,-32,-32,215,6170,-1,-7,240
35560,100,282,4088,-5,3,153,6172,-1,-7,240
35580,199,121,4106,-10,8,383,6177,-1,-7,240
35600,151,283,4100,-42,-2,316,6182,-2,-7,241
35620,30,270,4108,-15,7,279,6186,-2,-8,240
35640,-120,334,4083,12,17,357,6190,-2,-7,240
35660,-174,397,4103,17,21,557,6196,-1,-7,240
35680,-68,325,4061,-54,16,696,6205,-1,-7,240
35700,52,550,3364,-60,97,715,6216,-1,-8,240
35720,-15,394,4042,-30,31,873,6228,0,-8,240
35740,218,538,3991,-87,-58,659,6239,0,-8,240
35760,318,176,4091,-71,-1,549,6247,-1,-8,240
35780,183,105,4082,5,20,472,6254,-1,-9,240
35800,337,134,4142,14,5,362,6260,-1,-9,240
35820,-3,119,4111,-3,19,384,6265,-1,-9,240
35840,11,324,4047,34,17,443,6271,-1,-9,240
35860,-32,252,4164,10,-3,369,6277,-1,-9,240
35880,35,316,4082,13,26,390,6282,-1,-8,240
35900,-104,380,3978,-13,20,523,6289,-1,-9,240
35920,4,319,4014,62,58,677,6297,-1,-8,240
35940,132,345,3957,-24,68,648,6307,-1,-8,240
35960,205,378,3981,-16,68,652,6316,-1,-8,241
35980,154,41,4130,21,23,480,6323,-1,-8,240
36000,173,209,4097,19,28,400,6329,-1,-7,240
36020,152,185,4104,1,10,339,6334,-1,-7,240
36040,51,303,4080,0,19,297,6339,-1,-7,240
36060,41,161,4142,36,20,414,6344,-1,-7,240
36080,178,213,4080,39,40,551,6351,-1,-7,240
36100,106,171,4101,15,13,353,6357,-1,-7,240
36120,-106,233,4036,-19,-19,348,6361,-1,-7,240
36140,91,328,4106,11,22,282,6366,-1,-6,240
36160,-92,277,4126,-2,21,507,6371,0,-6,240
36180,44,355,4145,-12,4,713,6381,0,-6,240
36200,120,331,3999,54,62,576,6389,0,-5,240
36220,121,173,4162,25,25,446,6396,0,-5,241
36240,-39,351,3999,6,61,484,6403,0,-5,240
36260,197,175,4090,-4,-3,178,6406,0,-5,240
36280,-23,311,4086,-2,7,348,6410,0,-5,240
36300,60,332,4104,54,30,472,6416,0,-5,240
36320,-35,301,4052,25,41,524,6424,0,-5,240
36340,446,19,4187,-27,-3,478,6431,0,-5,240
36360,170,208,4121,18,10,424,6437,0,-5,240
36380,38,577,4061,11,56,547,6444,0,-5,240
36400,-273,337,4179,25,83,803,6454,0,-5,240
36420,209,114,4069,-46,39,784,6466,0,-5,240
36440,283,130,4102,-37,25,622,6475,0,-6,240
36460,91,229,4057,5,22,573,6483,0,-6,240
36480,102,471,4010,-67,20,473,6491,0,-6,240
36500,43,254,4185,-69,17,742,6500,0,-6,240
36520,30,143,4133,-42,7,698,6511,0,-6,241
36540,-23,167,4146,-13,-3,607,6520,0,-6,240
36560,67,268,4088,39,29,523,6528,0,-6,240
36580,68,259,4110,12,30,461,6535,0,-6,240
36600,8,309,4085,18,42,551,6542,0,-6,240
36620,74,201,4104,-26,19,618,6550,0,-6,240
36640,191,-45,4333,118,67,627,6559,0,-6,240
36660,152,246,4112,21,38,561,6567,0,-6,240
36680,85,283,4135,32,26,508,6575,0,-6,240
36700,-138,247,4121,36,27,544,6582,0,-6,240
36720,41,181,4135,-21,13,428,6588,0,-6,240
36740,-66,399,4052,-39,17,454,6595,0,-6,240
36760,191,86,4155,-22,15,555,6602,0,-7,240
36780,-108,152,4126,63,43,743,6611,0,-7,240
36800,-2,49,4168,84,90,922,6624,0,-6,240
36820,159,376,4090,-58,-6,794,6636,0,-6,240
36840,-18,604,4060,-101,-2,568,6645,0,-6,240
36860,-122,497,4005,3,45,523,6652,0,-6,240
36880,124,307,4141,23,48,517,6660,0,-6,240
36900,212,66,4122,36,34,526,6667,0,-5,240
36920,212,140,4110,51,44,472,6674,0,-5,240
36940,107,269,4073,-2,17,425,6680,0,-6,240
36960,144,32,4117,-41,-11,440,6687,0,-6,241
36980,222,393,4108,-18,10,398,6692,0,-6,240
37000,150,-67,4356,18,9,456,6699,0,-5,240
37020,-1,232,4032,46,34,468,6705,0,-6,240
37040,-52,243,4137,-25,2,615,6713,0,-6,240
37060,137,201,4189,32,38,695,6723,0,-6,241
37080,311,105,4116,37,38,498,6731,0,-6,240
37100,65,12,4168,6,8,544,6737,0,-6,240
37120,-17,255,4143,23,61,657,6746,0,-6,240
37140,162,762,3821,-105,-9,592,6755,0,-6,240
37160,134,584,3957,-1,75,646,6765,0,-5,240
37180,69,241,4177,-7,13,650,6773,0,-5,240
37200,300,219,4216,64,90,537,6782,0,-4,240
37220,327,102,4121,21,35,481,6789,0,-4,240
37240,140,130,4131,0,1,327,6795,-1,-5,240
37260,130,403,4100,-1,12,312,6799,-1,-5,240
37280,-34,320,4141,53,33,327,6803,0,-4,240
37300,86,187,4111,17,12,419,6809,0,-4,240
37320,175,158,4088,-9,3,213,6813,0,-4,240
37340,258,312,4017,0,19,172,6815,-1,-4,240
37360,-283,265,4074,23,29,306,6818,0,-4,240
37380,-334,319,4100,50,68,576,6825,0,-4,240
37400,87,46,4105,-6,32,779,6836,0,-4,240
37420,385,245,4102,14,42,503,6844,0,-4,240
37440,184,279,4122,44,61,535,6851,0,-4,240
37460,83,285,4111,103,112,402,6857,0,-3,240
37480,-258,859,3573,8,77,478,6863,1,-2,240
37500,-154,-168,4154,33,52,413,6870,1,-2,240
37520,92,277,4113,12,27,429,6876,2,-2,240
37540,-45,283,4090,-16,-2,493,6882,2,-2,240
37560,197,247,4185,21,36,494,6889,2,-2,240
37580,118,227,4055,-1,21,309,6894,2,-2,240
37600,-141,399,4038,-7,11,391,6899,1,-2,240
37620,-126,441,3955,-83,-117,452,6905,1,-2,240
37640,111,290,4130,-25,-37,436,6910,1,-2,241
37660,136,131,4266,47,58,168,6914,1,-1,240
37680,-8,313,4081,18,31,286,6917,2,-1,240
37700,78,304,4112,20,40,269,6921,2,-1,240
37720,-32,298,4050,6,29,356,6926,2,0,240
37740,182,176,4236,41,45,292,6930,2,0,240
37760,-16,227,4025,-17,-33,348,6935,2,0,240
37780,143,502,4116,-9,19,265,6939,2,0,240
37800,22,359,4063,-1,3,195,6942,2,0,240
37820,55,339,4098,5,5,123,6944,2,0,240
37840,-42,264,4102,-9,2,228,6946,2,0,241
37860,-41,285,4083,-19,-11,447,6952,1,0,240
37880,174,240,4151,-16,-19,391,6957,2,0,240
37900,92,340,4158,-4,3,125,6959,1,0,240
37920,-78,344,4047,-46,-35,127,6961,1,-1,240
37940,49,410,4052,-30,-31,35,6962,1,-1,240
37960,75,323,4088,-2,-10,-38,6962,1,-1,240
37980,18,303,4100,7,-2,-1,6961,1,-1,240
38000,247,420,4094,-5,-18,-11,6961,1,0,240
38020,196,415,4069,43,20,29,6961,1,0,240
38040,-53,178,4222,-70,-71,78,6962,1,0,240
38060,-114,247,4124,-7,-6,201,6964,0,-1,240
38080,82,913,3787,-180,-104,427,6969,0,-2,241
38100,141,437,4185,62,51,413,6974,0,-2,240
38120,154,241,4249,-32,-7,357,6979,0,-1,240
38140,-29,180,4055,-18,4,365,6985,0,-2,240
38160,13,-23,4128,-2,3,255,6989,0,-2,240
38180,123,38,4100,9,7,126,6991,0,-3,240
38200,29,253,4104,-1,-3,63,6992,0,-3,240
38220,68,275,4100,1,0,118,6994,0,-3,240
38240,73,236,4102,8,7,206,6996,0,-3,240
38260,65,249,4106,11,5,170,6998,0,-3,240
38280,121,278,4102,1,1,117,7000,0,-3,240
38300,3,260,4100,3,2,134,7002,0,-3,240
38320,32,273,4101,3,-2,124,7003,0,-3,241
38340,51,226,4088,-1,6,154,7005,0,-3,240
38360,66,256,4113,15,6,150,7008,0,-3,240
38380,34,184,4107,10,10,119,7009,0,-3,240
38400,55,267,4098,-7,-4,136,7011,0,-3,240
38420,898,-77,4157,10,-21,-282,7011,0,-3,240
38440,-412,707,4116,12,-4,-113,7008,0,-2,240
38460,2,98,4117,-7,-8,55,7009,0,-2,240
38480,165,298,4106,1,1,77,7010,0,-2,240
38500,35,381,4077,-21,-2,97,7011,0,-2,240
38520,-118,249,4121,10,4,96,7012,0,-3,240
38540,-15,189,4108,3,-10,156,7015,0,-2,240
38560,-24,139,4126,59,10,161,7017,0,-2,240
38580,-84,128,4244,-13,-6,227,7019,0,-2,240
38600,-35,392,4117,-11,-1,97,7021,0,-2,240
38620,2,151,4105,53,17,202,7024,0,-2,240
38640,204,456,4083,-13,-3,107,7026,0,-2,240
38660,125,185,4138,34,13,117,7028,0,-2,240
38680,137,317,4102,6,-2,25,7029,0,-2,240
38700,47,47,4123,-12,11,200,7031,0,-2,240
38720,164,307,4104,61,41,163,7034,0,-2,240
38740,108,330,4102,6,-2,152,7036,0,-2,240
38760,71,270,4098,0,-5,123,7038,0,-2,240
38780,29,318,4095,-3,-3,85,7039,0,-2,240
38800,74,266,4099,4,-5,97,7041,0,-2,240
38820,151,190,4064,3,-7,85,7043,0,-2,240
38840,-50,417,4061,-19,-11,86,7044,0,-2,240
38860,279,181,4134,44,31,82,7045,0,-2,240
38880,55,258,4109,-11,-3,98,7046,0,-2,240
38900,80,292,4137,24,13,65,7047,0,-2,240
38920,5,423,4082,-6,-7,89,7048,0,-2,240
38940,61,427,4108,-8,-1,224,7050,0,-1,240
38960,65,303,4097,3,-5,153,7053,0,-1,240
38980,-81,342,4074,4,9,281,7056,0,-1,240
39000,-6,224,4108,13,15,284,7060,0,-1,240
39020,46,312,4089,0,15,234,7063,0,-1,240
39040,61,259,4116,17,1,335,7068,0,-1,241
39060,-317,291,4149,8,8,403,7072,0,-1,240
39080,56,367,4085,15,35,455,7079,0,-1,240
39100,194,107,4170,52,38,525,7085,0,-1,240
39120,302,103,4110,-15,18,289,7090,0,-1,241
39140,25,270,4115,20,27,286,7094,0,-2,240
39160,11,270,4142,-6,-3,303,7098,0,-1,240
39180,36,249,4146,33,29,321,7102,0,-1,240
39200,-4,364,4097,25,26,423,7108,0,-1,240
39220,128,379,4136,4,17,442,7114,0,-1,240
39240,97,273,4106,27,36,508,7121,0,0,240
39260,-16,382,4110,20,35,570,7129,0,0,240
39280,-47,311,4153,52,77,681,7138,0,0,240
39300,-69,317,4160,18,14,677,7147,0,0,241
39320,118,392,4011,0,49,613,7156,0,0,240
39340,-21,459,3967,-47,22,716,7165,0,0,240
39360,124,352,4001,119,96,763,7176,0,0,240
39380,1,460,4098,0,31,1033,7189,0,0,240
39400,249,315,4104,80,62,1252,7206,0,0,240
39420,251,246,4020,87,123,1240,7224,0,1,240
39440,12,53,4264,94,117,1130,7240,0,1,240
39460,144,-266,4163,-33,47,787,7254,0,0,240
39480,144,-56,4127,-50,21,529,7262,0,0,240
39500,355,229,4174,35,19,337,7268,0,0,240
39520,93,266,4110,-5,27,431,7273,0,0,240
39540,-64,307,4123,12,-5,486,7279,-1,0,240
39560,-156,419,4086,33,58,641,7287,0,0,240
39580,222,384,4062,-48,6,663,7297,-1,0,240
39600,265,143,4211,-2,32,603,7305,-1,0,240
39620,148,196,4113,69,82,557,7314,-1,0,240
39640,73,430,4079,29,51,586,7321,-1,0,240
39660,-279,453,3995,-97,-29,896,7332,-1,0,240
39680,68,223,3952,-8,54,765,7343,-1,0,240
39700,73,461,4032,-15,43,708,7353,-1,0,240
39720,-55,261,4153,49,45,631,7363,0,0,240
39740,354,198,4122,8,21,343,7369,0,0,240
39760,767,139,4084,111,100,-6,7372,0,1,240
39780,-116,396,3998,-105,-99,12,7372,0,1,240
39800,60,248,4180,41,39,155,7373,0,1,240
39820,104,239,4111,93,84,184,7375,0,2,240
39840,-14,379,4074,-14,-6,172,7378,0,2,240
39860,32,386,4073,-13,-8,189,7381,0,2,240
39880,-28,228,4073,-3,0,329,7384,0,2,240
39900,344,260,4127,7,20,355,7389,0,2,240
39920,-39,407,4100,8,29,397,7395,0,2,240
39940,117,201,4110,23,20,329,7400,0,2,240
39960,200,280,4060,-5,4,298,7404,0,2,240
39980,18,278,4093,-9,-5,206,7407,0,2,240
40000,194,303,4127,43,56,271,7411,0,2,240
40020,-27,293,4149,-29,-19,254,7414,0,2,240
40040,175,236,4118,31,39,361,7419,0,2,240
40060,-108,348,4095,9,38,457,7425,0,2,240
40080,59,203,4095,21,29,339,7430,0,2,240
40100,248,340,4245,41,49,312,7435,0,2,240
40120,95,264,4137,1,36,268,7439,0,2,240
40140,-124,194,4061,-3,20,369,7443,0,2,240
40160,139,393,4062,-24,1,299,7448,0,2,240
40180,377,377,4094,14,11,143,7451,0,2,240
40200,29,350,4092,-1,-6,76,7452,0,2,240
40220,-25,277,4115,3,-2,108,7454,0,2,240
40240,-504,221,4049,-2,22,361,7457,0,2,240
40260,235,357,4070,32,66,425,7463,0,3,240
40280,10,390,4111,25,43,454,7469,1,3,240
40300,336,257,4204,25,6,359,7475,0,3,240
40320,67,305,4182,9,25,367,7480,0,3,240
40340,-269,332,4037,-17,3,521,7486,1,3,240
40360,-538,497,4178,-3,22,836,7496,1,3,240
40380,21,29,4122,-167,-15,962,7509,1,3,240
40400,299,410,3026,-66,-50,676,7520,1,3,240
40420,598,149,4483,61,60,488,7528,0,3,240
40440,38,474,3952,8,36,362,7533,0,3,240
40460,71,350,4205,32,60,399,7538,0,4,240
40480,205,159,4240,33,40,395,7544,0,4,240
40500,81,178,4109,14,16,476,7550,0,4,240
40520,172,155,3978,-21,-8,435,7556,0,3,240
40540,102,210,4134,12,33,339,7562,0,3,240
40560,-20,377,4056,-9,12,436,7567,0,3,240
40580,-125,378,4103,14,11,576,7575,0,4,240
40600,19,281,4211,60,71,615,7583,0,4,240
40620,96,255,4200,42,73,643,7592,0,4,240
40640,79,296,4142,54,82,714,7602,0,5,240
40660,2,259,4196,32,55,690,7612,0,5,240
40680,35,280,4093,42,107,712,7622,1,5,240
40700,-15,189,4046,-33,-21,705,7632,1,5,240
40720,48,294,4214,7,45,740,7642,0,5,240
40740,71,340,4155,-13,20,775,7653,0,5,240
40760,231,262,4224,18,58,838,7664,0,5,240
40780,301,238,4148,23,46,715,7675,0,5,240
40800,15,357,4126,21,54,643,7684,0,5,240
40820,-167,469,4069,-32,25,661,7693,0,5,240
40840,-199,437,4114,-12,28,562,7701,0,5,240
40860,95,396,4676,-92,-74,547,7708,-1,4,240
40880,450,192,3885,-47,16,440,7715,-2,3,240
40900,168,226,4302,76,126,443,7721,-2,4,240
40920,43,399,4058,37,52,395,7726,-1,4,240
40940,505,268,4086,-7,-13,430,7733,-1,5,240
40960,-233,341,4007,-229,-186,665,7740,-3,2,240
40980,-153,320,4023,-13,76,966,7752,-4,2,240
41000,661,56,4207,53,76,876,7766,-4,1,240
41020,-54,434,4026,76,62,961,7779,-5,1,240
41040,51,293,4056,65,62,1114,7794,-5,1,240
41060,285,151,4096,-2,70,1063,7809,-5,1,240
41080,179,250,4167,29,41,1070,7824,-5,1,240
41100,-32,242,4244,-1,-10,1030,7839,-6,1,240
41120,-6,325,4018,73,110,877,7852,-5,1,240
41140,139,338,4027,-48,12,645,7862,-6,0,240
41160,190,229,4110,48,37,667,7871,-6,0,240
41180,178,214,4229,-39,-7,637,7880,-7,0,240
41200,73,165,4114,-30,23,639,7889,-7,0,240
41220,146,210,4106,23,35,547,7897,-7,-1,240
41240,68,449,4114,48,35,555,7905,-7,0,240
41260,262,280,4074,-19,23,628,7913,-7,0,240
41280,307,190,4087,22,28,503,7921,-7,0,240
41300,164,351,4059,33,51,616,7929,-7,0,240
41320,86,344,4126,67,57,598,7937,-7,0,240
41340,40,309,4070,-16,46,628,7946,-7,0,240
41360,110,237,4002,-3,53,825,7957,-6,0,240
41380,-162,364,4226,-4,61,927,7969,-6,0,240
41400,242,234,4162,-9,38,725,7980,-7,0,240
41420,-289,345,4089,-32,26,899,7991,-7,0,240
41440,249,128,4325,122,128,1037,8005,-6,0,240
41460,-330,136,3589,120,185,1287,8022,-5,0,240
41480,25,243,4137,132,95,1615,8043,-6,0,240
41500,520,-3,4357,-108,69,1580,8066,-6,-1,240
41520,504,33,4035,63,51,1194,8084,-7,-2,240
41540,439,222,4124,-83,19,991,8099,-8,-3,240
41560,286,402,4047,53,83,725,8110,-8,-3,240
41580,318,781,4050,-5,2,265,8116,-8,-3,240
41600,-29,238,4060,90,33,616,8123,-8,-2,240
41620,225,43,4106,3,11,623,8132,-8,-3,240
41640,161,337,4027,47,52,623,8141,-8,-2,240
41660,103,129,4107,36,27,443,8149,-7,-2,240
41680,117,235,4098,17,31,350,8154,-7,-2,240
41700,120,173,4193,30,23,490,8160,-7,-1,240
41720,-49,353,4098,0,52,671,8169,-7,-1,240
41740,55,272,4259,-160,-30,581,8177,-7,-2,240
41760,82,335,4150,0,22,506,8184,-7,-2,240
41780,8,299,4085,-5,26,505,8191,-7,-2,240
41800,-198,323,4010,55,42,656,8199,-7,-2,240
41820,-231,451,4031,-5,91,896,8211,-7,-2,240
41840,181,541,4087,-1,34,923,8224,-6,-2,240
41860,317,218,4218,9,17,815,8236,-7,-2,240
41880,231,238,3407,58,120,583,8245,-7,-1,240
41900,147,226,4066,30,129,514,8252,-7,-1,240
41920,-35,488,4449,4,26,492,8259,-7,0,240
41940,107,592,4361,-89,-67,736,8267,-7,0,240
41960,27,788,3927,-9,69,1068,8280,-7,0,240
41980,-60,127,3641,125,158,1083,8296,-6,0,240
42000,349,-128,4096,-56,39,904,8310,-6,-2,240
42020,120,-353,4246,72,37,936,8322,-6,-2,240
42040,95,-429,4459,163,-85,1012,8335,-6,-2,240
42060,331,181,4186,313,-68,960,8350,-7,-1,240
42080,397,436,3935,10,82,842,8362,-7,-1,240
42100,194,262,4114,60,39,581,8372,-7,0,240
42120,4,334,4156,-66,15,526,8379,-7,0,240
42140,-52,306,4153,12,59,991,8390,-7,0,240
42160,-90,98,3612,-111,39,1169,8406,-7,-1,240
42180,199,-579,4178,-68,72,920,8420,-7,-1,240
42200,91,-192,4167,40,101,823,8433,-8,-1,240
42220,115,306,4106,83,38,752,8444,-9,-1,240
42240,273,876,4030,14,-25,666,8453,-10,0,240
42260,164,355,4042,14,27,477,8461,-10,0,240
42280,78,285,4092,12,20,356,8466,-10,0,240
42300,444,296,4082,28,30,264,8471,-10,0,240
42320,12,329,4139,-15,-12,207,8474,-10,0,240
42340,-108,338,4077,-5,-6,161,8476,-10,0,240
42360,-9,305,4089,-9,6,196,8478,-10,0,240
42380,329,201,4095,23,16,159,8481,-10,0,240
42400,0,296,4064,-5,3,147,8483,-10,0,240
42420,55,306,4082,-37,0,193,8486,-10,-1,240
42440,91,374,4046,-11,18,187,8488,-10,-1,240
42460,-13,461,4110,23,4,317,8492,-9,-1,240
42480,-86,292,4331,31,13,476,8498,-9,0,240
42500,-208,363,4108,39,17,667,8506,-8,-1,240
42520,65,363,4190,-8,3,635,8515,-9,-1,240
42540,-509,490,4081,15,69,1005,8527,-8,0,240
42560,21,554,4381,22,28,1026,8542,-8,0,240
42580,265,100,4364,-29,84,973,8555,-8,0,240
42600,337,-227,4219,12,26,793,8568,-8,-1,240
42620,204,-270,4210,-9,62,652,8577,-9,-1,240
42640,529,-181,4300,17,-7,521,8585,-9,-2,240
42660,289,413,4025,10,28,295,8590,-9,-2,240
42680,15,288,4078,36,2,351,8594,-9,-2,240
42700,66,316,4093,-60,24,427,8600,-9,-2,240
42720,245,223,4087,-26,29,365,8606,-9,-3,240
42740,110,210,4124,-40,19,312,8610,-9,-4,240
42760,94,219,4106,-81,13,361,8615,-9,-5,240
42780,225,223,4105,-70,15,349,8620,-9,-6,240
42800,24,199,4084,-117,19,487,8626,-9,-7,240
42820,60,209,4096,-70,34,449,8632,-9,-9,240
42840,142,164,4102,-77,27,392,8637,-9,-10,239
42860,79,190,4076,-110,-12,389,8643,-9,-12,240
42880,-3,293,4053,-97,14,333,8648,-9,-13,240
42900,229,188,4108,-30,14,266,8652,-9,-14,240
42920,-170,90,4149,-70,-17,276,8655,-9,-14,240
42940,-43,233,4089,-84,19,291,8659,-9,-15,240
42960,-175,289,4098,-66,34,475,8664,-8,-16,240
42980,82,93,4249,-96,-15,524,8671,-8,-18,240
43000,265,124,4269,-28,4,565,8679,-8,-19,240
43020,179,135,4128,-29,21,481,8686,-8,-20,240
43040,-137,77,4135,-36,-10,516,8693,-8,-20,240
43060,126,379,4102,-44,17,630,8701,-8,-21,240
43080,196,313,4279,21,-2,528,8709,-8,-21,240
43100,153,80,4069,-79,35,628,8718,-8,-22,240
43120,112,23,4010,-35,12,553,8726,-8,-23,240
43140,312,-5,4121,20,-9,415,8732,-8,-23,240
43160,227,-73,4117,32,7,378,8738,-8,-23,240
43180,312,-24,4096,18,-6,59,8741,-9,-23,240
43200,103,135,4102,3,-6,3,8741,-9,-23,240
43220,37,145,4106,-10,-7,4,8741,-9,-23,240
43240,-3,195,4126,-28,-11,36,8741,-8,-23,240
43260,79,56,4115,-27,-4,2,8741,-8,-24,240
43280,74,84,4142,9,-16,-12,8741,-8,-24,240
43300,57,132,4104,-18,-5,11,8741,-8,-24,240
43320,182,72,4118,64,-5,104,8742,-8,-24,240
43340,198,47,4106,139,-4,70,8743,-9,-22,239
43360,101,134,4099,84,2,89,8744,-9,-21,240
43380,141,77,4122,83,-4,84,8746,-8,-20,240
43400,100,95,4120,140,-10,104,8747,-9,-18,240
43420,118,156,4116,10,3,214,8749,-8,-17,240
43440,153,159,4110,18,3,203,8752,-8,-17,240
43460,329,3,4149,18,34,-38,8753,-8,-17,240
43480,-58,276,4088,-51,-38,-66,8751,-8,-17,240
43500,38,275,4199,-21,5,30,8751,-9,-18,240
43520,67,183,4111,-41,-5,77,8751,-8,-18,240
43540,-140,213,4088,-85,-23,160,8753,-8,-19,240
43560,257,264,4112,18,24,236,8756,-8,-19,240
43580,262,13,4124,8,2,301,8762,-8,-19,240
43600,52,286,4089,4,6,262,8765,-8,-19,240
43620,179,319,4052,30,19,254,8769,-8,-19,239
43640,70,303,4025,3,26,394,8774,-8,-19,239
43660,48,137,4015,-89,-6,480,8780,-8,-19,240
43680,262,110,4136,67,20,484,8788,-8,-18,240
43700,142,296,4078,42,18,345,8794,-8,-19,240
43720,108,145,4083,-52,3,253,8798,-8,-18,240
43740,187,19,4111,-48,-2,515,8805,-8,-19,239
43760,108,-132,4144,19,20,489,8812,-8,-19,240
43780,56,287,4113,19,15,428,8819,-8,-19,240
43800,149,231,4050,-51,10,424,8824,-8,-19,240
43820,175,114,4117,-1,10,372,8830,-8,-19,240
43840,120,-26,4137,67,5,461,8836,-8,-19,240
43860,164,163,4105,250,-3,62,8840,-8,-17,240
43880,266,147,4107,-36,7,217,8843,-8,-17,239
43900,-6,190,4146,51,7,207,8845,-8,-17,240
43920,140,144,4102,-5,13,276,8848,-8,-17,240
43940,-56,132,4106,57,2,123,8851,-8,-16,240
43960,-41,175,4110,-37,3,129,8852,-7,-16,240
43980,138,-6,4097,-1,-7,-58,8853,-7,-17,240
44000,318,87,4119,13,1,50,8854,-7,-17,240
44020,110,261,4116,14,1,107,8855,-8,-17,240
44040,150,265,4138,70,7,147,8856,-8,-16,239
44060,134,228,4108,73,13,244,8859,-8,-15,240
44080,29,446,4094,139,-12,295,8863,-8,-14,240
44100,168,-271,4129,225,-43,287,8867,-8,-11,240
44120,242,377,3934,403,28,447,8873,-9,-6,240
44140,33,673,3842,86,115,425,8878,-8,-4,240
44160,19,314,4064,105,101,347,8883,-6,-3,240
44180,168,213,4018,-26,0,409,8889,-6,-2,240
44200,112,249,4122,-2,20,370,8894,-6,-3,240
44220,111,328,4093,-108,-59,435,8900,-7,-4,240
44240,155,131,4241,46,32,464,8906,-8,-5,240
44260,120,-4,4181,-14,18,365,8912,-8,-6,240
44280,62,205,4103,35,41,392,8917,-8,-6,240
44300,-7,244,4155,29,41,493,8924,-8,-6,240
44320,31,339,4093,13,20,486,8931,-8,-6,240
44340,148,219,4167,21,41,507,8938,-8,-5,239
44360,-1,293,4113,38,56,581,8945,-7,-5,239
44380,43,243,4104,70,99,720,8955,-6,-4,240
44400,37,273,4026,2,30,690,8965,-6,-4,240
44420,144,327,4073,-64,-25,641,8974,-6,-5,239
44440,164,327,4011,-32,-13,609,8982,-7,-6,240
44460,198,168,4069,34,48,532,8990,-7,-6,240
44480,115,152,4130,50,19,537,8997,-7,-6,240
44500,118,162,4141,-3,34,510,9005,-7,-6,240
44520,33,211,4100,24,17,382,9011,-7,-6,240
44540,36,357,4083,-4,-4,158,9014,-7,-6,240
44560,315,275,4090,-12,8,152,9016,-7,-6,240
44580,-328,287,4032,17,17,485,9020,-7,-6,240
44600,136,471,4010,-63,6,501,9027,-7,-6,240
44620,41,117,4073,29,54,579,9035,-7,-6,240
44640,204,87,4173,80,49,613,9044,-6,-6,240
44660,-158,201,4130,-7,41,768,9053,-6,-6,240
44680,138,178,4391,23,54,867,9065,-6,-6,239
44700,-48,994,4011,-56,9,651,9076,-6,-6,240
44720,101,334,4044,5,16,476,9085,-6,-6,239
44740,972,451,3973,9,56,362,9092,-6,-7,240
44760,-66,362,4161,6,24,718,9100,-6,-7,239
44780,337,-2,4071,-8,38,489,9109,-6,-7,240
44800,16,233,4216,-13,9,470,9116,-6,-7,240
44820,84,156,4084,12,9,382,9122,-6,-7,240
44840,168,325,4088,-3,-3,198,9125,-6,-7,240
44860,174,228,4064,22,24,419,9129,-6,-7,240
44880,278,199,4090,110,20,524,9136,-6,-7,240
44900,140,-98,3981,-29,97,882,9147,-6,-7,239
44920,-106,398,4025,-67,14,744,9158,-6,-8,240
44940,182,289,4130,-3,31,471,9166,-6,-8,240
44960,131,219,4108,5,16,510,9173,-5,-8,240
44980,-108,217,4086,0,36,799,9182,-5,-8,240
45000,82,165,4132,-68,66,787,9194,-5,-9,240
45020,-49,340,4018,-143,3,640,9204,-5,-11,240
45040,410,306,4217,-21,11,503,9211,-5,-12,240
45060,569,456,3774,209,39,334,9218,-5,-10,240
45080,18,-23,3929,117,17,732,9226,-5,-7,240
45100,599,181,4072,29,28,503,9236,-4,-7,240
45120,64,92,4169,22,72,862,9247,-3,-7,240
45140,97,157,4067,36,75,743,9257,-3,-7,240
45160,13,254,3999,28,48,677,9267,-3,-7,240
45180,26,435,4122,-77,11,597,9276,-3,-7,240
45200,-43,238,4084,-53,45,765,9285,-3,-6,240
45220,255,361,4044,8,81,665,9295,-3,-6,240
45240,75,207,4150,46,63,806,9306,-3,-6,239
45260,795,139,4285,54,28,643,9316,-3,-7,239
45280,-291,370,4098,-80,1,882,9326,-3,-7,240
45300,122,457,4060,24,75,963,9339,-3,-7,239
45320,347,187,4001,-5,95,852,9352,-3,-7,239
45340,81,232,4112,-45,16,650,9362,-3,-7,240
45360,-35,209,4051,29,66,722,9371,-3,-8,240
45380,-66,206,4104,-83,22,916,9383,-3,-8,240
45400,59,107,4164,57,123,908,9396,-3,-8,240
45420,142,248,4050,-37,28,879,9409,-3,-8,240
45440,378,137,4087,-6,36,703,9420,-3,-8,240
45460,120,226,4051,38,44,661,9429,-3,-8,240
45480,183,377,4069,23,52,577,9438,-3,-8,240
45500,127,52,4074,92,33,534,9445,-3,-8,240
45520,-36,296,4064,-42,-2,537,9453,-3,-8,239
45540,4,343,4168,-11,76,630,9461,-3,-8,240
45560,-35,304,4117,-51,36,604,9469,-3,-8,240
45580,103,183,4107,-9,3,490,9476,-3,-8,239
45600,89,303,4094,-33,15,483,9483,-3,-8,240
45620,146,164,4108,12,15,298,9488,-3,-8,239
45640,-31,308,4074,-61,7,398,9493,-3,-8,240
45660,-2,246,4078,-7,5,401,9498,-3,-8,240
45680,214,199,4120,12,5,261,9503,-3,-8,240
45700,444,366,4053,-31,-2,142,9506,-3,-8,240
45720,53,308,4091,-26,20,295,9509,-3,-8,240
45740,45,267,4113,-16,19,384,9514,-3,-8,239
45760,37,315,4096,-12,20,378,9519,-3,-8,240
45780,-225,310,4057,-47,2,454,9525,-3,-8,240
45800,19,252,4128,6,41,507,9532,-3,-8,240
45820,112,299,4106,-72,-6,484,9539,-3,-8,240
45840,87,266,4121,28,31,502,9547,-3,-8,240
45860,237,293,4091,-20,22,472,9553,-2,-8,240
45880,221,192,4070,5,9,212,9557,-3,-8,240
45900,35,268,4088,-7,9,271,9561,-3,-8,240
45920,47,283,4041,14,31,313,9565,-3,-8,239
45940,-435,589,4023,-24,44,634,9572,-2,-8,240
45960,-2,159,3990,-53,37,517,9581,-1,-7,240
45980,89,88,4422,107,140,682,9590,-1,-7,240
46000,681,-121,4238,59,74,607,9599,-1,-7,240
46020,95,192,4072,-13,31,646,9608,-2,-8,240
46040,144,238,4113,53,39,444,9615,-2,-7,240
46060,117,195,4035,95,69,506,9622,-1,-6,240
46080,-105,468,4014,90,7,623,9630,-1,-6,240
46100,-187,288,4177,41,88,785,9640,-1,-6,240
46120,24,119,4146,34,57,983,9653,-1,-6,240
46140,281,161,4072,-13,43,981,9667,-1,-6,240
46160,67,245,3978,-15,88,694,9677,-1,-6,240
46180,101,298,4159,19,37,760,9687,-1,-7,239
46200,31,142,4119,27,51,786,9699,0,-6,240
46220,-341,294,4583,32,29,799,9709,0,-6,240
46240,-43,631,4187,19,6,1031,9723,0,-5,240
46260,34,454,4248,-58,-43,1075,9737,0,-5,240
46280,344,188,3963,-9,85,1021,9753,0,-6,240
46300,602,-96,4170,-47,53,580,9763,-1,-7,240
46320,435,-141,4119,-96,25,227,9768,-1,-9,240
46340,107,193,4098,-96,9,84,9769,-1,-10,240
46360,-44,256,4087,-139,22,298,9772,-1,-12,240
46380,-225,443,4112,-149,29,606,9779,0,-14,240
46400,265,108,4110,32,18,507,9787,0,-15,240
46420,301,-188,4116,29,-3,115,9791,-1,-15,240
46440,73,185,4100,-25,-7,6,9791,-1,-15,240
46460,-237,261,4114,-8,13,149,9792,0,-15,240
46480,-610,731,4056,-41,31,909,9800,0,-16,240
46500,276,-6,4124,44,78,1269,9817,0,-16,239
46520,585,-28,4163,129,35,941,9832,0,-14,239
46540,53,-125,4140,61,44,704,9843,0,-14,240
46560,21,133,4121,64,26,659,9853,0,-13,240
46580,291,314,4045,118,17,663,9862,0,-12,240
46600,-88,438,4104,83,51,1079,9875,0,-10,240
46620,105,268,4025,22,83,1296,9892,0,-9,239
46640,249,-101,4177,-18,94,1121,9909,0,-10,240
46660,139,55,4146,-67,12,510,9919,0,-12,240
46680,147,190,4113,-14,8,229,9923,0,-12,240
46700,37,157,4110,28,15,319,9927,0,-12,240
46720,-402,623,4067,46,45,846,9936,0,-12,240
46740,161,-73,4342,-6,-35,867,9948,0,-11,240
46760,80,-194,4708,73,102,913,9961,0,-11,239
46780,-632,225,4600,29,-8,988,9974,0,-12,240
46800,24,395,4282,-19,2,986,9988,0,-13,240
46820,273,323,3969,73,64,1036,10002,0,-12,240
46840,342,73,4070,106,67,1024,10017,0,-11,240
46860,569,-269,4126,71,-52,607,10028,0,-9,240
46880,226,117,4134,106,7,313,10033,0,-9,240
46900,-114,317,4081,48,11,506,10039,0,-8,240
46920,-310,627,4008,78,74,949,10050,0,-7,240
46940,-33,-27,4212,-21,7,1245,10067,0,-6,239
46960,251,145,3944,22,98,1058,10083,0,-6,239
46980,218,313,4111,-56,97,776,10096,0,-7,239
47000,-173,624,4134,58,63,878,10107,1,-6,240
47020,-129,359,4127,111,44,1035,10121,1,-5,239
47040,481,-198,4187,239,19,333,10131,0,-4,240
47060,47,221,4200,35,-8,-31,10131,0,-4,240
47080,-58,310,4058,20,12,-84,10130,0,-4,239
47100,148,237,4103,-50,-25,8,10129,0,-4,240
47120,-118,409,4130,-15,1,407,10133,0,-5,240
47140,-426,493,4056,13,84,1114,10145,1,-4,240
47160,226,249,4100,174,50,1106,10161,0,-4,240
47180,368,124,4327,53,106,858,10174,0,-4,240
47200,88,279,4065,8,41,558,10183,0,-4,240
47220,368,41,4290,-5,-24,517,10190,0,-4,240
47240,-43,425,4127,-47,14,529,10197,0,-5,240
47260,15,150,4129,-1,23,603,10205,0,-4,240
47280,38,158,4110,-9,29,525,10213,0,-5,240
47300,298,182,4135,-8,3,365,10219,0,-5,240
47320,186,273,4090,-2,-2,82,10221,-1,-5,240
47340,-82,335,4097,6,4,132,10223,-1,-5,239
47360,-112,268,4088,-11,0,366,10227,0,-5,240
47380,34,234,4125,44,29,447,10232,0,-4,240
47400,204,284,4085,-65,-14,352,10238,0,-5,239
47420,-80,456,4043,-18,33,422,10243,0,-5,239
47440,-54,362,4058,34,63,532,10250,0,-4,240
47460,29,381,4050,0,52,572,10258,0,-4,240
47480,272,73,4136,14,1,434,10265,0,-4,240
47500,-13,518,4010,-38,13,370,10270,0,-4,240
47520,2,226,4065,15,25,476,10276,0,-4,240
47540,397,-62,4108,-22,2,368,10282,0,-4,240
47560,93,164,4124,31,25,319,10287,0,-4,240
47580,-15,274,4086,-9,2,275,10291,0,-4,240
47600,258,322,4105,16,8,183,10294,0,-4,239
47620,60,92,4135,-11,9,321,10297,0,-4,240
47640,-28,395,4034,1,9,387,10302,0,-4,240
47660,31,222,4116,26,-9,238,10306,0,-4,240
47680,-206,137,4116,55,-21,468,10312,0,-4,239
47700,354,147,4123,60,63,407,10317,0,-4,240
47720,174,205,4126,19,13,363,10323,0,-4,240
47740,38,398,4079,-28,13,375,10328,0,-4,240
47760,136,225,4119,16,6,165,10332,0,-4,240
47780,59,279,4098,10,0,107,10333,0,-4,240
47800,125,303,4097,2,-5,40,10335,-1,-4,240
47820,-64,248,4093,19,6,173,10336,0,-4,240
47840,97,301,4076,2,-3,243,10340,-1,-4,240
47860,106,420,4090,17,3,114,10341,-1,-4,240
47880,-96,211,4113,1,-1,144,10343,-1,-4,240
47900,30,374,4056,-18,-1,291,10347,-1,-4,239
47920,24,340,4086,1,4,176,10350,-1,-4,240
47940,64,171,4143,13,5,257,10353,-1,-3,240
47960,103,140,4115,18,8,198,10356,-1,-3,240
47980,-53,287,4074,-24,13,380,10360,-1,-3,240
48000,16,328,4062,-30,35,545,10367,-1,-4,240
48020,195,332,4109,10,21,381,10374,-1,-4,240
48040,73,186,4090,3,6,251,10378,-1,-4,239
48060,38,259,4084,5,4,240,10381,-1,-4,240
48080,127,295,4074,-9,49,345,10385,-1,-4,240
48100,58,304,4077,14,16,273,10390,-1,-3,240
48120,55,363,4016,11,18,327,10394,-1,-3,240
48140,18,271,4105,3,4,85,10396,-1,-3,240
48160,24,85,4166,50,1,199,10398,-1,-3,240
48180,82,253,4126,-20,9,175,10401,-1,-4,240
48200,315,298,4175,1,12,139,10403,-1,-4,240
48220,70,263,4103,-5,-7,4,10403,-1,-4,240
48240,62,265,4101,-1,-8,11,10403,-1,-4,240
48260,78,245,4109,8,-2,54,10404,-1,-4,240
48280,65,274,4102,-7,-9,1,10404,-1,-4,239
48300,67,270,4098,-1,-8,2,10404,-1,-4,239
48320,69,268,4101,-5,-8,3,10404,-1,-4,240
48340,62,275,4098,0,-9,2,10404,-1,-4,240
48360,72,250,4107,-13,-12,3,10404,-1,-4,240
48380,79,257,4100,1,-6,0,10404,-1,-4,240
48400,105,243,4101,-1,-10,-34,10404,-1,-4,240
48420,9,303,4105,-3,-9,-21,10403,-1,-4,240
48440,68,277,4102,-3,-13,-32,10403,-1,-4,240
48460,61,273,4103,-4,-9,-1,10403,-1,-4,239
48480,66,271,4097,-3,-5,2,10403,-1,-4,240
48500,66,270,4102,-2,-7,3,10403,-1,-4,240
48520,64,268,4102,-4,-8,2,10403,-1,-4,240
48540,64,269,4096,-3,-7,1,10403,-1,-4,240
48560,72,265,4105,-5,-9,-16,10402,-1,-4,240
48580,110,251,4095,-2,-11,-37,10402,-1,-4,240
48600,48,281,4103,-4,-11,-3,10402,-1,-4,240
48620,68,279,4103,-1,-10,-10,10402,-1,-4,240
48640,53,271,4106,0,-11,-27,10401,-1,-4,240
48660,67,260,4102,-2,-8,-6,10401,-1,-4,240
48680,54,275,4104,1,-9,-19,10401,-1,-4,239
48700,183,265,4109,5,-6,-26,10401,-1,-4,240
48720,29,333,4087,4,-9,-100,10400,-1,-4,240
48740,-157,240,4104,-3,-9,-20,10398,-1,-4,240
48760,88,267,4102,3,-8,-12,10398,-1,-4,240
48780,298,301,4098,0,-20,-95,10397,-1,-3,240
48800,30,274,4090,2,-12,-69,10396,-1,-3,240
48820,-80,272,4104,-2,-8,-9,10395,-1,-3,240
48840,85,265,4103,-5,-12,-32,10395,-1,-3,239
48860,145,193,4115,-4,-19,-74,10394,-1,-3,240
48880,116,241,4088,3,-15,-118,10393,-2,-3,240
48900,-92,327,4106,6,-13,-114,10391,-2,-3,240
48920,45,287,4102,-7,-12,-56,10390,-1,-3,240
48940,91,248,4097,-1,-10,-56,10389,-1,-3,240
48960,87,257,4096,-6,-14,-41,10388,-1,-3,239
48980,159,196,4099,-1,-16,-117,10387,-2,-4,240
49000,-45,368,4090,-3,-9,-52,10386,-2,-3,240
49020,-22,220,4121,9,-3,-66,10385,-1,-4,240
49040,61,290,4104,-9,-18,-83,10384,-1,-4,240
49060,114,387,4094,-1,-10,-95,10383,-2,-4,240
49080,24,251,4106,-1,-9,-45,10382,-1,-4,240
49100,117,91,4121,-1,-15,-89,10381,-1,-4,239
49120,-105,239,4122,-11,-11,-82,10380,-1,-4,240
49140,109,259,4110,2,-11,-33,10379,-1,-4,240
49160,-5,453,4086,0,-6,-6,10379,-1,-4,239
49180,67,274,4102,-2,-8,-1,10379,-1,-4,240
49200,73,264,4101,-2,-10,-8,10379,-1,-4,240
49220,74,266,4103,-2,-11,-9,10379,-1,-4,240
49240,48,281,4104,-1,-10,0,10378,-1,-4,239
49260,64,276,4098,-1,-8,5,10378,-1,-4,239
49280,65,273,4100,-4,-8,0,10378,-1,-4,240
49300,66,275,4103,0,-7,1,10378,-1,-4,240
49320,65,269,4100,1,-6,1,10378,-1,-4,239
49340,63,270,4101,0,-9,2,10378,-1,-4,240
49360,87,273,4104,-5,-7,-11,10378,-1,-4,239
49380,35,258,4103,0,-8,-10,10378,-1,-4,239
49400,65,271,4100,0,-5,1,10378,-1,-4,239
49420,65,271,4102,-3,-5,-1,10378,-1,-4,240
49440,65,272,4102,-2,-7,3,10378,-1,-4,240
49460,71,277,4102,-2,-8,-1,10378,-1,-4,240
49480,60,269,4102,-1,-12,-8,10378,-1,-4,240
49500,63,271,4104,1,-10,4,10378,-1,-4,239
49520,64,273,4099,0,-6,1,10378,-1,-4,240
49540,64,270,4097,1,-7,3,10378,-1,-4,240
49560,65,272,4101,-3,-9,4,10378,-2,-4,239
49580,65,272,4098,-4,-8,2,10378,-2,-4,239
49600,67,273,4100,0,-5,2,10378,-2,-4,240
49620,71,277,4099,-1,-6,4,10378,-2,-4,239
49640,60,270,4104,-1,-7,2,10378,-2,-4,239
49660,64,269,4099,-3,-8,1,10378,-2,-4,240
49680,63,271,4104,-2,-7,2,10378,-2,-4,240
49700,63,271,4107,-1,-8,2,10378,-2,-4,240
49720,62,271,4099,-2,-7,4,10378,-2,-4,240
49740,65,271,4098,-2,-8,4,10378,-2,-4,239
49760,93,329,4098,-2,-10,-5,10378,-2,-4,239
49780,43,391,4082,13,-6,1,10378,-2,-3,240
49800,56,178,4102,0,-8,4,10378,-2,-4,239
49820,66,270,4101,-1,-6,5,10378,-2,-4,240
49840,61,272,4106,-2,-7,1,10378,-2,-4,239
49860,68,271,4102,-3,-9,4,10378,-2,-4,239
49880,63,274,4102,-3,-6,0,10378,-2,-4,239
49900,64,265,4103,-2,-8,-1,10378,-2,-4,240
49920,65,272,4101,-3,-7,3,10378,-2,-4,239
49940,61,272,4099,-1,-9,1,10378,-2,-4,239
49960,65,269,4100,-1,-6,5,10378,-2,-4,240
49980,66,268,4108,-6,-8,2,10378,-2,-4,239
50000,65,276,4100,0,-5,2,10378,-2,-4,239
50020,67,273,4100,-2,-6,3,10378,-2,-4,239
50040,62,272,4099,-3,-6,1,10378,-2,-4,239
50060,62,269,4101,-4,-7,3,10378,-2,-4,240
50080,63,273,4100,-1,-7,2,10378,-2,-4,239
50100,63,270,4100,-2,-6,1,10378,-2,-4,240
50120,69,272,4103,-4,-6,-1,10378,-2,-4,239
50140,65,273,4098,-3,-9,1,10378,-2,-4,239
50160,68,277,4103,-3,-10,1,10378,-2,-4,240
50180,63,272,4103,1,-10,-4,10378,-2,-4,240
50200,50,233,4104,1,-6,-3,10378,-2,-4,240
50220,64,271,4103,1,-8,-1,10377,-2,-4,240
50240,67,274,4097,0,-7,-3,10377,-2,-4,240
50260,66,270,4100,-1,-7,-2,10377,-2,-4,240
50280,60,271,4101,-1,-5,1,10377,-2,-4,239
50300,67,269,4100,-4,-6,-2,10377,-2,-4,239
50320,65,268,4103,-4,-6,-6,10377,-2,-4,239
50340,66,269,4103,-4,-7,2,10377,-2,-4,239
50360,67,273,4099,1,-6,1,10377,-2,-4,240
50380,63,271,4105,-5,-8,4,10377,-2,-4,239
50400,66,271,4097,-2,-7,2,10377,-2,-4,240
50420,67,274,4102,1,-7,1,10377,-2,-4,240
50440,65,267,4100,0,-8,2,10377,-2,-4,239
50460,69,273,4106,-3,-10,2,10377,-2,-4,240
50480,61,273,4101,0,-7,3,10377,-2,-4,239
50500,61,273,4100,0,-7,4,10377,-2,-4,240
50520,65,273,4103,-2,-11,0,10377,-2,-4,239
50540,63,272,4102,-1,-9,1,10377,-2,-4,240
50560,60,274,4094,-1,-8,1,10377,-2,-4,239
50580,65,270,4105,1,-10,1,10377,-2,-4,240
50600,70,274,4094,1,-9,2,10377,-2,-4,240
50620,62,270,4102,0,-9,1,10377,-2,-4,240
50640,66,272,4102,-4,-8,1,10377,-2,-4,239
50660,64,272,4097,-1,-7,3,10377,-2,-4,240
50680,69,271,4097,-1,-9,4,10377,-2,-4,239
50700,68,272,4100,-3,-10,1,10377,-2,-4,240
50720,66,272,4101,-4,-7,0,10377,-2,-4,240
50740,59,267,4099,-1,-9,2,10377,-2,-4,239
50760,67,271,4100,0,-7,1,10377,-2,-4,240
50780,67,273,4103,1,-7,1,10377,-2,-4,240
50800,64,276,4102,-1,-8,2,10377,-2,-4,240
50820,68,268,4099,-3,-4,0,10377,-2,-4,240
50840,62,276,4105,2,-7,3,10377,-2,-4,239
50860,61,268,4103,-3,-9,3,10377,-2,-4,239
50880,64,271,4099,-2,-10,1,10377,-2,-4,240
50900,65,272,4097,2,-7,3,10377,-2,-4,239
50920,64,270,4100,-2,-8,3,10377,-2,-4,239
50940,65,271,4102,-3,-8,3,10377,-2,-4,240
50960,61,272,4099,0,-8,3,10377,-2,-4,240
50980,64,274,4097,-2,-8,-1,10377,-2,-4,240
51000,68,269,4100,-2,-9,3,10377,-2,-4,239
51020,64,267,4097,0,-8,3,10377,-2,-4,239
51040,65,269,4106,-2,-6,3,10377,-2,-4,239
51060,63,273,4098,-2,-6,-1,10377,-2,-4,239
51080,65,273,4101,0,-6,1,10377,-2,-4,240
51100,61,272,4108,-2,-7,3,10377,-2,-4,240
51120,64,271,4097,-2,-5,2,10377,-2,-4,240
51140,64,274,4103,-1,-8,3,10377,-2,-4,240
51160,65,270,4098,0,-8,4,10377,-2,-4,239
51180,67,267,4090,-4,-6,2,10377,-2,-4,239
51200,65,271,4097,-2,-11,3,10377,-2,-4,240
51220,63,262,4098,2,-8,3,10377,-2,-4,240
51240,63,270,4100,-2,-8,17,10377,-2,-4,240
51260,66,273,4094,-4,-8,3,10377,-2,-4,240
51280,65,272,4110,0,-7,3,10377,-2,-4,240
51300,60,275,4105,2,-5,1,10377,-2,-4,240
51320,63,271,4102,-3,-9,4,10377,-2,-4,240
51340,65,261,4092,-4,-7,3,10377,-2,-4,239
51360,62,277,4112,-4,-7,4,10377,-2,-4,240
51380,61,265,4108,7,-5,9,10377,-2,-4,240
51400,67,270,4096,-4,-4,7,10377,-2,-4,239
51420,64,272,4102,-1,-7,2,10378,-2,-4,239
51440,62,273,4104,-2,-4,5,10378,-2,-4,240
51460,64,272,4096,0,-7,8,10378,-2,-4,240
51480,67,271,4104,-1,-7,3,10378,-2,-4,240
51500,63,268,4102,-4,-8,3,10378,-2,-4,239
51520,60,269,4102,1,-7,2,10378,-2,-4,240
51540,67,275,4094,-1,-6,7,10378,-2,-4,240
51560,62,274,4100,0,-7,6,10378,-2,-4,240
51580,64,270,4105,-4,-8,10,10378,-2,-4,240
51600,63,269,4101,-4,-7,13,10378,-2,-4,240
51620,53,263,4104,-5,-1,51,10378,-2,-4,239
51640,72,273,4104,0,-6,16,10379,-2,-4,239
51660,65,270,4101,-3,-7,4,10379,-2,-4,240
51680,63,273,4101,-5,-4,6,10379,-2,-4,240
51700,64,271,4098,-3,-6,8,10379,-2,-4,239
51720,67,268,4100,-4,-5,3,10379,-2,-4,240
51740,65,270,4101,-5,-7,3,10379,-2,-4,239
51760,65,270,4099,-3,-7,3,10379,-2,-4,240
51780,65,271,4101,-5,-6,4,10379,-2,-4,239
51800,65,269,4104,-3,-6,0,10379,-2,-4,240
51820,64,272,4100,-3,-6,5,10379,-2,-4,240
51840,65,272,4095,0,-9,5,10379,-2,-4,240
51860,65,267,4103,0,-3,2,10379,-2,-4,239
51880,61,269,4100,2,-7,5,10379,-2,-4,239
51900,64,269,4100,1,-4,5,10379,-2,-4,239
51920,59,272,4099,-1,-6,16,10379,-2,-4,239
51940,60,270,4104,2,-1,27,10380,-2,-4,239
51960,74,272,4098,-1,-7,16,10380,-2,-4,240
51980,66,271,4097,-2,-6,8,10380,-2,-4,240
52000,64,269,4101,-1,-7,1,10380,-2,-4,239
52020,63,271,4101,-1,-5,3,10380,-2,-4,240
52040,65,274,4105,-2,-8,2,10380,-2,-4,240
52060,67,273,4099,-3,-7,1,10380,-2,-4,239
52080,65,267,4106,-2,-9,1,10380,-2,-4,239
52100,66,271,4102,-1,-6,0,10380,-2,-4,239
52120,61,276,4098,-1,-5,1,10380,-2,-4,239
52140,64,271,4102,-1,-9,2,10380,-2,-4,240
52160,63,271,4102,-1,-6,1,10380,-2,-4,240
52180,58,271,4102,-2,-6,9,10380,-2,-4,240
52200,65,267,4099,2,-10,3,10380,-2,-4,239
52220,62,269,4102,-1,-6,3,10380,-2,-4,240
52240,64,273,4100,-5,-5,2,10380,-2,-4,240
52260,68,271,4100,-2,-7,1,10380,-2,-4,240
52280,63,272,4102,0,-6,5,10380,-2,-4,239
52300,63,274,4101,0,-7,9,10380,-2,-4,240
52320,63,271,4102,-7,-7,4,10380,-2,-4,239
52340,69,270,4103,-4,-8,4,10380,-2,-4,240
52360,65,272,4097,-1,-7,3,10380,-2,-4,240
52380,62,270,4098,-2,-7,4,10380,-2,-4,239
52400,64,268,4102,-1,-10,11,10380,-2,-4,240
52420,69,273,4101,-1,-3,3,10380,-2,-4,240
52440,61,273,4101,-2,-7,2,10380,-2,-4,239
52460,62,272,4098,-4,-9,3,10380,-2,-4,239
52480,67,271,4100,-1,-7,0,10380,-2,-4,240
52500,66,269,4097,-4,-7,2,10380,-2,-4,239
52520,60,272,4105,-1,-5,1,10380,-2,-4,240
52540,62,269,4101,2,-8,1,10380,-2,-4,240
52560,66,269,4100,-4,-6,1,10380,-2,-4,240
52580,61,273,4097,-1,-6,3,10380,-2,-4,239
52600,62,276,4098,-2,-10,3,10380,-2,-4,240
52620,64,270,4095,-1,-7,3,10380,-2,-4,239
52640,63,270,4100,-2,-10,2,10380,-2,-4,239
52660,64,270,4102,-1,-7,1,10380,-2,-4,240
52680,61,269,4098,-1,-8,3,10380,-2,-4,239
52700,61,270,4100,-3,-6,2,10380,-2,-4,239
52720,63,270,4100,-1,-9,6,10380,-2,-4,240
52740,64,270,4102,-2,-6,3,10380,-2,-4,239
52760,66,268,4102,-3,-7,2,10380,-2,-4,239
52780,59,267,4102,-4,-8,4,10380,-2,-4,239
52800,61,273,4100,-4,-6,3,10380,-2,-4,240
52820,65,270,4100,1,-7,2,10380,-2,-4,239
52840,63,271,4103,3,-5,3,10380,-2,-4,240
52860,75,346,4093,-2,-3,33,10381,-2,-4,240
52880,48,225,4106,-1,-8,6,10381,-2,-4,240
52900,62,267,4100,0,-5,2,10381,-2,-4,240
52920,63,273,4104,-2,-10,3,10381,-2,-4,240
52940,71,270,4104,1,-7,2,10381,-2,-4,239
52960,71,269,4100,0,-4,1,10381,-2,-4,239
52980,101,269,4102,-3,-7,-15,10381,-2,-4,239
53000,44,273,4099,0,-9,-4,10380,-2,-4,240
53020,70,271,4102,-1,-8,-7,10380,-2,-4,240
53040,87,287,4094,-5,-12,-54,10380,-2,-4,239
53060,98,291,4097,4,-19,-97,10379,-2,-4,239
53080,51,249,4096,-13,-14,-90,10377,-2,-4,239
53100,88,268,4100,-26,-15,-127,10376,-2,-4,239
53120,38,238,4119,8,-26,-157,10374,-2,-4,240
53140,-17,293,4072,-36,-4,-126,10371,-2,-4,240
53160,86,375,4090,-16,-42,-290,10368,-2,-4,239
53180,380,231,4144,-10,-59,-366,10364,-2,-4,239
53200,63,271,3999,23,-7,-300,10359,-2,-4,240
53220,232,284,4065,-40,-59,-275,10355,-2,-4,240
53240,-40,366,4064,5,-12,-205,10352,-2,-4,239
53260,111,85,4189,14,-36,-251,10349,-2,-4,240
53280,23,279,4103,-16,-36,-144,10346,-2,-4,240
53300,59,253,4110,-2,-16,-86,10345,-2,-4,240
53320,61,265,4104,-1,-12,-56,10344,-2,-4,240
53340,48,268,4103,-5,-11,-69,10343,-2,-4,239
53360,71,271,4089,1,-17,-93,10342,-2,-4,239
53380,2,323,4087,4,-10,-113,10340,-2,-4,239
53400,-41,224,4097,-13,-18,-172,10338,-2,-4,240
53420,237,260,4107,-4,-13,-192,10335,-2,-4,239
53440,34,274,4094,-13,-18,-153,10333,-2,-4,240
53460,50,199,4119,3,-15,-128,10331,-2,-4,240
53480,64,335,4098,-3,-15,-109,10329,-2,-4,240
53500,60,251,4106,-1,-11,-48,10328,-2,-4,240
53520,-379,1630,4229,467,429,869,10334,0,-1,239
53540,414,971,3570,-108,345,1500,10354,0,-2,240
53560,232,130,4156,-56,43,896,10370,0,0,240
53580,936,-881,4091,-141,-197,-331,10371,-1,-1,240
53600,514,131,2918,-229,-144,-1075,10360,0,-3,240
53620,-172,376,3953,-23,-159,-1577,10340,-1,-3,239
53640,-760,710,4088,2,-74,-1192,10320,0,-4,239
53660,-207,258,4056,-63,-67,-68,10314,0,-4,239
53680,301,-107,4430,-236,-182,-97,10314,-3,-7,239
53700,44,233,4050,-42,-70,-266,10310,-3,-7,240
53720,75,270,4089,-2,-7,-198,10307,-3,-7,240
53740,69,387,4071,-20,-28,-233,10304,-3,-7,240
53760,56,318,4084,-14,-23,-201,10301,-3,-7,240
53780,40,264,4094,-1,-8,-124,10299,-3,-7,240
53800,179,223,4110,7,-16,-144,10297,-3,-7,240
53820,124,210,4126,4,-17,-169,10295,-3,-7,239
53840,39,341,4085,-20,-32,-163,10292,-3,-7,239
53860,11,255,4099,-14,-18,-93,10290,-3,-7,240
53880,89,185,4104,-8,-12,-38,10290,-3,-7,240
53900,59,255,4104,-3,-8,-1,10289,-3,-7,240
53920,68,266,4103,-2,-8,-5,10289,-3,-7,240
53940,86,275,4100,-2,-10,-12,10289,-3,-7,240
53960,93,263,4106,4,-7,-3,10289,-3,-7,240
53980,66,353,4055,-3,-38,-426,10285,-3,-7,239
54000,109,94,4152,-3,-47,-614,10278,-3,-7,240
54020,21,-31,4170,-16,-43,-662,10268,-3,-7,240
54040,17,169,4173,20,-29,-527,10260,-3,-7,239
54060,221,75,4067,-7,-43,-457,10254,-3,-8,240
54080,81,231,4133,-6,-31,-483,10247,-4,-8,239
54100,-56,528,4058,-39,-44,-380,10241,-4,-8,240
54120,-31,496,4043,-77,-15,-318,10236,-3,-8,240
54140,0,411,4100,-59,-19,-315,10231,-3,-8,240
54160,94,295,4088,-137,-2,-174,10228,-3,-10,240
54180,260,-46,4154,-99,-11,-220,10225,-3,-11,240
54200,161,-72,4081,-68,-16,-255,10222,-3,-13,240
54220,368,54,4133,-141,-24,-477,10217,-3,-15,240
54240,-83,257,4304,-72,-35,-520,10209,-3,-16,239
54260,-227,436,4136,59,-21,-342,10203,-3,-16,239
54280,90,269,4091,48,-31,-336,10199,-3,-14,239
54300,124,165,4128,88,-35,-392,10194,-3,-14,240
54320,-8,319,4056,-97,-5,-255,10189,-3,-13,240
54340,191,111,4138,-72,-26,-258,10186,-3,-15,239
54360,237,228,4125,-36,-47,-290,10182,-3,-15,240
54380,-110,158,4116,-43,-13,-250,10178,-3,-16,240
54400,170,255,4066,99,-16,-301,10174,-3,-15,239
54420,-133,125,4081,10,-25,-238,10170,-3,-14,239
54440,191,200,4090,-41,-24,-166,10167,-3,-15,240
54460,22,199,4112,-45,-11,-205,10165,-3,-15,239
54480,105,72,4218,154,-13,-243,10161,-3,-14,240
54500,-229,583,3990,243,-16,-145,10158,-4,-11,239
54520,23,362,4079,119,-33,-217,10155,-4,-9,239
54540,150,230,4134,63,-77,-390,10150,-4,-8,240
54560,354,-61,4299,86,-45,-567,10143,-4,-8,239
54580,108,140,4060,-2,-58,-581,10136,-5,-8,239
54600,351,157,4113,17,-42,-798,10126,-5,-8,239
54620,138,222,4146,81,-7,-935,10114,-4,-6,239
54640,176,78,3784,-116,-135,-997,10100,-5,-7,239
54660,100,205,4106,-129,-179,-1023,10086,-6,-8,239
54680,128,227,3867,67,10,-938,10072,-5,-6,239
54700,-226,330,4246,114,13,-899,10059,-4,-5,240
54720,-32,305,4277,-28,-48,-764,10048,-2,-3,240
54740,-181,252,4106,-15,-32,-636,10038,-2,-3,239
54760,36,115,4160,-14,-60,-462,10031,-2,-3,240
54780,-43,213,4051,-53,-84,-465,10024,-2,-3,240
54800,-30,259,4280,48,7,-484,10017,-2,-3,239
54820,-251,503,4000,-140,-142,-470,10010,-2,-3,240
54840,93,343,4038,-219,-224,-493,10003,-4,-6,240
54860,-66,197,4343,68,-16,-605,9995,-5,-8,239
54880,114,299,4052,0,-39,-564,9987,-5,-7,240
54900,173,443,3985,16,-45,-746,9978,-5,-7,240
54920,369,-163,4082,-20,-46,-1055,9965,-5,-7,240
54940,87,210,4436,101,-5,-1101,9950,-5,-7,240
54960,-100,279,4044,61,-17,-820,9937,-5,-7,240
54980,37,590,4141,22,-15,-577,9929,-5,-7,240
55000,80,340,4095,-61,-26,-289,9923,-5,-7,240
55020,122,188,4093,-8,-37,-412,9918,-5,-6,240
55040,136,147,4185,0,-25,-500,9911,-5,-6,240
55060,30,263,4082,1,-28,-451,9905,-6,-7,239
55080,82,158,4127,24,-17,-286,9900,-5,-7,240
55100,156,147,4159,98,74,-110,9899,-5,-6,239
55120,90,225,4120,139,109,-75,9897,-3,-5,239
55140,-69,393,4070,5,-21,-157,9896,-2,-3,239
55160,287,110,4101,5,-47,-334,9892,-2,-3,240
55180,245,46,4128,-9,-43,-474,9886,-3,-3,240
55200,118,229,4006,-59,-65,-454,9879,-3,-4,240
55220,-370,357,4175,10,-67,-380,9873,-4,-4,240
55240,41,271,4222,-71,-118,-457,9867,-5,-5,240
55260,90,210,4081,-124,-146,-536,9860,-6,-7,240
55280,-5,371,4090,-89,-45,-650,9851,-6,-8,240
55300,19,329,4218,-71,-92,-868,9840,-6,-8,239
55320,75,121,4111,-51,-42,-817,9828,-6,-8,239
55340,83,188,4004,-10,-40,-599,9818,-6,-8,240
55360,152,78,4139,-101,-57,-487,9811,-6,-8,240
55380,-80,420,3847,-76,-160,-545,9803,-7,-9,240
55400,285,277,4022,-42,-27,-763,9793,-7,-9,240
55420,114,255,4070,-74,-73,-793,9783,-7,-9,240
55440,-62,315,4152,-57,-75,-868,9770,-7,-9,240
55460,35,458,4042,-189,-63,-892,9758,-7,-9,239
55480,-86,489,4097,19,-59,-914,9744,-7,-9,240
55500,36,44,4181,-16,-40,-677,9733,-6,-8,240
55520,232,140,4034,-115,-98,-655,9724,-7,-9,240
55540,93,123,4042,-20,-44,-728,9714,-7,-9,240
55560,99,271,4070,17,-46,-637,9704,-7,-9,240
55580,54,305,4062,-10,-55,-524,9697,-7,-9,240
55600,-220,460,4094,-14,-38,-568,9688,-7,-9,239
55620,-29,513,4090,-64,-78,-643,9679,-7,-9,240
55640,17,280,4060,-46,-50,-387,9673,-7,-8,240
55660,7,239,4112,0,-15,-229,9669,-7,-8,240
55680,329,259,4052,-16,-18,-275,9665,-7,-8,240
55700,73,277,4105,-14,-32,-277,9662,-7,-8,239
55720,50,287,4066,-11,-26,-208,9658,-7,-8,240
55740,47,206,4102,-3,-7,-28,9657,-6,-8,240
55760,217,307,4114,3,-14,-83,9656,-7,-8,239
55780,226,157,4074,-23,-35,-388,9652,-7,-8,239
55800,55,305,4136,-60,-60,-597,9645,-7,-8,239
55820,278,11,4128,-27,-45,-511,9637,-8,-9,240
55840,163,34,4080,-18,-27,-490,9630,-8,-9,240
55860,-1,321,4134,-38,-42,-473,9624,-8,-10,240
55880,-385,392,4106,21,-3,-206,9619,-7,-9,240
55900,104,278,4098,-12,-17,-177,9617,-7,-9,240
55920,88,211,4106,-4,-17,-134,9615,-7,-9,239
55940,316,151,4098,-10,-30,-159,9613,-8,-9,240
55960,266,107,4140,9,-20,-265,9609,-8,-9,239
55980,216,135,4086,-13,-14,-347,9605,-8,-9,239
56000,52,193,4104,-26,-32,-289,9600,-8,-9,240
56020,57,305,4062,-1,-13,-164,9597,-8,-9,240
56040,166,174,4085,-26,-31,-209,9595,-8,-9,240
56060,47,308,4090,-11,-20,-155,9592,-8,-9,240
56080,351,31,4060,-2,-10,-279,9589,-8,-9,240
56100,89,434,4086,2,-11,-237,9585,-8,-9,240
56120,-378,424,4015,11,-6,-178,9582,-7,-8,240
56140,122,121,4134,27,-27,-325,9577,-7,-8,239
56160,109,207,4120,-23,-21,-253,9573,-7,-9,240
56180,10,299,4069,3,-7,-234,9570,-7,-9,239
56200,89,241,4118,-27,-31,-252,9566,-7,-9,240
56220,110,263,4105,-13,-32,-315,9562,-7,-9,240
56240,152,117,4111,9,-33,-406,9557,-7,-9,240
56260,203,189,4125,-4,-54,-425,9552,-7,-9,240
56280,164,269,4131,5,-32,-455,9545,-8,-9,240
56300,670,110,3984,9,-35,-613,9538,-8,-9,240
56320,117,357,4044,-34,-64,-590,9529,-9,-9,240
56340,-72,224,4154,-14,-48,-581,9521,-9,-9,240
56360,-261,245,4183,-124,-124,-568,9512,-8,-9,239
56380,117,255,4040,-17,-22,-610,9503,-9,-9,240
56400,-150,141,4111,-32,-57,-568,9494,-8,-9,240
56420,113,251,4087,15,-48,-531,9487,-8,-9,240
56440,65,327,4104,-46,-46,-621,9479,-8,-9,239
56460,33,337,4141,-4,-61,-754,9469,-8,-9,240
56480,18,157,4088,-35,-70,-851,9457,-9,-9,240
56500,168,213,4093,-47,-87,-975,9444,-9,-9,240
56520,141,107,4146,29,-43,-1063,9430,-9,-8,240
56540,-164,-55,4144,-26,-95,-910,9416,-9,-9,239
56560,-52,326,4026,35,-5,-701,9405,-8,-8,240
56580,-55,317,4094,-21,-42,-401,9397,-8,-8,239
56600,33,350,4050,-37,-47,-377,9392,-8,-8,240
56620,23,180,4100,-13,-24,-210,9388,-8,-8,239
56640,212,339,4075,-17,-20,-208,9385,-8,-8,240
56660,-50,312,4132,24,-5,-270,9381,-8,-8,240
56680,263,37,4181,45,-2,-342,9377,-8,-8,240
56700,183,159,4087,2,-35,-396,9371,-8,-8,240
56720,-66,223,4070,-4,-28,-340,9365,-8,-7,240
56740,34,303,4135,-11,-33,-253,9361,-8,-7,240
56760,37,255,4074,9,-4,-242,9358,-7,-7,240
56780,104,328,4090,-8,-16,-264,9354,-7,-7,240
56800,173,215,4135,-1,-17,-375,9350,-7,-7,240
56820,125,142,4111,-28,-46,-416,9344,-7,-7,240
56840,94,369,4110,42,-3,-471,9338,-7,-7,240
56860,27,385,4140,56,-37,-756,9329,-7,-6,240
56880,402,127,4098,-13,-94,-1113,9315,-7,-6,240
56900,52,386,3889,-320,-333,-1378,9297,-9,-8,240
56920,124,178,4162,46,-230,-1038,9280,-10,-7,240
56940,5,-47,4175,-11,-48,-352,9272,-9,-7,239
56960,22,392,4103,5,-20,-133,9269,-9,-7,239
56980,84,289,4099,-4,-7,1,9269,-9,-7,240
57000,225,241,4099,-5,-20,-114,9268,-9,-7,240
57020,-7,214,4166,19,-14,-274,9264,-9,-7,239
57040,156,191,4122,-12,-22,-225,9261,-9,-7,239
57060,439,250,4053,-30,-49,-424,9257,-9,-7,240
57080,640,18,4024,59,-43,-760,9248,-10,-7,240
57100,229,128,4126,-78,-153,-1132,9234,-10,-7,240
57120,190,418,3959,-7,26,-1451,9215,-10,-7,240
57140,251,464,4097,-9,-4,-1558,9193,-11,-6,240
57160,49,425,3837,-107,-144,-1760,9169,-11,-7,240
57180,246,159,4282,37,-320,-1795,9144,-13,-6,239
57200,-101,170,4102,-156,-203,-1867,9118,-12,-6,240
57220,577,-16,4142,23,-67,-1852,9092,-12,-6,239
57240,238,-23,3873,-11,-129,-1468,9069,-12,-6,240
57260,143,208,3992,-118,-151,-1195,9051,-12,-6,240
57280,-154,221,4488,84,-16,-1161,9035,-12,-5,240
57300,-538,308,4256,49,-38,-1015,9019,-11,-5,240
57320,-195,412,3740,-44,-122,-503,9010,-11,-5,240
57340,-71,201,4108,40,18,-159,9006,-10,-5,240
57360,-10,293,4106,0,-21,-110,9004,-10,-5,240
57380,-74,317,4097,-9,-13,-72,9003,-10,-5,239
57400,66,269,4101,-3,-10,-56,9002,-9,-5,240
57420,129,253,4102,-7,-19,-113,9001,-10,-5,239
57440,139,308,4093,-46,-49,-162,8999,-10,-5,239
57460,108,209,4126,18,-6,-100,8997,-10,-5,240
57480,381,203,4098,4,-9,-110,8996,-10,-4,239
57500,209,164,4076,41,-1,-335,8991,-10,-4,239
57520,92,280,4124,-9,-31,-344,8987,-10,-4,240
57540,40,284,4079,-74,-52,-311,8982,-10,-4,239
57560,-109,307,4114,10,-20,-205,8979,-10,-5,240
57580,6,263,4110,5,-17,-105,8977,-10,-4,240
57600,57,279,4097,-5,-9,-1,8977,-9,-4,240
57620,124,276,4102,-2,-7,-24,8976,-9,-4,240
57640,223,288,4102,10,-13,-195,8975,-9,-4,240
57660,98,257,4091,-25,-19,-112,8973,-9,-5,240
57680,112,255,4099,-3,-9,-20,8972,-9,-5,239
57700,78,273,4100,0,-7,-18,8972,-9,-5,240
57720,182,271,4092,-10,-8,-50,8972,-9,-5,240
57740,249,303,4097,-7,-30,-337,8969,-9,-5,240
57760,547,259,4051,-71,-94,-773,8960,-10,-5,240
57780,518,-14,4218,110,59,-1025,8947,-9,-4,240
57800,-102,538,4011,-97,-46,-1025,8932,-8,-5,240
57820,120,180,4191,8,-44,-949,8919,-9,-5,240
57840,-20,122,4142,96,-3,-776,8907,-9,-5,240
57860,84,341,4254,99,-47,-458,8899,-9,-5,239
57880,-281,473,4088,-16,-17,-291,8894,-8,-5,240
57900,55,156,4102,-41,-45,-254,8890,-8,-5,239
57920,193,216,4108,-3,-28,-219,8887,-8,-5,240
57940,198,222,4110,20,-12,-190,8884,-8,-5,240
57960,-168,149,4128,5,-6,-80,8882,-8,-5,240
57980,301,203,4128,2,-17,-169,8881,-8,-5,239
58000,131,255,4003,21,1,-283,8877,-8,-4,240
58020,14,316,4062,-50,-50,-67,8876,-8,-5,240
58040,79,267,4116,7,-5,-52,8875,-8,-5,239
58060,141,270,4102,0,-9,-55,8874,-8,-5,240
58080,136,273,4103,-5,-15,-111,8873,-8,-5,239
58100,70,311,4083,-18,-23,-181,8871,-8,-5,239
58120,80,219,4111,-5,-16,-73,8869,-8,-5,239
58140,119,261,4098,-1,-6,-15,8869,-8,-5,239
58160,165,260,4102,-5,-13,-48,8868,-8,-5,240
58180,348,244,4088,19,-22,-149,8867,-8,-5,240
58200,-22,297,4099,-5,-13,-70,8865,-8,-5,240
58220,127,205,4101,-8,-22,-150,8863,-8,-5,239
58240,310,178,4135,-12,-23,-299,8860,-8,-5,240
58260,236,328,4111,-2,-39,-383,8855,-8,-5,240
58280,-142,300,4068,11,2,-336,8850,-8,-4,240
58300,243,317,4138,-11,-54,-487,8844,-8,-4,240
58320,138,281,4058,-3,-34,-441,8838,-8,-4,240
58340,199,151,4103,17,-33,-572,8830,-8,-4,240
58360,164,155,4089,-44,-62,-562,8822,-8,-4,240
58380,-50,237,4114,-21,-30,-465,8815,-8,-4,239
58400,-59,325,4093,-12,-31,-311,8810,-8,-4,239
58420,166,249,4073,0,-26,-289,8806,-8,-4,240
58440,204,224,4093,0,-24,-307,8801,-8,-4,240
58460,193,173,4130,-10,-39,-372,8796,-8,-4,240
58480,293,249,4048,-17,-39,-487,8790,-8,-4,240
58500,251,91,4145,-36,-38,-551,8783,-9,-4,240
58520,329,101,4170,18,-25,-620,8775,-8,-4,240
58540,47,397,4067,-15,-67,-634,8766,-9,-5,240
58560,4,425,4243,-49,-89,-636,8757,-9,-4,240
58580,152,208,4133,-10,-46,-715,8748,-9,-4,240
58600,324,213,4087,4,-58,-759,8738,-9,-4,240
58620,-61,393,4182,-53,-82,-809,8726,-9,-5,239
58640,110,290,4037,-84,-118,-720,8717,-9,-5,239
58660,163,-11,4203,-44,-63,-914,8705,-9,-5,240
58680,177,193,4060,30,-45,-904,8692,-9,-5,240
58700,-220,484,3927,-33,-55,-779,8680,-9,-5,240
58720,-52,799,4002,-19,-52,-654,8670,-9,-4,240
58740,22,45,4175,-13,-26,-368,8664,-8,-4,240
58760,123,195,4148,22,-40,-447,8658,-8,-3,239
58780,115,219,4074,-25,-7,-307,8653,-8,-3,240
58800,343,165,4124,-20,-46,-317,8649,-8,-4,239
58820,364,152,3975,1,-34,-550,8643,-9,-4,239
58840,-111,356,4157,17,-39,-531,8635,-8,-3,240
58860,-60,145,4196,63,18,-389,8628,-8,-3,240
58880,163,279,4062,-49,-34,-370,8623,-8,-3,240
58900,220,225,4098,-41,-46,-394,8618,-8,-3,240
58920,242,157,4069,9,-22,-428,8612,-8,-3,240
58940,127,281,4119,19,-28,-391,8607,-8,-3,240
58960,-21,415,4109,-55,-53,-381,8601,-8,-3,239
58980,116,253,4102,4,-11,-94,8599,-8,-3,240
59000,148,271,4087,-15,-37,-264,8596,-8,-3,240
59020,94,295,4054,7,-34,-295,8592,-8,-3,240
59040,98,292,4089,-9,-23,-200,8589,-8,-4,239
59060,110,189,4088,-5,-20,-244,8586,-8,-4,240
59080,157,186,4107,-52,-28,-256,8582,-8,-4,240
59100,190,367,4081,5,-23,-299,8578,-8,-4,240
59120,146,287,4129,-35,-32,-271,8574,-8,-4,239
59140,110,269,4094,79,-16,-344,8570,-8,-3,239
59160,809,-144,4167,-23,-56,-552,8564,-8,-4,239
59180,-118,264,4013,-100,-80,-808,8553,-9,-4,240
59200,44,229,4105,19,-35,-579,8544,-8,-4,239
59220,78,282,4049,5,-34,-535,8536,-8,-4,239
59240,-66,356,4120,17,-28,-522,8529,-8,-3,239
59260,-54,305,4079,19,-45,-468,8522,-8,-3,239
59280,445,105,4112,-30,-52,-599,8515,-8,-3,239
59300,147,214,4098,-45,-55,-715,8505,-8,-3,240
59320,-208,801,3992,-41,-55,-478,8496,-8,-3,239
59340,40,470,4036,29,-7,-572,8489,-8,-3,240
59360,90,185,4143,-15,-44,-528,8481,-8,-3,240
59380,210,329,4109,-70,-36,-365,8475,-7,-3,240
59400,29,205,4134,-51,8,-274,8469,-7,-3,240
59420,74,253,4104,-44,-32,-277,8465,-8,-3,240
59440,-92,199,4121,-4,-12,-88,8463,-7,-3,239
59460,164,228,4116,22,-18,-132,8462,-7,-3,240
59480,46,280,4086,-17,-25,-169,8459,-8,-3,240
59500,218,155,4105,-9,-14,-112,8458,-8,-3,240
59520,92,173,4097,1,-1,-188,8455,-8,-3,239
59540,-57,590,4070,-30,-31,-98,8453,-7,-3,240
59560,108,301,4086,-19,-27,-237,8450,-7,-3,240
59580,224,75,4128,-4,-39,-322,8446,-8,-4,240
59600,169,193,4032,-3,-29,-424,8441,-8,-4,240
59620,-253,844,4135,2,-50,-295,8435,-7,-4,239
59640,169,251,4098,-5,-30,-365,8431,-8,-3,240
59660,154,262,4118,17,-28,-349,8426,-8,-3,240
59680,66,307,4096,-5,-4,-290,8422,-7,-3,240
59700,177,47,4090,-22,-44,-402,8417,-8,-3,240
59720,109,241,4162,3,-41,-428,8410,-8,-3,239
59740,213,269,4130,-8,-28,-264,8406,-8,-3,240
59760,83,323,4101,-5,-18,-212,8403,-8,-3,239
59780,104,300,4093,-10,-25,-233,8399,-8,-3,240
59800,245,345,4122,11,-47,-459,8395,-8,-3,240
59820,-23,313,4105,1,-33,-617,8386,-8,-3,239
59840,241,322,4024,-34,-51,-689,8377,-8,-3,240
59860,194,290,4000,-55,-118,-979,8365,-8,-4,240
59880,82,288,4001,-125,-153,-1139,8350,-8,-4,240
59900,71,371,3745,-120,-207,-1214,8333,-9,-4,239
59920,-3,306,4022,-351,32,-1142,8316,-7,-6,240
59940,48,261,4366,226,-112,-974,8302,-7,-4,240
59960,342,343,4219,120,-29,-713,8291,-7,-4,239
59980,-372,635,3949,-99,-96,-476,8282,-7,-4,240
60000,-26,425,4015,-40,-72,-497,8275,-7,-3,240
60020,-50,385,4069,-59,-70,-463,8267,-7,-3,239
60040,108,224,4123,11,-10,-442,8261,-7,-3,240
60060,-22,223,4121,-25,-29,-334,8256,-7,-3,240
60080,168,342,4084,-11,-29,-308,8252,-7,-3,240
60100,118,365,4043,-24,-50,-284,8247,-7,-3,239
60120,65,345,4051,-14,-39,-257,8243,-7,-3,239
60140,102,238,4107,-3,-44,-215,8240,-7,-3,240
60160,40,248,4099,-50,-17,-66,8238,-7,-3,239
60180,85,279,4095,-6,-11,2,8238,-7,-3,240
60200,102,276,4094,-4,-8,4,8238,-7,-3,239
60220,106,276,4095,-3,-10,1,8238,-7,-3,239
60240,110,284,4092,-3,-7,-7,8238,-7,-3,240
60260,115,284,4099,-3,-7,-27,8237,-7,-3,239
60280,173,272,4115,16,6,-155,8236,-7,-3,240
60300,114,300,4087,-3,-35,-297,8232,-7,-3,239
60320,132,331,4078,-9,-35,-461,8227,-7,-3,239
60340,139,336,4076,-34,-81,-577,8219,-7,-3,240
60360,25,205,4036,56,-16,-642,8210,-7,-2,239
60380,207,145,4205,-83,-74,-588,8202,-7,-3,239
60400,17,307,4040,-28,-81,-490,8194,-7,-3,240
60420,67,292,4137,-47,-44,-376,8188,-7,-3,240
60440,19,253,4111,-54,-44,-324,8183,-7,-3,240
60460,188,140,4142,8,-32,-275,8178,-7,-3,240
60480,247,94,4177,37,-5,-342,8174,-7,-3,240
60500,19,326,4062,40,5,-282,8170,-7,-2,239
60520,60,306,4095,-3,-11,-212,8166,-7,-2,240
60540,48,304,4093,-45,-35,-102,8164,-7,-2,239
60560,52,335,4078,-6,-21,-100,8163,-7,-2,240
60580,85,311,4084,-10,-19,-72,8162,-7,-2,239
60600,75,271,4102,-5,-9,-4,8161,-7,-2,240
60620,110,281,4100,0,-7,0,8161,-7,-2,239
60640,106,281,4099,-2,-5,4,8161,-7,-2,239
60660,108,282,4096,-2,-8,3,8161,-7,-2,239
60680,109,278,4101,-3,-7,0,8161,-7,-2,239
60700,101,287,4096,-1,-6,2,8161,-7,-2,240
60720,99,265,4109,5,-1,46,8162,-7,-2,240
60740,88,308,4083,35,25,-1,8162,-7,-2,240
60760,56,352,4060,-52,-50,-9,8162,-7,-2,240
60780,282,195,4152,24,-5,-186,8160,-7,-2,239
60800,775,-218,4178,38,-63,-779,8153,-8,-2,239
60820,128,282,4135,-73,-60,-862,8140,-8,-2,240
60840,-226,407,4172,49,-57,-648,8130,-8,-2,240
60860,-120,335,4062,-43,-35,-307,8124,-7,-2,240
60880,-103,495,4023,-8,-68,-379,8119,-7,-2,240
60900,452,-202,4010,29,24,-589,8112,-7,-2,240
60920,180,-257,4006,28,-51,-927,8101,-8,-3,239
60940,188,160,4185,41,-11,-900,8088,-7,-2,239
60960,-440,879,4430,38,-51,-560,8078,-7,-2,239
60980,-60,412,4312,12,-77,-399,8072,-7,-2,240
61000,197,177,4105,-6,-23,-255,8068,-7,-2,239
61020,224,210,4112,-17,-20,-429,8063,-7,-2,240
61040,-28,274,4108,-14,-22,-306,8058,-7,-2,240
61060,157,224,4145,-7,-24,-269,8054,-7,-2,239
61080,317,178,4136,-7,-33,-438,8049,-8,-3,240
61100,152,244,4115,-6,-38,-511,8042,-8,-2,240
61120,-133,343,4174,-2,-31,-369,8036,-7,-2,239
61140,29,359,4069,-5,-30,-337,8031,-7,-2,239
61160,115,297,4083,-2,-17,-323,8027,-7,-2,239
61180,45,320,4089,-16,-30,-358,8022,-7,-2,240
61200,126,333,4076,-5,-24,-375,8017,-7,-1,239
61220,137,343,4013,-45,-45,-472,8010,-7,-2,239
61240,151,271,4124,35,-31,-540,8003,-7,-1,240
61260,69,301,4127,-3,-47,-497,7996,-7,-2,239
61280,123,253,4040,-54,-39,-471,7989,-7,-2,239
61300,241,250,4120,-26,-30,-454,7983,-7,-2,239
61320,48,276,4098,15,-17,-203,7979,-7,-2,239
61340,225,275,4141,-33,-51,-315,7975,-7,-2,240
61360,282,216,4136,-9,-36,-399,7970,-7,-2,240
61380,353,217,3942,-42,-11,-537,7964,-8,-3,239
61400,148,259,3970,-10,-41,-533,7956,-8,-3,240
61420,-39,277,3930,-7,-32,-483,7949,-7,-3,240
61440,-168,521,3992,-43,-57,-326,7943,-7,-2,240
61460,140,320,4100,-14,-22,-301,7939,-7,-2,240
61480,176,313,4090,-15,-33,-392,7934,-7,-2,239
61500,353,196,4124,55,-26,-496,7928,-7,-2,240
61520,533,301,3986,-31,-38,-642,7920,-8,-2,240
61540,82,223,4060,-41,-44,-745,7910,-8,-2,240
61560,-281,275,4141,-9,-32,-432,7902,-7,-2,239
61580,-33,264,4118,25,-29,-296,7897,-7,-2,239
61600,179,370,4063,0,-26,-282,7893,-7,-2,239
61620,293,318,4086,-34,-48,-353,7889,-7,-2,240
61640,260,192,4114,34,-18,-445,7884,-7,-2,240
61660,157,262,4109,-2,-27,-445,7877,-7,-2,240
61680,186,252,4110,14,-18,-503,7870,-7,-2,239
61700,195,311,4084,-9,-58,-583,7862,-7,-2,239
61720,154,325,4028,-2,-37,-448,7856,-7,-2,239
61740,-259,247,4083,-56,-29,-270,7850,-7,-2,240
61760,53,299,4096,-23,-39,-277,7847,-7,-2,240
61780,241,274,3982,-17,-5,-381,7842,-7,-2,239
61800,-60,270,4124,55,35,-383,7836,-6,-2,239
61820,-21,327,4041,41,26,-211,7833,-5,0,240
61840,287,255,4117,89,25,-422,7828,-5,0,240
61860,49,331,4057,73,24,-369,7822,-4,1,240
61880,-147,325,4070,-5,-27,-203,7818,-3,1,240
61900,36,307,4106,-3,-22,-197,7815,-3,1,240
61920,-87,324,4080,-60,-60,-5,7814,-3,1,240
61940,414,354,4081,-52,-57,-139,7813,-4,0,240
61960,313,172,4100,-2,-15,-329,7809,-4,0,239
61980,359,198,3985,-45,-85,-495,7803,-5,0,240
62000,88,407,3983,-76,-90,-378,7797,-5,0,239
62020,69,367,4123,-91,-120,-353,7792,-6,-1,239
62040,-45,423,3919,-73,-92,-267,7788,-7,-2,240
62060,-461,462,4072,-21,-71,-205,7783,-7,-1,240
62080,297,240,4091,-17,-21,-250,7780,-7,-1,240
62100,67,273,4106,11,-21,-287,7776,-7,-1,239
62120,-11,315,4213,-4,-33,-272,7773,-7,-1,239
62140,-38,234,4098,-11,-18,-230,7769,-6,-1,239
62160,159,200,4139,47,36,-335,7765,-6,-1,240
62180,166,338,4095,131,93,-350,7761,-4,0,239
62200,55,320,4062,106,66,-284,7757,-3,2,239
62220,65,289,4089,-7,-21,-317,7753,-3,2,240
62240,228,307,4071,-9,-35,-355,7748,-3,2,240
62260,-21,339,4118,4,-28,-309,7744,-3,2,239
62280,-189,383,4081,-8,-23,-156,7741,-2,2,239
62300,109,335,4107,2,-22,-245,7738,-2,2,239
62320,26,319,4098,-3,-18,-112,7736,-2,2,239
62340,42,308,4093,-4,-13,-83,7734,-2,2,240
62360,202,280,4117,2,-11,-89,7733,-2,2,240
62380,87,293,4096,0,-14,-81,7732,-2,2,240
62400,116,309,4102,1,-12,-80,7731,-2,2,239
62420,156,266,4102,-3,-10,-84,7730,-2,2,240
62440,255,197,4071,-17,-30,-242,7727,-3,2,240
62460,-56,490,4113,-11,-34,-226,7723,-3,2,240
62480,-84,439,4067,-58,-54,-106,7721,-3,2,240
62500,52,381,4093,-53,-59,-80,7720,-3,1,240
62520,96,293,4113,-21,-28,-75,7719,-4,0,239
62540,51,189,4128,-13,-18,-90,7718,-4,0,240
62560,100,301,4103,12,-4,-149,7716,-4,0,240
62580,51,345,4082,-16,-27,-170,7714,-4,0,240
62600,184,329,4059,-90,-91,-180,7711,-4,0,240
62620,144,285,4087,-48,-43,-150,7709,-5,0,239
62640,-4,269,4123,18,3,-111,7707,-5,0,239
62660,57,305,4089,-13,-16,-109,7706,-5,0,240
62680,86,302,4098,4,-12,-126,7704,-5,0,239
62700,73,324,4088,-22,-37,-134,7702,-5,0,240
62720,275,248,4130,-60,-79,-169,7700,-5,-1,239
62740,301,217,4074,-5,-39,-218,7698,-6,-1,239
62760,126,360,4014,-20,-24,-264,7694,-6,-1,239
62780,-45,364,4084,4,-31,-245,7691,-6,-1,240
62800,257,151,4119,-10,-26,-253,7687,-6,-1,239
62820,262,205,4092,-4,-23,-300,7683,-6,-1,239
62840,-5,331,4102,19,-5,-279,7679,-6,-1,240
62860,-338,383,4077,-34,-60,-182,7676,-6,-1,240
62880,43,305,4086,3,-13,-145,7673,-6,-1,239
62900,-16,334,4100,12,-6,-108,7671,-6,-1,239
62920,-52,195,4147,50,33,-63,7670,-5,0,240
62940,124,270,4122,92,55,-165,7668,-4,0,240
62960,58,290,4109,76,60,-155,7666,-3,1,240
62980,103,459,3954,-5,-30,-225,7663,-2,2,239
63000,86,295,4101,-2,-15,-242,7660,-2,2,239
63020,68,385,4071,-18,-55,-244,7656,-2,2,239
63040,49,307,4101,-3,-25,-219,7653,-2,2,240
63060,106,319,4029,-49,-75,-197,7650,-2,2,239
63080,21,368,4096,-30,-64,-391,7645,-3,2,240
63100,-2,302,4029,-96,-123,-473,7639,-3,1,240
63120,134,309,4067,-164,-180,-593,7632,-5,0,239
63140,260,246,4126,-46,-77,-776,7622,-6,-1,240
63160,-118,297,4141,-22,-57,-836,7610,-5,-2,239
63180,69,229,4128,59,-57,-767,7599,-5,-1,239
63200,57,240,4120,5,-59,-620,7589,-5,-1,240
63220,131,276,4124,6,-23,-431,7582,-5,-1,239
63240,39,308,4114,38,13,-213,7578,-5,-1,240
63260,40,339,4086,37,26,-5,7577,-4,0,240
63280,134,259,4110,26,15,-12,7577,-4,0,239
63300,186,204,4110,42,30,-90,7576,-4,0,239
63320,128,273,4097,102,85,-106,7574,-2,1,239
63340,-169,406,4128,4,-20,-88,7573,-2,1,239
63360,94,376,4091,-13,-18,-67,7572,-2,1,239
63380,92,326,4105,1,-9,-32,7571,-2,1,239
63400,122,315,4123,5,-10,-68,7570,-2,1,239
63420,178,256,4101,6,-11,-93,7569,-2,1,239
63440,28,344,4088,3,-9,-172,7567,-2,1,240
63460,-63,430,4065,-26,-65,-321,7563,-2,1,239
63480,56,254,4120,-40,-55,-296,7558,-3,1,240
63500,80,96,4122,2,-18,-289,7555,-3,1,240
63520,182,390,4048,-45,-31,-278,7551,-3,0,239
63540,92,347,4072,-47,-56,-234,7547,-3,0,239
63560,127,189,4058,-90,-92,-275,7543,-4,0,240
63580,72,195,4211,-38,-64,-383,7538,-5,-1,240
63600,91,189,4182,118,62,-457,7532,-4,0,240
63620,-134,548,4037,-78,-115,-343,7527,-3,1,239
63640,-8,544,3998,-7,-32,-185,7523,-2,1,239
63660,-52,339,4086,-1,-9,-75,7521,-2,1,239
63680,95,208,4096,-13,-29,-189,7519,-2,1,239
63700,-23,325,4117,-11,-39,-211,7516,-2,1,239
63720,191,295,4077,-14,-19,-179,7514,-2,1,239
63740,81,402,4056,-12,-24,-243,7510,-2,1,239
63760,112,295,4100,-22,-47,-297,7506,-2,1,239
63780,75,168,4122,3,-20,-274,7502,-2,1,239
63800,123,154,4071,-12,-18,-239,7498,-2,0,240
63820,212,230,4160,-10,-41,-310,7494,-3,0,239
63840,70,289,4092,3,-16,-340,7490,-3,1,239
63860,-268,280,4243,23,-42,-325,7485,-3,0,239
63880,-118,379,3999,-44,-59,-157,7482,-2,0,239
63900,-184,385,3943,14,-5,-103,7480,-2,0,239
63920,-97,410,4136,18,-9,-101,7478,-2,1,239
63940,42,340,4111,0,-2,1,7478,-2,1,240
63960,64,305,4101,-1,-6,0,7478,-2,1,239
63980,64,302,4103,-3,-6,2,7478,-2,1,239
64000,59,309,4096,-1,-6,1,7478,-2,1,240
64020,62,307,4101,-4,-6,4,7478,-2,1,239
64040,59,313,4099,1,-7,2,7478,-2,1,240
64060,61,313,4099,-1,-8,1,7478,-2,1,239
64080,60,311,4098,0,-8,2,7478,-2,1,239
64100,63,305,4101,0,-7,3,7478,-2,1,239
64120,60,307,4104,0,-7,2,7478,-2,1,239
64140,56,310,4098,-3,-8,3,7478,-2,1,239
64160,61,307,4096,-2,-5,4,7478,-2,1,239
64180,58,308,4097,-2,-9,4,7478,-2,1,239
64200,144,163,4100,-15,-18,-38,7478,-2,1,239
64220,607,-330,4310,3,-76,-455,7474,-2,0,239
64240,-176,319,3712,-108,-205,-683,7465,-3,0,239
64260,-165,484,4153,-136,-147,-552,7456,-3,0,239
64280,-72,894,4154,-65,-99,-340,7449,-2,1,239
64300,-120,761,4089,1,-22,-51,7447,-2,1,239
64320,279,414,4076,-7,-14,-140,7446,-2,1,239
64340,204,271,4142,2,-20,-269,7443,-3,1,240
64360,-219,82,4029,-17,-40,-289,7439,-3,1,239
64380,-12,186,4089,-51,-84,-463,7433,-3,1,240
64400,154,315,4083,-86,-97,-660,7425,-4,0,239
64420,-78,358,4113,-80,-99,-449,7417,-4,0,239
64440,48,327,4092,-18,-29,-247,7413,-4,-1,240
64460,-25,263,4175,64,36,-164,7410,-4,0,239
64480,143,225,4064,26,7,-203,7408,-3,0,239
64500,126,158,4094,-5,-48,-395,7403,-3,0,239
64520,204,229,3981,-141,-148,-596,7396,-4,-1,239
64540,284,290,3968,-32,-77,-896,7385,-5,-2,239
64560,247,310,4072,-8,-44,-973,7371,-5,-2,239
64580,-287,434,4198,16,-27,-476,7361,-4,-1,239
64600,66,259,4108,6,-12,-225,7358,-4,-1,240
64620,103,173,4097,26,3,-410,7353,-4,-1,239
64640,59,372,3964,-40,-65,-544,7346,-3,0,239
64660,174,247,4104,-42,-61,-500,7339,-4,-1,239
64680,88,207,4124,-41,-82,-546,7331,-4,-1,239
64700,-99,461,4133,107,90,-223,7326,-3,0,239
64720,94,549,4124,33,64,-190,7324,-2,0,239
64740,165,227,4037,-9,-53,-482,7319,-2,0,239
64760,59,284,4001,-31,-73,-421,7312,-2,0,239
64780,-148,305,4113,-4,-33,-312,7307,-2,0,239
64800,-25,343,4112,3,-22,-336,7303,-2,0,239
64820,65,368,3993,-8,-61,-437,7298,-2,0,239
64840,37,211,4301,27,-44,-639,7289,-2,0,239
64860,-47,290,4022,19,-25,-389,7282,-1,1,239
64880,180,369,4036,-29,-54,-356,7277,-1,1,239
64900,-105,421,4087,-14,-34,-286,7273,-1,0,239
64920,136,347,4138,2,-38,-386,7268,-1,1,239
64940,20,453,3801,-52,-112,-484,7262,-2,1,239
64960,42,267,4136,-5,-19,-106,7259,-1,1,239
64980,118,192,4099,-12,-23,-295,7255,-1,1,239
65000,-40,437,4053,-15,-34,-310,7251,-1,1,240
65020,90,334,4099,-16,-35,-319,7246,-1,1,239
65040,-3,361,4095,-9,-33,-391,7241,-1,1,239
65060,182,389,4001,-27,-65,-486,7235,-1,1,239
65080,-140,255,4086,-12,-37,-387,7228,-1,1,239
65100,-72,310,4109,-2,-27,-198,7225,-1,1,239
65120,51,319,4073,-17,-50,-261,7222,-1,1,239
65140,126,300,4107,-16,-38,-311,7217,-1,1,239
65160,93,299,4143,-8,-30,-368,7213,-1,0,239
65180,58,245,4126,2,-24,-383,7207,-1,1,240
65200,89,291,4107,6,-17,-470,7201,-1,1,238
65220,-84,376,4079,-4,-34,-368,7195,-1,1,239
65240,147,283,4148,6,-17,-397,7190,-1,1,239
65260,279,208,4156,18,-16,-618,7182,-1,1,239
65280,29,107,3982,-11,-58,-818,7172,-1,0,239
65300,-164,377,3896,-25,-43,-711,7160,-1,0,240
65320,-131,167,4127,3,4,-650,7151,-1,0,239
65340,-33,547,4039,-43,-72,-474,7144,-1,0,239
65360,56,222,4244,5,-41,-490,7137,-1,0,239
65380,225,253,4267,35,30,-381,7131,-1,0,239
65400,3,333,3973,-9,-74,-405,7125,-1,0,239
65420,55,362,4193,18,28,-349,7120,-1,0,239
65440,-40,324,4075,-14,-41,-273,7116,-1,0,239
65460,23,329,4062,-9,-43,-218,7112,-1,0,239
65480,391,337,4179,55,58,-445,7108,0,0,239
65500,-82,371,4050,-13,-50,-486,7101,0,0,239
65520,-2,358,4069,-32,-76,-500,7094,-1,0,238
65540,327,254,4180,27,13,-686,7086,-1,0,239
65560,100,358,4136,-3,-42,-649,7077,-1,0,239
65580,-105,265,4025,-20,-86,-549,7068,-1,0,239
65600,-121,197,4079,-3,-29,-264,7063,-1,0,240
65620,68,285,4109,-10,-17,-210,7060,-1,0,239
65640,115,218,4074,-19,-67,-363,7056,-1,0,239
65660,140,93,4160,-22,-59,-560,7049,-1,0,239
65680,-7,354,3948,-15,-27,-489,7041,-1,0,239
65700,-219,322,4122,-28,-44,-291,7036,-1,0,239
65720,-65,268,3944,-38,-65,-255,7032,-1,0,239
65740,283,309,4086,-55,-102,-419,7027,-1,0,239
65760,186,377,4173,16,-6,-560,7019,-1,0,239
65780,-36,245,4054,-30,-33,-445,7012,-1,0,239
65800,-162,407,4044,15,-71,-221,7008,-1,0,239
65820,67,276,4033,29,30,-334,7004,0,0,239
65840,205,357,4075,-26,-76,-315,7001,-1,0,239
65860,198,283,4095,8,-22,-561,6994,-1,0,239
65880,90,331,4219,22,-6,-457,6987,-1,0,239
65900,-40,95,4168,43,36,-535,6979,-1,0,239
65920,-124,363,4092,-20,-34,-152,6975,0,0,239
65940,79,277,4105,-19,-55,-267,6972,-1,0,239
65960,18,273,4092,-12,-46,-392,6967,-1,0,239
65980,146,348,4067,-7,-33,-433,6962,-1,0,239
66000,81,310,4115,8,-28,-484,6955,-1,0,239
66020,-18,248,4149,-5,-26,-380,6949,-1,0,239
66040,72,334,4109,-2,-21,-236,6945,-1,0,239
66060,194,285,4094,-1,-23,-428,6941,-1,0,239
66080,175,163,4158,-10,-31,-523,6934,-1,0,239
66100,-65,290,4105,-10,-32,-371,6928,-1,0,239
66120,1,334,4078,-8,-38,-272,6923,-1,0,239
66140,50,312,4052,-5,-26,-386,6918,-1,0,239
66160,167,273,4149,-13,-31,-489,6912,-1,0,239
66180,122,351,4095,24,-34,-655,6903,-1,0,239
66200,-18,321,4024,-22,-55,-517,6895,-1,0,239
66220,-41,251,4061,-6,-45,-415,6889,-1,0,239
66240,-23,279,4134,-13,-20,-383,6883,0,0,239
66260,133,288,4121,-2,-45,-441,6877,-1,0,239
66280,190,352,3998,-18,-61,-516,6871,0,0,239
66300,-157,407,4042,-11,-26,-149,6866,0,0,239
66320,95,323,4086,-6,-45,-246,6863,0,0,239
66340,-150,252,4113,5,-4,-115,6860,0,0,239
66360,159,194,4114,-3,-21,-343,6856,0,0,239
66380,-111,316,4102,-22,-36,-421,6850,0,0,239
66400,176,337,4110,-1,-11,-38,6849,0,0,239
66420,60,339,4096,-6,-14,-178,6847,0,0,239
66440,227,171,4126,-2,-42,-472,6842,0,0,239
66460,252,-162,4174,13,-14,-628,6835,0,0,239
66480,-47,351,4071,-42,-32,-139,6830,0,0,239
66500,45,282,4116,-3,2,-192,6827,0,0,239
66520,-29,241,4107,-5,-9,-40,6826,0,0,239
66540,124,293,4100,1,-4,2,6826,0,0,239
66560,37,299,4098,-3,-6,3,6826,0,0,239
66580,34,279,4108,-2,-5,4,6826,0,0,239
66600,52,290,4106,1,-5,1,6826,0,0,239
66620,116,304,4094,-3,-9,-14,6826,0,0,239
66640,180,312,4097,2,-19,-149,6824,0,0,238
66660,122,274,4065,-10,-14,-237,6821,-1,0,239
66680,296,-386,4126,-8,-10,-360,6817,-1,-1,239
66700,359,232,4892,183,-27,-517,6811,-1,-1,239
66720,396,-120,4480,-1,-121,-732,6801,-1,-1,240
66740,243,335,3879,-23,-107,-833,6790,-2,-1,239
66760,160,300,4121,35,-35,-952,6777,-2,-1,239
66780,-248,1191,3269,-88,-103,-1056,6763,-2,-1,239
66800,-648,288,4858,192,53,-738,6750,-2,0,239
66820,-305,302,4264,-8,-72,-606,6740,-2,-1,239
66840,-334,392,4170,19,-8,-354,6734,-1,0,240
66860,-137,341,4144,3,-14,-161,6731,-1,0,239
66880,67,316,4104,-10,-15,-85,6729,-1,0,239
66900,-13,336,4105,-3,-13,-52,6728,-1,0,239
66920,-1,383,4079,-6,-14,-54,6727,-1,0,239
66940,50,259,4097,-3,-10,-52,6727,-1,0,239
66960,-26,310,4104,0,-19,-64,6726,-1,0,239
66980,104,318,4087,-1,-14,-103,6724,-1,0,239
67000,85,279,4101,-3,-22,-148,6723,-1,0,239
67020,36,295,4096,3,-26,-188,6720,-1,0,239
67040,14,193,4102,-8,-12,-184,6718,-1,0,239
67060,249,427,4047,-5,-34,-353,6714,-1,0,239
67080,-53,352,4089,-45,-12,-258,6710,-1,0,239
67100,61,256,4120,-3,-16,-253,6706,0,0,239
67120,29,287,4107,3,-24,-214,6703,-1,0,239
67140,68,285,4105,0,-24,-205,6700,-1,0,239
67160,178,318,4105,-13,-26,-260,6697,-1,0,239
67180,199,215,4085,-3,-18,-318,6693,-1,0,239
67200,215,115,4085,3,-23,-382,6688,-1,0,239
67220,319,140,4115,7,-45,-527,6681,-1,0,239
67240,86,405,3903,-25,-62,-615,6673,-1,0,239
67260,-111,538,4008,-4,-35,-547,6665,-1,0,239
67280,-134,198,4260,22,43,-365,6658,-1,0,238
67300,34,209,4157,0,-42,-356,6653,-1,0,239
67320,76,229,4109,-6,-29,-295,6648,-1,0,239
67340,279,67,4271,-3,-41,-417,6643,-1,0,239
67360,135,154,4057,-6,-61,-542,6636,-1,0,239
67380,-231,315,4037,-59,-81,-409,6629,-1,0,239
67400,-146,365,4124,-176,-160,-276,6624,-2,-2,239
67420,142,260,4182,45,-17,-248,6621,-3,-4,240
67440,114,299,4056,23,-26,-438,6615,-4,-4,239
67460,147,123,4090,-23,-7,-359,6611,-3,-4,239
67480,-96,557,4115,80,27,-346,6605,-3,-3,239
67500,-36,286,4085,26,22,-115,6602,-2,-2,239
67520,22,253,4119,93,71,-203,6599,-1,-1,239
67540,231,296,4108,32,-21,-349,6595,0,0,239
67560,66,295,4129,-23,-46,-539,6588,0,0,239
67580,45,304,4164,16,-58,-586,6580,0,0,239
67600,27,276,4083,-34,-51,-504,6572,0,0,239
67620,-37,349,4033,-49,-32,-368,6566,0,0,239
67640,241,240,4153,0,-26,-327,6562,-1,-1,239
67660,233,195,4063,-32,-41,-365,6557,-1,-1,239
67680,248,293,4080,56,15,-573,6550,0,-1,239
67700,157,45,4068,-55,-42,-558,6542,0,-1,239
67720,119,317,4032,-28,-57,-609,6533,0,-1,239
67740,5,268,4097,-103,-135,-589,6525,0,-2,239
67760,150,246,4073,-237,-215,-579,6517,-3,-4,239
67780,-120,325,4014,16,-34,-545,6509,-3,-5,239
67800,-115,362,4124,17,6,-355,6503,-2,-5,239
67820,150,185,4122,-24,-53,-434,6498,-2,-5,239
67840,125,103,4218,-24,-60,-543,6491,-3,-5,239
67860,114,206,4084,16,-36,-557,6483,-3,-5,239
67880,-43,412,4212,4,-86,-480,6476,-2,-5,239
67900,-33,372,4650,69,-48,-671,6468,-2,-5,239
67920,-15,168,3938,-43,-127,-808,6457,-3,-5,239
67940,-369,566,4306,70,-101,-748,6445,-2,-5,239
67960,9,258,4093,-15,-71,-670,6435,-2,-5,239
67980,44,187,4171,-16,-27,-663,6426,-2,-5,239
68000,80,344,4140,97,24,-642,6418,-1,-4,239
68020,146,315,4110,102,64,-863,6407,0,-3,239
68040,168,192,4122,40,-60,-1024,6394,0,-2,239
68060,-31,129,4090,-43,-134,-967,6380,0,-2,239
68080,133,155,4053,-21,-56,-782,6368,0,-2,239
68100,22,225,4109,-3,-44,-589,6359,0,-2,239
68120,-11,301,4105,1,-49,-546,6351,0,-2,239
68140,-57,297,4110,-5,-38,-606,6343,0,-2,240
68160,-6,323,4105,-8,-64,-753,6333,0,-2,239
68180,92,370,4010,-29,-160,-737,6322,0,-2,239
68200,60,190,4123,-85,-146,-621,6313,-1,-4,239
68220,119,145,4118,-4,-51,-666,6304,-1,-5,239
68240,70,226,4111,-4,26,-720,6294,0,-5,239
68260,-60,193,4092,11,12,-675,6284,0,-4,239
68280,-5,273,4121,52,20,-519,6276,0,-3,239
68300,10,242,4053,-16,-33,-417,6270,1,-3,239
68320,30,311,4084,-13,-62,-632,6262,1,-3,239
68340,-116,365,3838,-86,-200,-817,6252,0,-3,239
68360,-129,479,4151,-30,-79,-849,6239,0,-3,239
68380,149,267,4200,75,58,-237,6233,0,-2,239
68400,126,346,4046,-15,-27,-51,6231,0,-2,239
68420,68,255,4123,4,-16,-237,6228,0,-2,239
68440,-36,240,4183,11,17,-290,6225,0,-2,239
68460,58,279,4217,-1,-35,-477,6219,1,-2,239
68480,112,189,4115,11,-49,-553,6212,0,-2,239
68500,118,351,4185,-4,-19,-471,6204,0,-2,239
68520,175,51,4170,16,-43,-528,6198,0,-2,239
68540,183,277,4083,11,-48,-697,6188,0,-2,239
68560,80,62,4125,30,23,-537,6180,0,-2,240
68580,88,172,4120,52,-18,-613,6172,1,-2,239
68600,45,240,4031,-38,-34,-635,6163,0,-2,239
68620,-18,319,3802,-58,-117,-677,6154,0,-2,239
68640,58,247,4022,-44,-68,-561,6145,0,-2,239
68660,193,306,4062,-59,-73,-659,6136,0,-3,239
68680,11,187,4051,39,-74,-582,6128,0,-2,239
68700,-139,387,3916,-63,-113,-547,6119,0,-3,239
68720,-150,559,4014,-31,-22,-247,6114,0,-3,239
68740,-128,359,4069,13,-1,-42,6112,0,-3,239
68760,222,309,4111,13,-4,-47,6112,0,-3,239
68780,262,197,4083,0,-16,-24,6111,0,-2,239
68800,313,196,3855,-43,-29,12,6111,0,-3,239
68820,278,10,3977,-52,-22,-360,6110,0,-2,239
68840,125,294,3950,-33,-22,-351,6105,0,-2,239
68860,135,259,4020,-24,-37,-248,6102,0,-2,239
68880,8,335,4134,-8,-18,-246,6098,0,-2,239
68900,9,228,4117,5,-17,-293,6095,0,-2,239
68920,139,172,4198,13,-25,-292,6090,0,-2,239
68940,149,131,4114,-15,-39,-441,6085,0,-2,239
68960,141,295,4202,-14,-67,-584,6078,0,-3,240
68980,-233,616,4145,7,-33,-492,6070,0,-3,239
69000,-10,325,4127,-10,-22,-466,6063,0,-2,239
69020,135,85,4183,-5,-23,-440,6056,0,-3,239
69040,114,187,4131,10,-20,-366,6051,0,-3,239
69060,8,284,4179,11,-9,-291,6047,0,-2,239
69080,-63,272,4140,6,-30,-322,6043,0,-2,240
69100,66,265,4122,6,-6,-280,6039,0,-2,240
69120,118,394,4112,18,-26,-307,6034,0,-2,239
69140,162,308,4130,1,-13,-408,6029,0,-2,239
69160,-63,448,4069,-18,-48,-578,6021,0,-2,239
69180,204,203,4291,-37,10,-527,6013,0,-2,239
69200,0,225,4164,-28,-50,-321,6007,0,-3,239
69220,315,331,3877,-67,-47,-373,6003,0,-3,239
69240,-44,392,4069,-4,-28,-352,5998,0,-3,240
69260,25,252,4112,-14,-50,-380,5993,0,-3,239
69280,-25,140,4121,-8,-33,-282,5988,0,-3,239
69300,-48,185,4129,15,-12,-181,5985,0,-3,239
69320,12,416,4051,-22,-39,-259,5981,0,-3,239
69340,84,152,4111,-9,-28,-152,5979,0,-3,240
69360,-106,194,4070,-7,-27,-27,5978,0,-4,240
69380,118,294,4040,-48,-46,-101,5977,0,-4,239
69400,154,345,4109,-66,-69,-216,5974,0,-4,240
69420,124,311,4080,-86,-85,-265,5970,-1,-5,239
69440,118,147,4133,-62,-76,-239,5967,-2,-6,239
69460,192,201,4059,-95,-85,-185,5964,-3,-7,239
69480,-150,282,4120,-5,-24,-144,5962,-3,-8,239
69500,225,354,4096,-9,-21,-133,5960,-3,-7,239
69520,78,373,4086,-11,-13,-76,5958,-3,-7,239
69540,186,272,4126,26,7,-131,5957,-3,-7,239
69560,126,200,4129,81,53,-197,5954,-2,-6,239
69580,140,240,4114,141,86,-255,5951,-1,-4,239
69600,75,351,4128,-7,-17,-212,5947,0,-3,239
69620,54,356,4086,-13,-39,-302,5944,0,-3,239
69640,168,299,4149,-3,-12,-376,5939,0,-3,239
69660,-16,49,4145,21,-39,-404,5933,0,-3,239
69680,45,147,4121,14,-15,-224,5929,0,-3,240
69700,260,194,4085,-34,-55,-227,5926,-1,-4,239
69720,327,408,4055,-45,-52,-338,5922,-1,-4,239
69740,419,359,3811,-139,-136,-458,5916,-2,-5,239
69760,327,301,3986,-307,-188,-567,5909,-4,-7,239
69780,33,241,4188,64,-98,-569,5900,-5,-7,240
69800,-156,235,4109,-56,-61,-520,5893,-5,-7,239
69820,-196,387,4064,-72,-103,-541,5886,-5,-8,239
69840,2,336,4088,-11,-23,-449,5879,-4,-8,239
69860,342,295,4111,-12,-10,-511,5872,-5,-7,239
69880,134,137,4133,-16,-34,-515,5865,-5,-7,239
69900,-61,213,4120,3,-18,-536,5857,-5,-7,239
69920,-32,156,4134,11,9,-604,5849,-4,-7,239
69940,49,173,4066,106,22,-627,5840,-3,-5,239
69960,106,249,4100,96,35,-418,5833,-2,-4,239
69980,-121,273,4061,-10,-22,-106,5830,-1,-4,239
70000,-35,266,4110,-4,-14,-67,5829,-1,-4,239
70020,-33,257,4070,-7,-5,-117,5828,-1,-4,239
70040,-418,105,4077,-46,-33,-7,5827,-1,-4,239
70060,81,262,4154,18,82,472,5832,-1,-4,239
70080,327,543,4151,25,17,271,5837,-1,-3,239
70100,539,414,4087,-2,-10,-3,5838,-1,-3,239
70120,75,267,4103,0,-9,1,5838,-1,-3,239
70140,85,259,4103,-3,-9,-35,5838,-1,-3,240
70160,87,301,4100,4,-15,-123,5837,-1,-3,239
70180,44,242,4112,3,-11,-108,5835,-1,-3,239
70200,49,266,4100,-5,-5,-7,5834,-1,-3,239
70220,83,279,4100,-4,-10,-35,5834,-1,-3,239
70240,108,287,4100,-2,-19,-153,5833,-1,-3,239
70260,169,242,4140,17,-5,-278,5829,-1,-3,239
70280,144,196,4143,3,-16,-271,5825,-2,-3,239
70300,32,276,4090,-10,-36,-289,5821,-1,-3,239
70320,47,237,4109,-16,-40,-296,5817,-2,-3,239
70340,115,347,4095,2,9,-136,5814,-2,-3,239
70360,80,255,4096,-2,-12,-109,5813,-2,-3,239
70380,55,285,4064,-35,-43,-237,5810,-2,-4,239
70400,-26,253,4136,2,-25,-328,5806,-2,-4,239
70420,34,152,4072,-20,-38,-279,5801,-2,-4,239
70440,-33,276,4008,-31,-51,-140,5799,-2,-4,239
70460,-2,277,4177,9,-12,-65,5797,-2,-4,239
70480,116,159,4176,64,45,-46,5796,-1,-4,239
70500,193,241,4128,-4,-3,2,5797,-1,-4,239
70520,210,334,4103,-2,-10,-22,5797,-2,-4,239
70540,82,291,4109,-1,-5,2,5796,-2,-4,239
70560,82,254,4108,-1,-9,1,5796,-2,-4,239
70580,74,263,4100,-1,-5,0,5796,-2,-4,239
70600,68,188,4108,-4,-12,-82,5796,-2,-4,239
70620,98,270,4105,3,-18,-187,5794,-2,-4,239
70640,57,211,4096,-5,-33,-323,5790,-2,-4,239
70660,91,175,4187,-23,-51,-388,5785,-2,-4,239
70680,46,257,4221,34,15,-313,5780,-2,-4,239
70700,68,296,4062,-23,-29,-179,5777,-2,-4,239
70720,34,247,4098,-11,-22,-185,5774,-2,-4,239
70740,80,245,4097,-6,-32,-160,5771,-2,-4,239
70760,121,282,4109,3,-12,-58,5770,-2,-4,239
70780,73,272,4100,-1,-8,2,5770,-2,-4,239
70800,69,268,4096,-2,-8,2,5770,-2,-4,239
70820,8,273,4099,-2,-8,-25,5770,-2,-4,239
70840,19,268,4116,-1,5,26,5769,-2,-4,239
70860,114,255,4105,-3,-7,-2,5770,-2,-4,239
70880,9,201,4105,1,-7,-42,5769,-2,-4,239
70900,-42,314,4098,-10,-22,-122,5768,-2,-4,239
70920,99,292,4094,3,-5,-52,5766,-2,-4,239
70940,92,325,4096,-3,-10,1,5766,-2,-4,239
70960,91,270,4103,3,-9,5,5766,-2,-4,239
70980,74,267,4100,2,-5,1,5766,-2,-4,239
71000,81,260,4103,2,-5,2,5766,-2,-4,239
71020,73,263,4102,-3,-6,0,5766,-2,-4,239
71040,75,265,4103,-3,-7,2,5766,-2,-4,240
71060,73,265,4106,1,-4,3,5766,-2,-4,239
71080,69,274,4102,-3,-8,3,5766,-2,-4,239
71100,70,261,4100,-2,-6,3,5766,-2,-4,239
71120,80,260,4107,0,-5,6,5766,-2,-4,239
71140,-18,254,4097,-1,-5,36,5766,-2,-4,239
71160,-219,128,4116,-2,16,281,5769,-2,-4,239
71180,-157,-74,4163,33,49,52,5771,-1,-4,239
71200,-483,247,3065,-158,24,251,5772,0,-4,239
71220,210,773,3797,8,-89,299,5776,0,-3,239
71240,755,480,4050,-5,-12,-6,5778,0,-3,239
71260,76,273,4096,-2,-12,1,5778,0,-3,239
71280,309,329,4093,-3,-20,-87,5777,-1,-3,239
71300,352,344,4114,-1,-13,-177,5776,-1,-3,239
71320,240,208,4128,14,-15,-364,5771,-1,-3,239
71340,103,121,4548,89,-70,-353,5766,-1,-3,239
71360,392,502,3702,-101,-49,-431,5760,-2,-3,239
71380,-223,355,5021,-137,-124,-679,5752,-2,-2,239
71400,561,367,4745,113,91,-664,5743,-2,-2,239
71420,576,251,4400,65,-21,-1110,5729,-4,-2,239
71440,-185,165,4031,-65,-21,-1026,5714,-3,-2,239
71460,-1118,-466,4182,-58,-37,-417,5705,-3,-1,239
71480,87,388,3942,-68,-80,-551,5699,-3,-2,239
71500,-2,265,4169,55,3,-599,5689,-3,-1,239
71520,538,107,4558,18,-71,-644,5682,-3,-1,239
71540,746,241,3996,-21,-101,-906,5671,-4,-1,240
71560,323,-237,4072,53,-146,-1232,5655,-4,-1,239
71580,-386,352,4142,-20,-124,-974,5639,-4,-1,239
71600,-659,574,4109,33,-17,-478,5630,-4,-1,239
71620,-208,188,4117,3,-8,-99,5627,-3,-1,239
71640,240,227,4092,-13,-35,-366,5623,-3,-1,239
71660,260,187,4075,-20,-65,-510,5617,-3,-1,239
71680,55,220,4114,5,-48,-577,5609,-4,-1,239
71700,24,226,4125,-17,-53,-575,5600,-4,-1,239
71720,129,245,4216,12,-26,-524,5593,-4,-1,239
71740,192,238,4088,-18,-59,-640,5585,-4,-1,239
71760,280,246,4200,44,-11,-700,5575,-4,-1,239
71780,149,313,4223,12,-61,-615,5566,-4,-1,240
71800,149,217,3998,-45,-75,-684,5557,-4,-1,240
71820,11,44,4021,-6,-71,-839,5546,-4,-1,239
71840,-81,138,4231,39,-52,-932,5533,-4,-2,239
71860,-184,520,3901,-57,-105,-777,5521,-4,-2,239
71880,89,450,4217,-19,-50,-623,5511,-4,-2,239
71900,174,120,4123,7,-76,-669,5502,-4,-1,239
71920,138,5,4134,24,-33,-824,5492,-4,-2,239
71940,-39,409,4147,5,-19,-468,5482,-3,-1,239
71960,86,543,4024,-11,-29,-296,5478,-3,-1,239
71980,120,169,4145,44,-36,-363,5473,-3,-1,239
72000,112,260,4094,-44,-34,-403,5468,-3,-1,240
72020,-148,-10,4357,6,-70,-636,5460,-3,-1,239
72040,268,185,4060,-39,-111,-1005,5448,-4,-2,239
72060,350,136,3870,-72,-107,-1310,5431,-4,-2,239
72080,78,323,4100,32,-72,-930,5415,-4,-2,239
72100,45,281,3963,-10,-28,-529,5407,-4,-3,240
72120,2,243,4255,9,-9,-631,5399,-4,-2,239
72140,-279,644,3865,-99,-136,-616,5390,-4,-2,239
72160,-105,445,4145,-55,-68,-507,5382,-3,-2,239
72180,155,225,4074,1,-34,-537,5374,-3,-2,240
72200,123,-25,4228,-30,-48,-678,5366,-3,-3,239
72220,132,128,3944,-5,-104,-875,5354,-3,-3,239
72240,17,165,3925,-85,-123,-966,5341,-4,-4,239
72260,-438,557,4113,11,-28,-671,5329,-3,-4,239
72280,420,181,4075,-17,-53,-606,5320,-4,-4,239
72300,375,515,3742,-142,-202,-825,5309,-5,-4,239
72320,265,489,4075,-111,-171,-934,5296,-5,-4,239
72340,90,233,4469,145,-92,-1017,5283,-6,-3,239
72360,-131,53,4070,17,-119,-999,5269,-6,-4,239
72380,-476,237,3964,-32,-72,-657,5258,-6,-4,239
72400,-117,429,4020,-38,-56,-360,5251,-6,-4,239
72420,-138,522,4059,-209,-197,-212,5247,-7,-5,239
72440,9,373,3989,-38,-46,-208,5244,-7,-5,239
72460,333,293,4069,-24,-61,-353,5240,-7,-5,239
72480,209,67,4123,25,-3,-344,5234,-7,-5,239
72500,254,287,4127,-4,-31,-613,5227,-8,-5,239
72520,121,235,4103,6,-61,-579,5218,-8,-5,239
72540,331,28,4095,84,46,-560,5211,-7,-5,239
72560,-138,375,3980,121,103,-601,5202,-6,-3,239
72580,-138,349,4105,37,8,-420,5195,-5,-3,239
72600,7,365,4160,46,8,-503,5188,-5,-2,239
72620,28,258,4277,41,0,-463,5182,-5,-2,239
72640,196,103,3957,-10,-39,-524,5175,-5,-3,239
72660,225,119,4120,-43,-95,-624,5167,-5,-3,239
72680,35,381,3621,-96,-85,-603,5158,-6,-3,239
72700,-161,410,4058,-28,-37,-480,5150,-5,-3,239
72720,-154,580,4068,-9,-15,-265,5145,-5,-3,239
72740,201,307,4068,-57,-66,-285,5141,-6,-3,239
72760,-88,258,4071,51,41,-290,5137,-5,-3,239
72780,44,231,4117,-3,-13,-127,5135,-5,-3,239
72800,150,215,4156,7,-16,-206,5132,-5,-3,239
72820,-5,312,4126,27,-14,-273,5129,-5,-2,239
72840,236,137,4100,-21,-45,-336,5124,-5,-3,239
72860,15,356,3919,-41,-79,-569,5117,-5,-2,239
72880,147,320,3945,8,-45,-552,5109,-5,-2,239
72900,109,236,4241,10,-53,-564,5100,-5,-2,239
72920,-209,408,4007,-175,-162,-465,5092,-5,-2,239
72940,72,381,3907,-233,-261,-511,5085,-5,-2,239
72960,67,380,4124,-78,-71,-560,5077,-5,-2,239
72980,-447,301,4351,89,77,-496,5068,-4,-1,239
73000,226,335,4055,-21,-43,-525,5062,-4,-1,239
73020,-138,420,4062,13,-43,-461,5055,-4,-1,239
73040,5,211,4091,-7,-26,-278,5049,-4,-1,239
73060,-1,261,4179,1,-23,-320,5044,-4,-1,239
73080,135,317,4070,-18,-48,-446,5039,-4,0,239
73100,-1,293,4060,-7,-22,-333,5034,-3,0,239
73120,296,194,4111,21,-2,-475,5028,-3,0,239
73140,-114,398,4001,-45,-83,-436,5022,-4,0,239
73160,170,241,4055,-15,-35,-292,5018,-3,0,239
73180,30,258,4015,-33,-48,-304,5013,-4,0,239
73200,-29,458,4258,49,-2,-247,5010,-3,0,239
73220,141,249,4056,-3,-37,-315,5006,-3,0,239
73240,-85,370,4100,-23,-36,-230,5002,-4,0,239
73260,55,266,4087,-13,-31,-303,4998,-4,0,239
73280,222,142,4056,-27,-41,-266,4994,-4,0,239
73300,-173,631,4121,28,-21,-197,4991,-4,-1,239
73320,163,344,4088,-8,-25,-185,4989,-4,0,239
73340,-4,313,4075,-7,-23,-124,4986,-4,0,239
73360,95,293,4095,-1,-5,-1,4986,-4,0,239
73380,142,315,4098,-6,-14,-130,4985,-4,0,239
73400,44,314,4083,-12,-25,-251,4982,-4,0,239
73420,97,271,4102,5,-17,-319,4978,-4,0,239
73440,71,262,4116,-5,-45,-377,4973,-4,0,239
73460,255,219,4200,14,66,-377,4967,-3,0,239
73480,75,331,4068,-3,-50,-495,4961,-4,0,239
73500,102,261,4106,-1,-39,-351,4955,-4,0,239
73520,231,243,4129,20,-13,-402,4950,-4,0,239
73540,159,13,4058,-11,-23,-513,4943,-4,0,239
73560,12,489,3999,10,-60,-428,4936,-4,0,239
73580,58,246,4229,26,-29,-543,4929,-4,0,239
73600,-34,593,4140,-11,-35,-558,4921,-4,0,239
73620,41,287,4033,2,-62,-771,4911,-3,0,239
73640,-9,483,4279,-2,0,-753,4900,-4,0,239
73660,24,349,3934,-14,-100,-619,4890,-4,0,239
73680,100,264,4148,-18,-28,-573,4882,-4,0,239
73700,360,85,4250,-106,14,-808,4873,-4,0,239
73720,-842,230,3627,-82,-210,-879,4859,-5,0,239
73740,-49,406,4023,-16,-113,-512,4851,-4,0,239
73760,106,282,4085,8,-80,-637,4843,-4,0,239
73780,158,227,4139,-11,-49,-819,4832,-4,-1,239
73800,250,360,4022,23,-52,-848,4820,-4,0,239
73820,168,292,3968,2,-123,-771,4809,-4,0,239
73840,-5,302,4189,-2,-79,-676,4799,-5,0,239
73860,-112,364,4132,-20,-89,-586,4790,-5,0,239
73880,5,328,4097,-37,-76,-498,4782,-5,0,239
73900,143,303,4078,-2,-45,-364,4776,-5,0,239
73920,19,382,4111,-4,-29,-250,4772,-5,0,239
73940,69,314,4118,3,-15,-166,4769,-5,0,239
73960,19,300,4098,-6,-24,-167,4767,-5,0,239
73980,180,202,4084,-11,-26,-208,4764,-5,0,239
74000,107,335,4082,-5,-24,-182,4761,-5,0,239
74020,8,472,4086,-11,-16,-166,4759,-5,0,239
74040,117,316,4089,-7,-26,-178,4756,-5,0,239
74060,122,293,4083,-12,-30,-201,4754,-5,0,239
74080,32,358,4078,-15,-53,-286,4750,-5,0,239
74100,-11,355,4086,5,-23,-254,4746,-5,0,239
74120,50,235,4097,-3,-17,-178,4743,-5,0,239
74140,92,325,4116,6,-18,-290,4739,-5,0,239
74160,-17,208,4107,-20,7,-406,4734,-5,0,239
74180,123,179,4068,-4,-37,-339,4729,-5,0,239
74200,126,331,4131,-9,-11,-264,4724,-5,0,239
74220,-137,273,4427,27,71,-277,4720,-5,0,239
74240,64,205,4202,38,20,-473,4714,-4,0,239
74260,-8,668,3996,-63,-41,-308,4708,-4,0,239
74280,32,457,4076,-1,-21,-107,4706,-4,0,239
74300,237,12,4087,-3,-18,-191,4704,-4,0,239
74320,33,444,4016,1,-10,-150,4701,-4,0,239
74340,99,200,4093,-15,-60,-375,4696,-4,0,239
74360,-136,283,4215,11,2,-448,4690,-3,0,239
74380,212,388,4157,39,-34,-628,4682,-3,0,240
74400,-118,433,4046,-27,-76,-538,4674,-4,0,239
74420,76,324,4024,-20,-68,-612,4666,-4,0,239
74440,38,368,4061,-6,-31,-401,4660,-3,0,239
74460,9,384,4078,-8,-61,-544,4653,-3,0,239
74480,148,566,3838,-89,-156,-823,4642,-4,0,239
74500,472,421,3980,-57,-121,-463,4634,-4,0,239
74520,448,-11,4144,43,-6,-622,4627,-5,0,239
74540,76,200,4028,-32,-5,-689,4617,-5,0,238
74560,227,286,3859,-49,-81,-740,4607,-5,0,239
74580,71,309,4076,-95,-140,-882,4595,-5,0,239
74600,-303,511,4171,66,-72,-759,4582,-5,1,240
74620,7,303,4173,-23,-89,-660,4572,-5,1,239
74640,48,353,4108,-33,-59,-518,4565,-5,1,239
74660,241,168,4242,12,-51,-659,4556,-5,1,239
74680,150,193,4127,4,-44,-701,4547,-5,1,239
74700,-75,557,3809,-49,-79,-579,4537,-5,0,239
74720,125,378,4134,6,-9,-555,4530,-5,0,239
74740,-100,437,3915,-27,-72,-503,4522,-5,1,239
74760,102,302,4178,6,-18,-499,4515,-5,1,239
74780,110,214,4010,0,12,-450,4508,-6,1,239
74800,127,319,4135,-59,-106,-578,4501,-6,1,239
74820,-83,359,3965,-69,-42,-387,4495,-6,1,239
74840,-303,499,4289,105,-12,-271,4490,-6,0,239
74860,67,168,4022,-21,-29,-185,4487,-6,0,239
74880,262,219,4116,-14,-68,-236,4484,-6,0,239
74900,290,219,4253,3,-44,-411,4479,-6,0,239
74920,557,338,4149,33,-12,-491,4472,-7,0,239
74940,-320,260,4307,-45,-71,-528,4464,-7,0,238
74960,-323,457,4022,-8,-20,-226,4460,-6,0,239
74980,98,317,4119,-8,-21,-224,4457,-5,1,239
75000,263,349,4095,-2,-37,-319,4453,-6,1,239
75020,180,296,4067,-31,-34,-418,4447,-6,1,239
75040,22,254,4166,-2,-35,-430,4441,-6,1,239
75060,-9,264,4147,49,-33,-419,4435,-5,1,239
75080,302,467,3820,-33,-61,-540,4428,-6,1,238
75100,46,340,3918,-7,-67,-518,4420,-6,1,238
75120,182,435,4086,-117,-54,-614,4412,-6,1,239
75140,144,445,4118,-31,-95,-669,4403,-6,1,239
75160,51,410,3844,-68,-53,-698,4393,-6,1,239
75180,-238,236,4088,5,-44,-531,4385,-6,1,239
75200,-178,295,4121,-5,-29,-328,4379,-5,1,239
75220,90,330,4123,-14,-16,-220,4376,-5,1,239
75240,195,355,4114,-31,-56,-729,4368,-5,1,239
75260,-268,203,4231,29,-73,-748,4357,-5,1,239
75280,-44,296,4118,21,3,-539,4348,-4,1,239
75300,-196,301,4150,35,5,-224,4344,-3,2,239
75320,437,189,4093,-2,-24,-221,4341,-3,2,239
75340,243,314,4095,-22,-45,-422,4336,-4,2,239
75360,152,313,4095,-18,-25,-458,4329,-4,2,239
75380,142,317,4124,-6,-28,-483,4323,-4,2,239
75400,46,243,4130,27,-31,-551,4315,-4,2,239
75420,29,311,3702,-96,-147,-534,4307,-5,1,239
75440,265,353,3592,-255,-102,-515,4299,-6,0,239
75460,35,394,3986,-32,-53,-455,4292,-5,1,239
75480,-64,361,4094,-6,-37,-352,4286,-4,1,239
75500,-176,351,4129,-5,-21,-190,4282,-4,1,239
75520,15,445,4086,-20,-47,-125,4280,-4,1,239
75540,74,338,4086,4,17,73,4281,-4,1,239
75560,204,109,4089,-8,-13,-41,4281,-4,1,239
75580,-15,385,4092,0,-11,-30,4280,-4,1,239
75600,54,361,4104,9,10,105,4281,-4,1,239
75620,384,209,4141,11,29,149,4283,-4,1,239
75640,293,237,3992,5,-53,79,4284,-5,1,239
75660,256,392,4259,10,85,-3,4284,-5,1,239
75680,-726,740,4508,170,26,-117,4284,-4,2,239
75700,-348,820,4359,4,-69,37,4283,-4,2,239
75720,283,65,4250,46,30,91,4284,-4,2,239
75740,471,74,4075,2,-18,-162,4283,-4,2,239
75760,429,-145,4180,5,-34,-516,4279,-5,2,239
75780,253,-70,3766,-70,-180,-1277,4265,-6,1,239
75800,314,429,4012,-78,-203,-1221,4247,-7,0,239
75820,424,185,3818,-135,-52,-853,4234,-6,0,239
75840,-7,236,4204,-2,-48,-799,4222,-6,0,239
75860,-201,298,3858,-100,-143,-841,4211,-6,0,239
75880,86,47,3992,50,-13,-957,4198,-5,0,239
75900,165,385,3926,-13,-39,-835,4185,-6,0,239
75920,63,480,3948,-62,-67,-689,4175,-6,0,239
75940,-217,500,4061,-1,-94,-586,4166,-6,1,239
75960,102,-10,4019,-11,-43,-698,4157,-5,1,239
75980,50,145,3586,-67,-186,-1170,4143,-6,0,238
76000,-364,737,4302,13,-89,-968,4127,-6,1,239
76020,84,574,3897,-16,-43,-571,4118,-5,2,239
76040,-190,340,4445,36,-67,-478,4110,-5,2,239
76060,267,305,4033,-48,-65,-422,4105,-5,1,239
76080,62,349,3976,23,-90,-514,4098,-5,1,238
76100,198,198,4217,20,-39,-727,4089,-5,2,239
76120,52,350,4250,90,23,-736,4079,-4,3,238
76140,-83,521,4134,-41,-48,-667,4068,-3,3,239
76160,52,349,3973,-18,-82,-550,4060,-4,3,239
76180,10,335,4097,-1,-20,-223,4056,-4,3,239
76200,102,309,4022,-42,-27,-174,4053,-4,3,239
76220,90,181,4100,-14,-17,-168,4051,-3,2,239
76240,-58,300,4023,-5,-40,-355,4047,-3,2,239
76260,-142,401,4076,-5,-27,-272,4042,-4,2,238
76280,109,312,4090,-8,-31,-187,4039,-3,2,239
76300,121,85,4168,8,-3,-411,4034,-3,2,239
76320,179,213,4270,52,-3,-529,4028,-3,2,239
76340,523,-15,4103,6,-63,-747,4019,-4,2,239
76360,181,29,4227,-68,-93,-999,4007,-3,1,239
76380,269,272,4126,10,-74,-1366,3989,-4,1,239
76400,3,421,4046,83,-128,-1586,3968,-4,2,239
76420,53,523,3649,-197,-375,-1807,3945,-4,0,239
76440,335,-152,4915,237,-71,-2078,3917,-4,1,239
76460,-739,772,3923,-50,-26,-1574,3891,-3,0,239
76480,-508,708,4251,-48,-21,-749,3876,-3,0,238
76500,-104,585,4019,-51,-83,-425,3870,-2,1,239
76520,-75,367,4032,-59,-82,-242,3865,-2,1,239
76540,61,295,4113,3,-5,2,3864,-2,1,239
76560,192,182,4088,-28,-44,-118,3863,-2,0,239
76580,248,52,4165,-59,-66,-496,3858,-3,0,239
76600,73,259,4084,3,-27,-527,3851,-3,0,239
76620,15,481,4047,34,18,-408,3844,-3,0,239
76640,-43,372,4047,-7,-32,-374,3839,-2,0,239
76660,81,219,4062,-10,-26,-463,3833,-2,0,239
76680,96,169,4127,-10,-54,-560,3825,-2,0,239
76700,295,482,4116,-31,-66,-531,3817,-2,0,239
76720,-16,538,4026,-38,-57,-410,3811,-2,0,239
76740,-27,411,4131,-74,-85,-251,3807,-3,0,238
76760,125,262,4074,-120,-116,-209,3804,-4,-1,239
76780,273,138,4112,-18,-45,-449,3799,-4,-2,239
76800,104,197,3987,-38,-82,-802,3789,-5,-2,239
76820,131,-22,4030,-33,-113,-1046,3775,-5,-3,239
76840,-186,344,4171,-33,-63,-619,3765,-5,-3,239
76860,50,521,4046,-36,-83,-426,3758,-5,-3,239
76880,49,303,4152,22,-32,-387,3752,-5,-2,239
76900,82,405,4528,35,-44,-445,3746,-5,-2,239
76920,-1,475,4068,-44,-51,-385,3740,-5,-2,239
76940,106,289,4123,6,-27,-319,3736,-5,-2,239
76960,48,165,4092,17,14,-297,3732,-4,-2,239
76980,110,533,4020,-29,-38,-307,3727,-4,-2,239
77000,-47,436,4102,-34,-50,-193,3724,-4,-2,238
77020,75,256,4051,-8,-19,-171,3721,-4,-2,239
77040,182,243,4139,-14,-21,-249,3718,-4,-2,239
77060,131,290,4176,-3,-15,-275,3714,-4,-2,239
77080,106,243,4100,5,-19,-258,3711,-4,-3,238
77100,388,73,4009,-38,-47,-363,3706,-5,-3,239
77120,-31,96,4081,-5,-38,-533,3699,-5,-3,239
77140,126,239,4323,99,62,-464,3692,-4,-3,239
77160,132,630,4222,155,88,-362,3686,-3,-1,239
77180,-140,728,3990,-34,-62,-165,3683,-3,-1,239
77200,-66,384,4054,-8,-19,-93,3682,-3,0,239
77220,47,229,4101,-8,-18,-84,3681,-3,-1,239
77240,208,252,4112,-18,-30,-168,3679,-3,-1,239
77260,164,416,4108,9,-12,-410,3674,-3,-1,239
77280,-108,310,4110,94,86,-256,3669,-2,0,238
77300,-196,102,4216,74,77,-277,3664,-1,0,239
77320,-55,300,4196,37,0,-418,3658,-1,0,239
77340,139,294,4089,6,-20,-166,3656,-1,0,238
77360,100,325,4104,3,-30,-256,3652,-1,0,239
77380,54,339,4082,-10,-42,-357,3648,-1,0,238
77400,42,313,4072,-13,-38,-375,3643,-1,0,239
77420,54,338,4083,-19,-29,-357,3637,-1,0,239
77440,120,215,4115,19,20,-226,3634,-1,0,239
77460,118,357,4098,-5,-19,-266,3630,-1,0,239
77480,353,380,4058,-34,-82,-583,3624,-1,0,239
77500,43,327,4152,-24,-87,-761,3613,-2,0,239
77520,-59,226,4267,75,76,-563,3605,-1,0,239
77540,-64,412,3953,-28,-90,-635,3597,-1,0,238
77560,-21,342,4112,-4,-34,-427,3590,-2,0,239
77580,154,417,4082,-8,-57,-482,3583,-2,0,238
77600,104,303,4142,-6,-94,-582,3576,-2,0,239
77620,-58,181,4099,0,-42,-472,3568,-2,0,239
77640,42,323,4075,1,-53,-339,3563,-2,0,239
77660,-8,298,4130,-8,-7,-341,3558,-2,0,239
77680,247,386,4082,-7,-35,-507,3552,-2,0,238
77700,36,291,4056,-1,-75,-551,3544,-2,0,239
77720,-94,256,4084,-11,-33,-370,3538,-2,0,239
77740,154,232,4112,0,-27,-351,3533,-2,0,239
77760,377,422,4045,-26,-59,-567,3526,-2,0,239
77780,122,378,3948,-42,-60,-636,3517,-2,0,239
77800,-227,175,4067,-12,-43,-472,3510,-2,0,239
77820,-130,124,4127,-10,-33,-395,3504,-2,0,239
77840,39,305,4090,-11,-37,-261,3500,-2,0,239
77860,83,308,4092,-10,-39,-338,3496,-2,0,239
77880,198,383,4140,13,-6,-438,3490,-2,0,239
77900,200,286,4100,-10,-44,-655,3482,-2,0,239
77920,-392,288,4134,2,-40,-402,3475,-2,0,239
77940,43,308,4090,-6,-31,-258,3471,-2,0,239
77960,108,265,4050,-6,-25,-287,3467,-2,0,239
77980,292,281,4047,-21,-37,-439,3463,-1,0,239
78000,168,222,4070,-21,-53,-391,3458,-2,0,239
78020,86,207,4203,-3,-34,-278,3454,-2,0,239
78040,189,358,4179,12,-4,-358,3449,-1,0,239
78060,1,368,4160,15,-9,-661,3440,-1,0,239
78080,46,229,4128,0,-34,-495,3433,-1,0,240
78100,15,181,4096,0,-7,-305,3427,-1,0,239
78120,83,207,4120,-3,-21,-260,3424,-1,0,239
78140,317,165,4147,31,3,-542,3418,-1,0,239
78160,-74,476,4193,-55,-121,-487,3410,-1,0,239
78180,7,307,4098,-21,-32,-251,3406,-1,0,239
78200,224,328,4068,-23,-73,-675,3401,-1,0,239
78220,141,435,4170,23,-6,-689,3390,-1,0,238
78240,-46,283,4208,-3,4,-568,3381,-1,0,239
78260,-61,297,4046,-14,-40,-337,3375,0,0,238
78280,146,155,4137,1,-11,-359,3370,-1,0,239
78300,-132,265,4114,-6,-7,-174,3367,0,0,239
78320,265,373,4117,0,-21,-381,3363,0,0,239
78340,-109,346,4068,-12,-20,-494,3356,0,0,239
78360,56,203,4102,-16,-30,-198,3352,0,0,239
78380,246,239,4057,-20,-45,-392,3348,0,0,239
78400,1,407,3932,-3,-28,-484,3341,-1,0,239
78420,-86,283,4158,-6,-44,-408,3335,-1,0,239
78440,-66,275,4117,-11,-34,-350,3330,-1,0,239
78460,5,357,4088,-42,-70,-428,3324,-1,0,239
78480,177,306,4055,-21,-69,-628,3316,-1,0,239
78500,-153,397,4093,-1,-42,-415,3308,0,0,239
78520,41,204,4092,-19,-33,-238,3304,0,0,239
78540,83,214,4127,9,-18,-338,3300,0,0,239
78560,71,414,4127,-17,-41,-410,3294,0,0,239
78580,432,7,4215,46,-9,-612,3287,0,0,239
78600,24,16,4234,14,-9,-468,3280,0,0,239
78620,-7,229,4097,1,-29,-249,3275,0,0,238
78640,-185,421,4130,-34,-64,-211,3271,0,0,239
78660,22,405,4084,-11,-25,-89,3269,0,0,239
78680,155,123,4170,-1,-17,-181,3267,0,0,238
78700,195,200,4137,16,-18,-231,3264,0,0,239
78720,215,306,4068,-84,-100,-358,3260,-1,-1,239
78740,307,196,4054,-130,-170,-496,3254,-3,-3,239
78760,-346,101,3992,-52,-67,-461,3246,-2,-3,239
78780,-2,416,4427,55,-30,-516,3238,-3,-3,239
78800,176,279,4102,161,87,-631,3230,-1,-1,239
78820,-206,648,4126,13,-49,-441,3223,0,0,239
78840,-182,418,4086,8,-4,-270,3218,0,0,239
78860,12,291,4117,19,-2,-229,3214,0,0,239
78880,108,270,4106,-15,-22,-207,3211,0,0,239
78900,-18,335,4085,3,-41,-198,3208,0,0,239
78920,-123,50,4126,-68,-63,2,3207,0,0,239
78940,90,236,4127,-23,-26,4,3207,-1,-1,239
78960,67,267,4110,17,11,1,3207,-1,-1,239
78980,55,287,4098,24,14,3,3207,0,0,239
79000,57,314,4093,23,14,12,3207,0,0,239
79020,24,321,4080,-10,-10,23,3208,0,0,239
79040,356,385,4140,-1,-8,-105,3207,0,0,239
79060,81,425,4128,28,15,-245,3204,0,0,239
79080,75,91,4141,49,-2,-270,3201,0,0,239
79100,-327,318,4048,-120,-83,-178,3197,0,0,239
79120,229,116,4138,47,-4,-270,3195,0,0,239
79140,-60,340,4051,-54,-56,4,3194,0,-1,239
79160,-251,675,4163,-66,-51,166,3195,-1,-2,239
79180,-588,1189,4032,113,166,1183,3206,0,-1,239
79200,-126,273,4322,53,108,1380,3225,1,0,239
79220,427,225,4024,-41,-156,854,3240,0,0,239
79240,181,-278,4052,-149,-85,500,3248,-1,-2,239
79260,456,-234,4154,31,28,83,3251,-1,-2,239
79280,-238,140,4242,-334,-296,362,3253,-2,-3,239
79300,577,-161,4095,68,38,184,3256,-3,-3,239
79320,543,267,3985,-75,-11,-80,3257,-3,-3,239
79340,-198,389,4183,31,-53,-528,3250,-3,-4,239
79360,20,401,4216,69,8,-545,3243,-3,-3,239
79380,-16,265,4199,17,-15,-339,3237,-3,-3,238
79400,420,987,4051,10,-20,-439,3232,-3,-3,239
79420,-246,878,3821,-176,-13,-80,3228,-3,-4,240
79440,61,299,3976,-35,38,339,3231,-3,-3,239
79460,100,-8,4070,43,26,229,3236,-3,-4,239
79480,441,-214,4109,11,-44,-312,3235,-3,-4,239
79500,191,610,4034,-22,-84,-453,3229,-3,-4,239
79520,194,581,3994,-119,1,-208,3225,-3,-4,239
79540,125,33,4252,-138,-9,-282,3222,-3,-7,239
79560,-94,-40,4362,343,-118,-464,3216,-3,-5,239
79580,145,109,4222,24,30,-520,3209,-2,-4,239
79600,332,453,3919,8,-106,-1064,3197,-1,-1,239
79620,553,-124,4589,173,-166,-1687,3175,-1,-1,238
79640,158,-299,4332,-48,-142,-1879,3150,0,-1,239
79660,-29,82,4733,91,-29,-1805,3125,1,-3,239
79680,168,433,4216,-30,-140,-1884,3100,0,-3,239
79700,24,641,3976,-67,74,-2232,3070,1,-3,239
79720,-406,835,2542,482,807,-2250,3039,8,0,239
79740,-134,95,4508,35,926,-1852,3011,25,-1,239
79760,83,282,4529,-21,-270,-1272,2991,24,-2,239
79780,238,447,3715,-70,-187,-1177,2974,23,-4,239
79800,-126,665,3500,-66,-162,-1243,2957,22,-4,239
79820,-205,496,3851,-66,-72,-1303,2939,22,-5,239
79840,-211,569,3922,-39,-108,-1220,2921,22,-6,239
79860,-273,171,4125,8,1082,-906,2907,28,-7,239
79880,-50,158,4241,15,9,-590,2897,29,-7,240
79900,366,-153,4187,28,-35,-742,2888,28,-8,239
79920,48,217,4052,6,-75,-874,2875,27,-8,239
79940,-331,415,4039,-26,-52,-479,2867,28,-8,239
79960,21,346,4048,-8,-31,-285,2861,27,-9,239
79980,-11,218,4112,8,-23,-182,2858,27,-9,239
80000,21,234,4112,-2,-11,-115,2857,27,-9,239
80020,211,359,4130,1,-5,-324,2853,27,-9,239
80040,199,240,4200,-23,-27,-536,2846,26,-9,239
80060,34,168,4148,11,-6,-642,2837,26,-9,239
80080,-112,226,4044,2,-45,-386,2830,26,-9,238
80100,-213,326,4067,2,-9,-108,2827,26,-9,239
80120,308,123,4080,-10,-20,-118,2826,25,-10,239
80140,209,165,4172,-3,-28,-215,2823,25,-10,239
80160,-18,287,4139,-1,-27,-231,2820,24,-10,239
80180,-62,352,4115,-5,-24,-229,2817,24,-10,239
80200,-241,450,4080,-5,-22,-180,2814,24,-10,239
80220,62,276,4104,-15,-32,-197,2811,24,-10,239
80240,141,197,4149,56,48,-6,2811,24,-10,239
80260,84,262,4122,6,2,1,2811,24,-10,239
80280,50,280,4106,0,-7,1,2811,23,-9,239
80300,51,280,4095,-5,-6,1,2811,23,-9,239
80320,52,276,4098,-3,-9,3,2811,23,-9,239
80340,205,216,4104,-4,-11,-41,2811,22,-9,239
80360,295,126,4078,-6,-27,-165,2809,22,-10,239
80380,214,247,4110,5,-32,-306,2805,21,-10,239
80400,-150,297,4223,44,20,-285,2801,21,-10,239
80420,-374,586,4145,3,-3,-58,2799,22,-9,239
80440,93,156,4105,-4,-14,-57,2798,22,-9,239
80460,-197,325,4116,12,-14,-144,2796,22,-9,239
80480,349,101,4071,6,-13,-296,2793,21,-9,239
80500,-63,268,4457,141,55,-465,2787,21,-9,239
80520,96,166,4463,25,-33,-640,2779,21,-9,239
80540,73,243,3986,52,-89,-990,2767,22,-9,239
80560,88,473,4299,-54,-194,-1166,2750,21,-10,239
80580,49,338,4369,34,-43,-779,2737,20,-11,239
80600,21,517,4095,-26,-72,-448,2729,20,-10,239
80620,59,285,4022,-9,-70,-632,2722,19,-10,239
80640,66,397,3859,-6,-93,-875,2711,19,-11,239
80660,46,367,3824,-9,-96,-1292,2695,18,-11,239
80680,63,537,3633,135,-187,-1302,2676,18,-11,239
80700,253,401,4241,-56,-118,-979,2660,18,-11,239
80720,149,322,4164,-65,-9,-752,2648,18,-12,239
80740,151,360,4205,-40,-66,-601,2639,18,-12,238
80760,166,155,4130,-14,-48,-760,2630,17,-12,239
80780,-19,378,4080,19,-5,-713,2619,17,-12,239
80800,-232,429,4056,-18,-54,-395,2612,17,-12,239
80820,74,291,4106,-6,-46,-364,2606,17,-12,238
80840,-208,383,3937,-29,-135,-396,2601,17,-12,238
80860,34,250,4125,-22,-37,-330,2595,16,-12,239
80880,-11,256,4102,7,-35,-323,2591,16,-13,239
80900,18,246,4103,4,-12,-151,2588,16,-13,239
80920,128,125,4117,3,-15,-108,2587,16,-13,239
80940,267,43,4120,6,-10,-323,2583,15,-13,239
80960,186,312,4106,4,-6,-468,2577,15,-13,239
80980,-66,505,4084,21,-5,-227,2572,15,-13,239
81000,126,260,4121,-2,-19,-144,2570,15,-12,239
81020,234,69,4090,-1,-16,-245,2567,15,-13,239
81040,71,204,4119,-3,-32,-418,2562,14,-13,239
81060,-201,292,4396,56,-48,-474,2556,14,-13,239
81080,61,292,4089,12,-38,-556,2548,14,-12,239
81100,-22,344,4020,-26,-62,-427,2542,14,-13,239
81120,185,168,4191,-34,-39,-385,2536,13,-13,239
81140,3,370,4062,17,-24,-303,2532,13,-13,239
81160,59,279,4211,17,-20,-379,2527,13,-13,239
81180,20,303,4009,-35,-51,-287,2522,12,-13,239
81200,95,382,4067,-17,-55,-418,2517,12,-13,239
81220,191,44,4105,-27,-41,-423,2511,12,-13,239
81240,118,212,3962,-4,-24,-467,2505,11,-13,239
81260,261,108,4366,42,18,-553,2498,11,-13,238
81280,226,45,4297,20,-26,-705,2489,11,-13,239
81300,-91,317,4422,38,59,-649,2479,11,-13,239
81320,275,239,4067,-17,-23,-752,2469,10,-15,239
81340,82,208,4041,14,8,-714,2459,10,-14,239
81360,131,122,4174,61,34,-689,2449,11,-13,239
81380,-13,331,3900,14,-24,-645,2440,11,-13,239
81400,-52,440,4138,-49,-77,-584,2431,11,-13,239
81420,-246,709,3992,-2,-30,-361,2425,11,-12,239
81440,-99,331,4080,-13,-43,-307,2421,11,-12,239
81460,25,332,4130,-9,-39,-375,2416,11,-12,238
81480,81,257,4168,25,-9,-423,2410,11,-12,239
81500,256,133,3995,-51,-65,-427,2404,10,-12,239
81520,296,422,3751,-78,-77,-594,2396,9,-13,239
81540,136,403,3963,-8,-32,-488,2389,10,-12,239
81560,187,169,4121,-28,-61,-557,2381,9,-12,239
81580,-8,248,4056,-12,-59,-628,2373,9,-13,239
81600,81,159,4114,-1,-50,-652,2364,8,-13,239
81620,23,178,4354,81,-4,-642,2355,9,-12,239
81640,232,-6,4131,6,-57,-798,2344,9,-12,239
81660,226,-106,4459,7,-67,-917,2332,8,-12,240
81680,-62,635,3016,-74,-144,-818,2319,7,-13,239
81700,114,62,4120,14,9,-849,2307,7,-13,239
81720,-519,678,4687,137,-19,-845,2295,8,-13,239
81740,-254,442,4005,-52,-76,-596,2285,7,-13,239
81760,9,258,4241,34,-21,-361,2279,7,-13,239
81780,423,-7,4251,14,-47,-636,2271,6,-13,239
81800,119,194,4226,43,-63,-716,2261,6,-14,239
81820,-167,404,4118,25,-37,-605,2252,6,-13,239
81840,-96,394,4109,21,-15,-584,2243,6,-13,239
81860,-175,387,4096,-27,-44,-344,2238,6,-13,240
81880,166,160,4114,-3,-18,-243,2234,6,-13,239
81900,211,303,4092,2,-20,-310,2230,6,-13,239
81920,144,207,4164,11,-34,-401,2225,5,-13,239
81940,-31,353,4080,0,-38,-394,2219,5,-12,239
81960,40,289,4030,-25,-49,-334,2215,5,-13,240
81980,23,343,4112,-13,-44,-336,2210,5,-12,239
82000,479,221,3768,-124,-71,-438,2205,4,-13,239
82020,57,245,4106,0,-29,-395,2199,4,-12,239
82040,456,77,4155,9,-42,-651,2191,4,-12,239
82060,146,285,4128,-10,-68,-807,2181,3,-13,239
82080,147,309,4187,-29,-65,-889,2169,3,-12,239
82100,169,190,4282,29,-87,-965,2155,2,-12,239
82120,-46,375,4095,-48,-99,-1014,2141,2,-13,239
82140,345,407,4043,5,-81,-1108,2126,1,-13,239
82160,-59,-33,4249,74,-46,-1123,2110,1,-12,240
82180,-20,298,4034,-38,-145,-1101,2094,0,-12,239
82200,150,193,4108,-53,-161,-1189,2078,0,-12,239
82220,180,303,4142,11,-68,-1276,2060,0,-12,239
82240,172,560,4093,-50,-162,-1325,2042,0,-12,239
82260,182,364,3864,-1,-13,-1394,2023,-1,-12,239
82280,-263,51,4641,-76,-200,-1206,2005,-1,-11,239
82300,-125,237,4178,-60,-84,-1000,1989,0,-11,239
82320,-298,307,4124,-9,-98,-599,1978,0,-11,239
82340,-136,133,4092,29,25,-264,1973,0,-11,239
82360,118,248,4118,1,-19,-120,1971,0,-11,239
82380,174,271,4072,-23,-41,-190,1969,0,-11,239
82400,101,258,4111,11,0,-190,1966,0,-11,239
82420,124,243,4109,-16,-26,-231,1963,0,-11,239
82440,105,300,4086,13,-8,-223,1960,0,-10,239
82460,-42,317,4144,9,-8,-225,1957,0,-10,239
82480,119,349,4118,-10,-41,-431,1952,-1,-10,239
82500,248,275,4237,70,32,-440,1945,-1,-10,239
82520,311,263,4167,13,-6,-330,1940,-1,-10,239
82540,251,146,4139,-10,-7,-363,1936,-1,-10,239
82560,19,315,4048,-17,-43,-396,1930,-2,-10,239
82580,-2,199,4090,12,-1,-193,1926,-2,-10,240
82600,-9,322,3961,-31,-66,-38,1924,-2,-10,239
82620,67,224,3971,-20,-49,-50,1924,-2,-10,239
82640,170,183,4250,-23,-46,-20,1924,-2,-10,239
82660,246,349,4030,-1,-8,-244,1922,-2,-10,239
82680,-9,319,4598,144,-88,-399,1917,-2,-9,239
82700,-197,232,3909,4,-39,-305,1912,-2,-9,239
82720,90,393,4012,3,-22,-216,1908,-2,-9,239
82740,-297,202,4060,15,-16,-267,1904,-2,-9,239
82760,82,299,4079,-4,-44,-221,1901,-2,-9,239
82780,187,348,4069,-18,-60,-376,1897,-2,-9,239
82800,-217,245,3963,-8,-51,-325,1892,-2,-9,239
82820,122,275,4054,-22,-39,-304,1888,-3,-9,239
82840,94,352,3988,-67,-113,-461,1882,-3,-9,239
82860,196,260,4172,72,44,-606,1874,-3,-9,239
82880,-238,185,4116,-48,-82,-461,1867,-3,-9,239
82900,2,271,4093,6,-4,-31,1864,-3,-9,239
82920,13,286,4036,-142,-119,-105,1863,-4,-10,239
82940,171,326,4216,-9,-81,-147,1861,-5,-11,239
82960,152,321,4090,2,-7,-5,1860,-5,-11,239
82980,332,69,4109,-12,-16,-74,1860,-5,-11,239
83000,550,-58,4134,-22,-50,-487,1856,-6,-12,239
83020,295,4,4108,-33,-49,-761,1846,-7,-12,239
83040,-166,267,4147,-16,-66,-762,1835,-7,-12,239
83060,-448,610,4115,55,3,-376,1828,-6,-11,239
83080,85,271,4107,-4,-19,-119,1826,-6,-11,239
83100,50,329,4089,-7,-15,-207,1823,-6,-11,239
83120,194,236,4096,-12,-27,-196,1821,-7,-11,239
83140,376,-42,4115,-9,-43,-379,1817,-7,-11,238
83160,-32,279,4097,13,-52,-490,1809,-7,-11,239
83180,-182,547,4093,1,-45,-299,1804,-7,-10,239
83200,96,107,4102,-3,-31,-287,1800,-7,-10,238
83220,180,-159,4120,11,-18,-506,1794,-7,-10,239
83240,205,78,4074,-2,-47,-611,1786,-7,-10,239
83260,-110,456,4112,34,-5,-545,1777,-7,-9,239
83280,-17,453,4161,11,-29,-337,1772,-7,-9,239
83300,98,155,4150,-3,-45,-335,1767,-7,-9,239
83320,182,12,4119,10,-31,-480,1761,-7,-9,239
83340,110,183,4046,-75,-88,-563,1753,-7,-9,239
83360,125,217,4045,-2,-36,-504,1746,-7,-9,239
83380,122,278,4063,-9,-20,-435,1740,-7,-9,238
83400,145,140,4191,38,-19,-386,1734,-8,-9,239
83420,367,171,4028,-64,-70,-553,1728,-8,-9,239
83440,257,329,4038,-37,-49,-534,1720,-8,-9,239
83460,-41,217,4078,16,-18,-458,1713,-8,-9,239
83480,62,609,4040,-37,-103,-420,1706,-9,-9,239
83500,146,625,3842,-63,-141,-455,1700,-9,-9,239
83520,165,128,4177,31,-24,-508,1693,-9,-9,239
83540,310,-56,4210,-33,-45,-728,1684,-9,-9,240
83560,164,178,4238,-63,-58,-757,1674,-9,-8,239
83580,-288,555,4094,19,-21,-549,1664,-9,-8,239
83600,-1,496,4092,-24,-57,-407,1658,-8,-8,239
83620,404,92,4148,-15,-33,-542,1651,-9,-8,239
83640,568,30,3942,-87,-79,-953,1640,-9,-8,239
83660,284,137,4659,65,-36,-1377,1623,-10,-8,239
83680,101,366,4019,87,242,-1390,1603,-9,-7,239
83700,-614,519,4068,-16,-74,-1117,1585,-7,-7,239
83720,-530,501,4099,-58,-71,-663,1573,-6,-7,239
83740,-58,-41,4147,5,-27,-419,1566,-6,-7,239
83760,477,-137,4057,-14,-25,-569,1559,-6,-7,239
83780,424,-69,4022,60,4,-741,1549,-6,-7,239
83800,44,505,4500,72,-78,-748,1539,-6,-7,239
83820,-9,568,3930,-95,-119,-593,1530,-7,-6,239
83840,43,408,4167,30,-25,-585,1522,-6,-6,239
83860,-408,300,4255,141,96,-171,1516,-5,-5,239
83880,-128,698,3957,-50,0,373,1519,-4,-2,240
83900,97,296,4116,-8,46,510,1525,-3,-2,239
83920,102,253,4074,-33,10,655,1533,-3,-2,239
83940,450,69,4227,40,65,340,1540,-3,-2,239
83960,229,429,4245,65,76,242,1544,-3,-2,239
83980,49,441,4115,-21,0,190,1546,-2,-2,239
84000,160,260,4083,-23,-13,54,1548,-3,-2,239
84020,-12,284,4107,2,-13,-22,1548,-3,-2,239
84040,49,315,4104,4,-19,-79,1547,-3,-2,239
84060,102,259,4117,-6,-5,-39,1546,-3,-2,239
84080,106,266,4086,-12,-20,-63,1545,-3,-2,239
84100,57,345,4105,14,4,-48,1545,-3,-2,239
84120,151,241,4093,-9,-13,-56,1544,-3,-2,239
84140,197,238,4107,-6,-12,-23,1544,-3,-2,239
84160,174,195,4124,24,9,-69,1543,-3,-2,239
84180,137,245,4004,-57,-51,-71,1542,-3,-2,240
84200,67,281,4146,14,3,-96,1541,-3,-2,240
84220,-74,506,4162,25,-21,-328,1537,-3,-2,239
84240,87,381,4050,-26,-56,-606,1530,-3,-1,239
84260,79,382,4101,-23,-64,-764,1520,-3,-1,239
84280,112,320,4034,-87,-109,-931,1508,-4,-1,239
84300,-1,341,3911,-79,-131,-1053,1493,-4,-1,239
84320,80,330,4045,-52,-104,-1123,1478,-4,-2,239
84340,215,233,4317,-15,-16,-1172,1462,-4,-2,239
84360,401,582,4304,-57,24,-1139,1445,-4,-2,239
84380,82,203,4123,-36,-95,-1135,1429,-4,-2,239
84400,-27,519,3993,-53,-132,-1157,1413,-5,-2,239
84420,424,199,4428,-84,164,-1243,1396,-3,-3,239
84440,84,233,4117,35,-87,-1399,1377,-3,-3,239
84460,-122,17,4214,48,-36,-1273,1358,-2,-2,239
84480,99,376,4090,18,-94,-1135,1342,-3,-2,240
84500,-163,372,4075,-86,-15,-829,1328,-2,-2,239
84520,124,293,3967,-50,-18,-532,1319,-2,-2,239
84540,98,243,4107,-14,-59,-398,1313,-2,-2,239
84560,157,272,4081,-4,-35,-334,1309,-2,-2,239
84580,-25,327,4051,-20,-49,-453,1303,-2,-2,239
84600,118,275,4142,19,-48,-696,1295,-3,-2,239
84620,187,218,4145,-24,-61,-961,1283,-3,-2,239
84640,113,419,4043,-42,-91,-951,1269,-3,-2,239
84660,-165,287,3997,-24,-158,-885,1256,-4,-2,239
84680,35,416,4057,9,-21,-895,1244,-4,-2,239
84700,15,383,4044,-34,-114,-983,1230,-4,-2,239
84720,69,398,4068,-30,-110,-1111,1215,-4,-2,239
84740,148,236,4150,-26,-152,-1465,1197,-4,-2,239
84760,-145,324,4209,4,-211,-1658,1174,-4,-1,239
84780,307,395,4248,9,-61,-1423,1152,-4,-1,239
84800,110,239,4134,-5,-75,-993,1136,-4,-1,239
84820,253,-30,4189,18,20,-742,1124,-3,-1,239
84840,-489,474,4307,125,2,-418,1116,-2,-1,239
84860,-38,287,4020,-11,18,-156,1113,-1,-1,239
84880,-146,339,4050,9,-60,-42,1112,-2,-1,239
84900,-444,574,4288,71,-260,-83,1110,-3,0,239
84920,13,259,4131,-2,5,-60,1110,-3,0,239
84940,56,276,4138,5,-21,-159,1108,-3,-1,239
84960,19,105,4012,-27,-82,-469,1103,-3,-1,239
84980,104,226,4023,-59,-80,-606,1095,-3,-1,239
85000,80,243,4090,-13,-38,-515,1087,-3,-1,239
85020,134,258,4082,-8,-41,-321,1082,-3,-1,239
85040,86,281,4120,5,-32,-327,1078,-4,-1,239
85060,350,365,4210,19,15,-364,1073,-3,-1,239
85080,108,387,4099,0,-21,-327,1068,-3,-1,239
85100,58,206,4053,-11,-42,-118,1065,-4,-1,239
85120,150,298,4113,-1,-7,-15,1065,-4,-1,239
85140,132,303,4104,-1,-12,-34,1064,-4,-1,239
85160,187,276,4100,10,-22,-228,1062,-4,-1,240
85180,324,236,4084,4,-26,-312,1058,-4,-1,239
85200,365,243,4020,-19,-37,-471,1052,-5,-1,239
85220,248,207,4082,-4,-61,-503,1045,-5,-1,240
85240,227,213,4050,26,-23,-579,1038,-5,-1,239
85260,197,331,4153,29,-29,-649,1029,-5,-1,239
85280,132,275,3805,-87,-107,-602,1020,-5,-1,239
85300,75,377,3948,32,15,-598,1011,-6,-1,239
85320,336,425,4189,-17,5,-674,1002,-5,0,239
85340,392,179,3953,-5,-26,-953,990,-7,-1,240
85360,28,258,4493,14,-141,-1181,975,-6,-1,239
85380,-209,504,4118,13,-16,-1131,958,-6,0,239
85400,-242,248,4590,-52,-37,-901,945,-6,0,239
85420,161,310,3990,-115,-118,-843,933,-6,0,239
85440,652,17,4162,-19,-86,-913,922,-7,0,240
85460,785,111,3960,-71,-147,-1326,906,-7,0,239
85480,-24,914,3803,-91,-38,-1459,885,-7,0,239
85500,-1056,200,4484,97,39,-982,868,-7,0,239
85520,-925,539,4235,35,-20,-385,859,-6,1,239
85540,-497,689,4046,41,-11,-164,856,-5,1,239
85560,558,131,4560,-113,-142,-530,851,-6,0,239
85580,-1929,549,3846,-331,-242,-60,843,-8,0,239
85600,119,259,4119,-178,-165,-124,841,-10,-3,239
85620,195,195,4097,-2,-19,-128,840,-10,-2,239
85640,184,224,4122,2,-16,-167,838,-10,-2,239
85660,26,448,4081,-11,-24,-179,836,-10,-2,239
85680,800,171,4109,-40,-11,-288,833,-10,-2,239
85700,588,-9,4552,518,238,-1582,815,-7,1,239
85720,-955,604,4247,91,13,-769,799,-5,2,239
85740,-569,246,4152,11,-14,-236,793,-4,3,239
85760,183,316,4094,-5,-12,-165,791,-4,3,239
85780,598,349,4019,-25,-40,-510,786,-4,3,239
85800,599,278,4046,16,-6,-917,775,-4,3,239
85820,478,375,3736,-118,-196,-1153,760,-5,2,239
85840,-41,309,4136,-43,-142,-1393,741,-6,2,239
85860,-321,196,4352,82,-25,-1109,724,-5,2,240
85880,-864,402,3962,-16,-50,-729,711,-5,2,239
85900,259,133,4186,72,-33,-831,700,-4,2,239
85920,186,210,4182,-4,-40,-848,689,-4,2,239
85940,136,189,4225,30,-29,-683,678,-4,2,239
85960,595,183,4165,-78,-87,-560,670,-4,2,239
85980,-3,368,4091,-10,-52,-520,662,-4,2,239
86000,95,206,4172,17,-28,-395,656,-4,2,239
86020,160,259,4165,-18,-2,-182,652,-4,1,239
86040,24,333,4083,-21,-22,-95,651,-4,1,239
86060,-115,417,4020,-5,-15,102,651,-3,1,239
86080,15,332,4070,-6,12,209,654,-4,1,239
86100,30,195,4112,0,9,224,657,-4,1,239
86120,-23,355,4059,-60,-37,221,660,-4,1,239
86140,207,31,4248,122,104,349,664,-4,1,239
86160,83,195,4150,41,45,626,672,-3,1,239
86180,80,286,4140,118,110,643,681,-3,1,239
86200,194,295,4172,56,102,581,690,-3,1,239
86220,198,278,4147,44,37,367,697,-4,1,239
86240,212,324,4133,28,33,100,700,-3,1,239
86260,76,317,4102,1,-7,2,700,-4,1,239
86280,70,309,4095,0,-9,1,700,-4,1,239
86300,58,325,4089,-15,-21,1,700,-4,1,239
86320,60,335,4081,-51,-48,8,700,-4,1,239
86340,95,290,4105,-39,-39,3,700,-5,0,239
86360,162,285,4126,-2,-10,-22,700,-5,0,239
86380,125,312,4106,27,10,-85,699,-5,0,239
86400,146,313,4066,-31,-58,-177,697,-5,0,239
86420,710,-109,4038,-98,-104,-515,692,-6,0,240
86440,118,75,4307,-82,-137,-828,682,-7,0,239
86460,126,140,4063,-115,-156,-990,669,-8,-2,239
86480,261,-58,4291,15,-99,-1152,653,-8,-1,239
86500,-146,263,4205,60,-24,-1112,637,-8,-1,239
86520,0,304,3927,49,41,-1069,622,-6,0,239
86540,-107,395,3871,136,-57,-974,608,-5,1,239
86560,266,74,4257,-56,-80,-1019,594,-5,1,239
86580,-559,184,4157,2,-54,-939,581,-3,2,239
86600,174,512,3989,-77,-121,-761,569,-4,1,239
86620,336,343,4108,0,-36,-445,561,-4,1,239
86640,17,168,4178,43,-7,-309,556,-4,1,239
86660,218,105,4281,33,-22,-580,549,-4,2,239
86680,44,393,4032,-9,-53,-787,539,-3,2,239
86700,-155,434,4112,21,-12,-708,529,-2,3,239
86720,-78,416,3967,-72,-109,-574,519,-2,3,239
86740,134,277,4041,-96,-113,-310,514,-3,2,239
86760,161,295,4118,-86,-95,-316,510,-5,0,239
86780,90,275,4138,-52,-82,-410,504,-5,0,238
86800,525,158,3869,-79,-37,-562,498,-6,-1,239
86820,539,120,3867,-95,-80,-660,490,-6,-1,239
86840,-26,361,3942,-66,-108,-708,480,-6,0,239
86860,-514,439,4287,209,122,-772,468,-5,0,239
86880,-4,554,4110,-64,-107,-468,460,-5,0,239
86900,626,-197,4328,56,-27,-696,452,-6,0,239
86920,-27,327,4203,-48,-92,-769,441,-6,0,239
86940,-173,432,4061,20,-30,-684,431,-6,0,239
86960,175,187,4121,-43,-42,-508,423,-6,0,239
86980,198,272,4144,130,84,-529,416,-4,1,239
87000,199,135,4169,-74,-103,-623,408,-4,0,239
87020,213,162,4080,18,-23,-706,398,-5,0,239
87040,-7,311,3955,48,5,-681,388,-4,1,239
87060,49,257,4042,-2,-31,-665,379,-3,2,239
87080,34,312,4041,41,21,-643,370,-3,2,239
87100,32,374,4151,17,-24,-643,360,-2,3,239
87120,183,155,4141,-105,-155,-635,351,-2,3,239
87140,227,173,4048,61,1,-877,340,-2,3,239
87160,86,302,4210,60,-1,-1082,326,-2,2,239
87180,-80,326,4110,-109,-140,-783,313,-3,1,239
87200,176,399,4106,-142,-178,-748,302,-5,0,239
87220,112,85,4114,-108,-126,-903,291,-5,0,239
87240,62,146,3986,-5,-70,-974,277,-5,0,239
87260,-27,263,4126,-3,20,-991,263,-4,0,239
87280,182,139,4264,-59,-95,-1050,249,-4,0,239
87300,154,369,4010,-29,-22,-1093,234,-4,0,239
87320,62,267,4115,-135,-124,-1162,218,-4,-1,239
87340,-84,272,4047,-44,-107,-1111,202,-4,0,239
87360,-58,154,4045,27,-47,-1133,186,-3,0,239
87380,-74,81,3964,-34,-94,-1136,170,-2,0,239
87400,4,773,4668,32,-113,-914,156,-2,0,239
87420,-157,678,3998,18,-6,-503,146,-2,0,239
87440,30,406,4110,30,-2,-359,141,-1,1,239
87460,108,424,4153,51,7,-378,136,-1,1,239
87480,309,215,4062,25,-1,-484,130,0,2,239
87500,-283,477,4080,-32,-78,-528,122,-1,2,239
87520,4,320,4076,-68,-79,-403,115,-1,1,238
87540,47,297,4132,-50,-76,-408,109,-1,0,238
87560,140,234,4128,-1,-32,-391,104,-2,0,239
87580,208,313,4105,48,18,-431,98,-1,0,239
87600,142,383,4122,69,14,-468,92,-1,1,239
87620,-107,283,4124,-67,-77,-412,86,0,2,239
87640,125,121,4179,9,-12,-378,80,0,2,239
87660,226,234,4116,-9,-40,-465,74,0,2,239
87680,155,393,3899,-74,-121,-541,67,0,2,239
87700,-106,378,4076,-2,-30,-621,58,0,2,239
87720,116,187,4045,-48,-74,-477,51,0,2,239
87740,24,293,4151,14,-9,-375,45,0,2,239
87760,132,322,4081,-13,-41,-324,40,0,2,239
87780,165,381,4047,-7,-23,-392,35,0,2,238
87800,400,291,4107,1,-27,-617,28,0,2,239
87820,19,388,4063,-8,-83,-670,18,0,2,239
87840,-36,281,3928,-60,-91,-613,9,0,2,239
87860,-117,168,4054,-39,-73,-464,2,0,2,239
87880,32,343,4166,-29,-63,-570,-5,0,1,239
87900,4,290,4256,-53,-111,-613,-13,0,1,239
87920,-60,387,3968,-15,-72,-505,-21,0,1,239
87940,172,381,4215,20,-3,-493,-28,0,1,238
87960,-207,173,4094,7,-9,-482,-35,0,1,239
87980,22,411,3985,-78,-114,-364,-41,-1,0,239
88000,-83,-24,4233,36,5,-291,-45,0,0,239
88020,51,320,4100,12,7,-172,-47,0,0,238
88040,63,310,4123,2,-20,-245,-50,0,0,239
88060,225,229,4138,-5,-24,-359,-54,0,0,239
88080,120,298,4103,-42,-75,-588,-62,0,0,239
88100,-23,372,4112,-34,-69,-645,-70,0,0,238
88120,35,205,4113,-79,-76,-564,-79,-1,0,239
88140,-85,203,4118,10,-16,-332,-85,-1,-1,239
88160,-1,261,4137,32,18,-112,-88,0,0,239
88180,59,349,4070,30,9,-170,-90,0,0,239
88200,156,345,4074,-48,-53,-355,-94,0,0,239
88220,281,295,4153,-118,-144,-595,-101,-1,-1,238
88240,-23,323,4063,-52,-77,-419,-108,-1,-1,239
88260,-116,227,4115,10,6,-191,-112,-1,0,239
88280,173,291,4119,154,107,-249,-115,0,0,239
88300,174,449,3985,-18,-56,-503,-120,0,0,239
88320,-66,224,4104,-28,-47,-640,-128,0,0,239
88340,-138,216,4099,-18,-3,-250,-135,0,0,239
88360,235,366,4103,-75,-94,-512,-140,0,0,239
88380,388,204,4136,1,-18,-707,-148,0,0,239
88400,-144,265,4096,-16,-82,-623,-158,0,0,239
88420,93,247,4119,-29,-51,-473,-166,0,0,239
88440,7,301,4045,-23,-63,-465,-172,0,0,238
88460,70,301,4092,-3,-35,-520,-179,0,0,239
88480,-100,343,4083,-15,-62,-602,-188,0,0,239
88500,173,150,4097,-19,-68,-552,-196,0,0,239
88520,-27,602,4258,-36,-72,-602,-205,0,-1,239
88540,275,76,4603,40,-86,-721,-215,0,-1,239
88560,798,-93,4148,-97,-137,-1292,-228,0,-1,239
88580,-371,403,4423,-21,-43,-921,-244,0,-1,239
88600,-26,50,3912,-15,-65,-508,-253,0,-1,239
88620,-215,-12,4129,-57,-116,-437,-260,0,-2,239
88640,-258,618,4060,-24,-71,-313,-266,0,-2,238
88660,143,470,4037,-24,-63,-482,-272,0,-2,239
88680,299,470,4204,15,-36,-776,-282,0,-1,239
88700,18,-194,4334,75,79,-678,-292,0,-1,238
88720,112,408,3996,-27,-81,-624,-298,0,-2,239
88740,174,280,4102,-5,-44,-502,-306,0,-2,239
88760,166,168,4104,-29,-33,-588,-315,-1,-2,239
88780,476,109,4010,-15,-58,-520,-321,-1,-2,239
88800,-102,737,4077,-1,-30,-504,-330,-1,-1,239
88820,267,364,4052,-1,-57,-621,-338,-1,-1,239
88840,-429,358,4016,-24,-55,-519,-348,-1,-1,238
88860,-218,164,4099,-6,-31,-241,-352,0,-2,239
88880,173,203,4106,-1,-28,-275,-356,0,-2,238
88900,45,283,4086,-8,-39,-342,-361,-1,-2,239
88920,248,141,4008,-38,-63,-458,-366,-1,-2,239
88940,-170,338,4069,-9,-47,-335,-372,-1,-2,239
88960,-511,329,4096,12,-16,-218,-377,-1,-2,239
88980,45,144,4135,-19,-4,-241,-379,0,-2,239
89000,34,314,4136,13,3,-2,-380,0,-2,239
89020,84,253,4103,1,-8,-16,-380,0,-2,239
89040,229,82,4099,-6,-14,-146,-381,0,-2,239
89060,-13,225,4065,-16,-12,-74,-383,0,-2,239
89080,29,220,4114,11,-3,51,-383,0,-2,239
89100,-94,36,4142,-11,17,166,-381,0,-2,239
89120,147,853,3940,-40,-56,216,-378,0,-2,239
89140,62,356,4105,-2,-6,1,-378,0,-2,239
89160,37,277,4104,2,-6,4,-378,0,-2,239
89180,44,285,4104,-3,-9,0,-378,0,-2,239
89200,47,288,4105,-1,-8,2,-378,0,-2,239
89220,65,274,4104,-1,-7,-4,-378,0,-2,239
89240,249,82,4123,11,-13,-102,-379,0,-2,239
89260,6,151,4098,2,-11,-74,-380,0,-2,239
89280,-196,377,4181,-33,-23,-2,-381,0,-3,239
89300,17,-211,4077,-7,-19,-57,-381,0,-2,239
89320,134,213,4009,-3,22,10,-381,0,-3,239
89340,381,334,4084,-11,-28,-168,-382,0,-2,239
89360,-74,245,4057,0,-13,-156,-385,0,-2,239
89380,-21,470,4098,0,-9,-63,-387,0,-2,238
89400,22,295,4097,-11,-35,-205,-390,0,-2,239
89420,-78,-122,4161,6,7,-221,-393,0,-2,239
89440,-33,218,4122,-3,-11,-44,-394,0,-2,239
89460,-789,103,4037,-34,-29,176,-393,0,-3,239
89480,254,667,4228,-4,-13,46,-391,0,-3,239
89500,-64,173,4140,18,-10,-46,-391,0,-2,239
89520,-463,-544,4052,-15,-88,134,-390,-1,-3,239
89540,675,762,4001,4,-10,124,-387,0,-2,239
89560,101,386,4074,-10,-9,-4,-388,-1,-2,239
89580,54,314,4100,-10,-8,6,-388,-1,-2,239
89600,50,287,4104,-8,-6,3,-388,-1,-2,239
89620,42,281,4104,0,-8,0,-388,-1,-2,239
89640,49,292,4099,-1,-8,3,-388,-1,-2,239
89660,50,285,4095,-4,-8,2,-388,-1,-2,239
89680,45,289,4102,-2,-7,-1,-388,-1,-2,239
89700,38,293,4101,5,-2,-3,-388,-1,-2,239
89720,46,291,4098,2,-6,-3,-388,-1,-2,239
89740,50,286,4108,-3,-8,-1,-388,-1,-2,239
89760,55,277,4100,-3,-5,-8,-388,-1,-2,239
89780,66,290,4092,3,-8,-59,-389,0,-2,239
89800,8,291,4107,-2,-7,-63,-390,0,-2,239
89820,53,324,4098,-6,-17,-118,-391,0,-2,239
89840,25,273,4108,-17,-22,-102,-393,0,-2,239
89860,40,264,4117,-3,-19,-79,-394,0,-2,239
89880,40,289,4102,-1,-10,-1,-395,0,-2,239
89900,51,277,4110,-4,-10,1,-395,0,-2,239
89920,22,256,4097,-6,-9,-13,-395,0,-2,239
89940,43,318,4093,-5,-10,2,-395,0,-2,239
89960,52,285,4106,-8,-10,5,-395,0,-2,239
89980,47,285,4109,-7,-7,2,-395,0,-2,239
90000,45,287,4105,-3,-3,3,-395,0,-2,239
90020,45,280,4100,8,3,-4,-395,0,-2,239
90040,40,289,4103,3,-2,-3,-395,0,-2,239
90060,40,289,4100,1,-3,-1,-395,0,-2,239
90080,38,293,4101,-2,-6,4,-395,0,-2,239
90100,43,295,4102,-4,-6,8,-395,0,-2,239
90120,44,286,4103,-4,-6,11,-395,0,-2,239
90140,44,291,4098,-3,-6,7,-395,0,-2,239
90160,39,293,4100,2,-7,4,-395,0,-2,239
90180,42,291,4098,-1,-8,4,-395,0,-2,239
90200,45,287,4104,-7,-7,2,-395,0,-2,239
90220,40,289,4099,2,-5,3,-395,0,-2,239
90240,37,289,4106,-1,-7,3,-395,0,-2,239
90260,44,291,4104,0,-7,1,-395,0,-2,239
90280,40,291,4102,0,-7,0,-395,0,-2,239
90300,43,288,4102,-1,-6,4,-395,0,-2,239
90320,35,294,4100,-3,-3,18,-395,0,-2,239
90340,-64,295,4108,3,6,81,-394,0,-2,239
90360,114,293,4101,-4,-3,53,-393,0,-2,240
90380,88,275,4102,-2,-3,18,-392,0,-2,239
90400,54,284,4096,3,-6,-1,-392,0,-2,239
90420,37,288,4106,11,-4,-6,-393,0,-2,239
90440,41,294,4100,7,-1,-1,-393,0,-2,240
90460,45,293,4100,3,-5,3,-393,0,-2,239
90480,39,293,4099,0,-5,6,-393,0,-2,239
90500,36,288,4100,7,-7,-1,-393,0,-1,239
90520,37,295,4102,6,-2,-5,-393,0,-1,240
90540,35,293,4095,11,-3,-6,-393,0,-1,239
90560,32,292,4098,28,-3,10,-393,0,-1,239
90580,43,309,4107,17,-4,18,-393,0,0,239
90600,42,304,4097,14,-6,5,-392,0,0,239
90620,34,307,4108,3,-6,6,-392,0,0,239
90640,37,310,4101,-6,-8,8,-392,0,0,239
90660,37,305,4096,-6,-6,10,-392,0,0,239
90680,40,303,4101,-5,-9,8,-392,0,0,239
90700,33,301,4096,-9,-9,10,-392,0,0,239
90720,39,303,4099,-8,-8,5,-392,0,0,239
90740,34,299,4101,-5,-8,4,-392,0,0,239
90760,37,299,4102,-7,-8,4,-392,0,0,239
90780,38,301,4105,0,-3,-1,-392,0,0,239
90800,36,304,4099,-2,-7,0,-392,0,0,239
90820,38,301,4095,0,-4,-2,-392,0,0,239
90840,36,305,4096,-1,-6,0,-392,0,0,239
90860,33,305,4099,2,-4,0,-392,0,0,240
90880,39,308,4101,0,-6,2,-392,0,0,239
90900,33,305,4100,-1,-7,1,-392,0,0,239
90920,36,305,4100,-4,-8,5,-392,0,0,240
90940,38,306,4102,-4,-7,5,-392,0,0,239
90960,34,303,4104,-4,-8,4,-392,0,0,239
90980,37,303,4103,-4,-10,1,-392,0,0,239
91000,37,303,4102,-2,-9,5,-392,0,0,239
91020,37,303,4107,0,-11,6,-392,0,0,240
91040,36,301,4098,-1,-5,3,-392,0,0,239
91060,38,299,4106,-1,-10,2,-392,0,0,239
91080,37,301,4102,-3,-8,4,-392,0,0,239
91100,32,304,4104,-1,-5,1,-392,0,0,239
91120,33,304,4102,-1,-6,-2,-392,0,0,239
91140,40,301,4100,0,-7,0,-392,0,0,239
91160,35,302,4096,0,-6,-1,-392,0,0,239
91180,38,303,4097,3,-4,0,-392,0,0,239
91200,35,303,4093,55,-5,-3,-392,0,0,239
91220,33,301,4093,31,-10,0,-392,0,0,240
91240,35,312,4105,3,-9,2,-392,0,0,239
91260,37,310,4104,-3,-9,8,-392,0,0,239
91280,35,306,4106,-3,-4,2,-392,0,0,239
91300,33,313,4100,-1,-6,4,-392,0,0,239
91320,33,312,4104,0,-4,1,-392,0,0,239
91340,31,311,4095,-1,-7,3,-392,0,0,239
91360,37,307,4100,-2,-5,5,-392,1,0,240
91380,35,308,4100,-1,-9,2,-392,1,0,239
91400,37,310,4102,-2,-5,1,-392,1,0,239
91420,37,304,4100,0,-8,0,-392,1,0,239
91440,34,309,4102,-3,-6,3,-392,1,0,240
91460,37,311,4095,-1,-7,4,-392,1,0,239
91480,37,314,4104,-1,-8,5,-392,1,0,240
91500,38,303,4096,-6,-7,6,-392,1,0,239
91520,37,309,4105,0,-6,2,-392,1,0,240
91540,31,311,4099,-5,-7,5,-392,1,0,240
91560,33,307,4102,-1,-9,3,-392,1,0,240
91580,35,312,4101,-1,-6,4,-392,1,0,239
91600,34,306,4099,0,-5,4,-392,1,0,240
91620,32,307,4105,-5,-9,-2,-392,1,0,239
91640,32,308,4104,3,-8,4,-392,1,0,239
91660,34,308,4101,-1,-9,4,-392,1,0,239
91680,33,307,4103,-2,-6,4,-392,1,0,239
91700,32,307,4104,-3,-7,0,-392,1,0,240
91720,33,312,4106,-1,-6,2,-392,1,0,239
91740,41,308,4098,-2,-7,1,-392,1,0,240
91760,32,307,4098,1,-8,-1,-392,1,0,240
91780,30,308,4104,3,-6,-2,-392,1,0,240
91800,34,330,4095,21,-5,-2,-392,1,0,240
91820,33,320,4104,3,-5,1,-392,1,0,239
91840,32,314,4098,-4,-9,7,-392,1,0,240
91860,30,310,4098,-4,-11,13,-392,1,0,240
91880,33,304,4097,-24,-13,10,-392,1,0,239
91900,38,302,4098,-5,-10,3,-392,1,0,240
91920,35,308,4101,0,-10,3,-392,1,0,240
91940,33,311,4100,1,-11,2,-392,1,0,239
91960,36,307,4094,-2,-9,4,-392,1,0,240
91980,31,303,4099,-3,-5,1,-392,1,0,240
92000,32,308,4102,2,-8,2,-392,1,0,240
92020,32,311,4100,-3,-7,2,-392,1,0,240
92040,34,309,4101,-1,-2,-1,-392,1,0,239
92060,34,305,4097,1,-1,-2,-392,1,0,240
92080,34,315,4100,-2,-3,-2,-392,1,0,240
92100,32,311,4100,-3,-5,0,-392,1,0,240
92120,32,310,4097,1,-6,-1,-392,1,0,240
92140,33,309,4097,3,-5,-2,-392,1,0,240
92160,35,317,4104,9,-9,2,-392,1,0,240
92180,34,314,4102,1,-8,8,-392,1,0,240
92200,32,311,4099,-4,-6,7,-392,1,0,240
92220,30,311,4098,1,-6,1,-392,1,0,240
92240,35,309,4101,-4,-10,0,-392,1,0,240
92260,38,310,4098,0,-8,2,-392,1,0,239
92280,34,316,4106,2,-9,4,-392,1,1,240
92300,31,311,4102,2,-8,-1,-392,1,1,240
92320,35,310,4101,23,-9,-2,-392,1,1,240
92340,34,311,4096,18,-6,-1,-392,1,1,240
92360,32,327,4105,14,-8,4,-392,1,1,239
92380,32,321,4108,-1,-8,7,-392,1,1,240
92400,36,321,4099,-3,-8,6,-392,1,1,240
92420,33,318,4098,0,-7,7,-392,1,1,239
92440,34,317,4101,-4,-3,5,-392,1,1,239
92460,38,315,4099,-3,1,2,-392,1,1,240
92480,29,321,4093,1,-5,-2,-392,1,1,239
92500,32,318,4096,-2,-5,1,-392,1,1,240
92520,31,320,4102,-2,-8,0,-392,1,1,239
92540,32,318,4095,-5,-11,4,-392,1,1,240
92560,26,332,4112,-23,-7,10,-392,1,1,240
92580,35,309,4096,-26,-7,8,-392,1,1,239
92600,38,312,4103,-24,-4,8,-392,1,1,240
92620,35,307,4095,-22,0,3,-392,1,0,240
92640,37,307,4095,-7,2,1,-392,2,0,240
92660,30,309,4093,-3,2,-9,-392,2,0,240
92680,231,330,4123,52,184,-26,-392,3,1,240
92700,-441,273,4026,18,170,-29,-392,7,1,240
92720,-136,284,4043,50,68,-11,-392,7,1,240
92740,-96,333,4085,16,13,0,-392,7,2,240
92760,-65,326,4085,-2,-15,6,-392,7,2,240
92780,-34,319,4094,-3,-18,6,-392,7,2,240
92800,-18,327,4100,0,-15,6,-392,7,2,240
92820,-3,322,4099,-3,-2,5,-392,7,2,239
92840,-8,323,4098,3,-1,3,-392,7,2,240
92860,-25,325,4096,0,-10,7,-392,7,2,240
92880,-21,323,4095,-1,-18,9,-392,7,2,240
92900,-6,327,4102,-2,-23,12,-392,7,2,240
92920,0,324,4096,0,-16,12,-392,7,2,240
92940,-1,325,4104,-1,-10,13,-392,7,2,240
92960,2,323,4105,-1,0,11,-392,7,2,240
92980,-2,327,4101,0,3,9,-392,7,2,240
93000,-7,325,4098,-3,3,10,-391,7,2,240
93020,-12,327,4100,-5,-9,9,-391,7,2,240
93040,-11,320,4096,-2,-15,6,-391,7,2,240
93060,-3,319,4104,-7,-15,7,-391,7,2,240
93080,2,327,4102,-7,-11,7,-391,7,2,240
93100,-8,319,4101,-11,-6,3,-391,7,2,240
93120,-4,320,4102,2,-9,4,-391,7,2,240
93140,-7,321,4097,-6,-9,4,-391,7,2,240
93160,-4,321,4095,-7,-7,1,-391,7,2,240
93180,-4,322,4095,-7,2,3,-391,7,2,240
93200,-11,322,4099,-1,-8,3,-391,7,2,240
93220,4,321,4102,0,-13,0,-391,7,2,240
93240,-4,324,4101,-7,-13,8,-391,7,2,240
93260,-5,316,4095,-11,-18,9,-391,7,2,240
93280,11,317,4101,-4,-16,4,-391,6,2,240
93300,-4,320,4096,1,-18,5,-391,6,2,240
93320,-15,314,4102,-2,-25,5,-391,6,2,240
93340,55,328,4111,1,-8,3,-391,6,2,240
93360,-41,313,4092,2,-25,6,-391,6,2,240
93380,6,317,4100,6,-44,6,-391,5,2,240
93400,-3,317,4101,4,-46,10,-391,5,2,240
93420,43,326,4102,-2,-29,11,-391,4,2,240
93440,43,321,4096,-18,32,3,-391,4,2,240
93460,11,312,4095,-13,36,-2,-391,5,2,240
93480,18,317,4096,-6,39,-4,-391,6,1,240
93500,-67,310,4099,-5,33,-2,-391,6,1,240
93520,-30,315,4092,-2,4,4,-391,6,1,240
93540,-23,316,4099,-2,-10,4,-391,6,1,240
93560,-8,321,4101,-11,-19,9,-391,6,1,240
93580,-6,313,4097,-22,-18,7,-391,6,1,240
93600,9,312,4098,-9,-30,5,-391,6,1,240
93620,9,315,4099,-3,-13,2,-391,6,1,240
93640,8,317,4099,-6,-3,4,-391,6,1,240
93660,-22,309,4099,-2,-34,7,-391,5,1,240
93680,8,318,4103,-2,-33,7,-390,5,1,239
93700,17,310,4096,-4,-32,4,-390,5,1,240
93720,25,315,4102,-5,-16,5,-390,4,1,240
93740,17,314,4101,0,-17,4,-390,4,1,240
93760,16,312,4099,1,-11,5,-390,4,1,240
93780,6,308,4099,0,-19,5,-390,4,1,240
93800,15,321,4109,-10,-13,5,-390,4,1,240
93820,29,315,4103,-4,-7,3,-390,4,1,240
93840,21,315,4100,-7,6,3,-390,4,1,240
93860,-24,305,4094,3,-29,7,-390,4,1,240
93880,-3,307,4096,6,-64,7,-390,3,1,240
93900,35,307,4096,1,-80,10,-390,2,1,240
